2026-07-02 04:35:13,550 1 WARNING ? odoo.tools.config: unknown option 'xmlrpc_port' in the config file at /opt/odoo/odoo.conf, option stored as-is, without parsing 
2026-07-02 04:35:15,959 1 WARNING ? odoo.tools.config: unknown option 'xmlrpc_port' in the config file at /opt/odoo/odoo.conf, option stored as-is, without parsing 
2026-07-02 04:35:18,275 1 WARNING ? odoo.tools.config: unknown option 'xmlrpc_port' in the config file at /opt/odoo/odoo.conf, option stored as-is, without parsing 
2026-07-02 04:35:20,376 1 WARNING ? odoo.tools.config: unknown option 'xmlrpc_port' in the config file at /opt/odoo/odoo.conf, option stored as-is, without parsing 
2026-07-02 04:35:22,900 1 WARNING ? odoo.tools.config: unknown option 'xmlrpc_port' in the config file at /opt/odoo/odoo.conf, option stored as-is, without parsing 
2026-07-02 04:35:26,070 1 WARNING ? odoo.tools.config: unknown option 'xmlrpc_port' in the config file at /opt/odoo/odoo.conf, option stored as-is, without parsing 
2026-07-02 04:35:30,820 1 WARNING ? odoo.tools.config: unknown option 'xmlrpc_port' in the config file at /opt/odoo/odoo.conf, option stored as-is, without parsing 
2026-07-02 04:35:39,345 1 WARNING ? odoo.tools.config: unknown option 'xmlrpc_port' in the config file at /opt/odoo/odoo.conf, option stored as-is, without parsing 
2026-07-02 04:35:54,352 1 WARNING ? odoo.tools.config: unknown option 'xmlrpc_port' in the config file at /opt/odoo/odoo.conf, option stored as-is, without parsing 
2026-07-02 04:36:21,697 1 WARNING ? odoo.tools.config: unknown option 'xmlrpc_port' in the config file at /opt/odoo/odoo.conf, option stored as-is, without parsing 
2026-07-02 04:37:15,212 1 WARNING ? odoo.tools.config: unknown option 'xmlrpc_port' in the config file at /opt/odoo/odoo.conf, option stored as-is, without parsing 
2026-07-02 04:37:15,221 1 INFO ? odoo: Odoo version saas~18.4 
2026-07-02 04:37:15,222 1 INFO ? odoo: Using configuration file at /opt/odoo/odoo.conf 
2026-07-02 04:37:15,223 1 INFO ? odoo: addons paths: _NamespacePath(['/opt/odoo/odoo/addons', '/opt/odoo/.local/share/Odoo/addons/saas~18.4', '/opt/odoo/addons']) 
2026-07-02 04:37:15,223 1 INFO ? odoo: database: odoo@host.docker.internal:5432 
2026-07-02 04:37:17,031 1 CRITICAL ? odoo.modules.module: Couldn't load module rpc 
2026-07-02 04:37:17,036 1 ERROR ? odoo.service.server: Failed to load server-wide module `rpc`. 
Traceback (most recent call last):
  File "/opt/odoo/odoo/service/server.py", line 1405, in load_server_wide_modules
    load_openerp_module(m)
  File "/opt/odoo/odoo/modules/module.py", line 392, in load_openerp_module
    __import__(qualname)
ModuleNotFoundError: No module named 'odoo.addons.rpc'
2026-07-02 04:37:17,069 1 CRITICAL ? odoo.modules.module: Couldn't load module web 
2026-07-02 04:37:17,075 1 ERROR ? odoo.service.server: Failed to load server-wide module `web`.
    The `web` module is provided by the addons found in the `openerp-web` project.
    Maybe you forgot to add those addons in your addons_path configuration. 
Traceback (most recent call last):
  File "/opt/odoo/odoo/service/server.py", line 1405, in load_server_wide_modules
    load_openerp_module(m)
  File "/opt/odoo/odoo/modules/module.py", line 392, in load_openerp_module
    __import__(qualname)
ModuleNotFoundError: No module named 'odoo.addons.web'
2026-07-02 04:37:17,098 1 INFO ? odoo.service.server: HTTP service (werkzeug) running on dab2ed17d1a7:8069 
2026-07-02 04:37:17,175 1 INFO ? odoo.sql_db: Connection to the database failed 
2026-07-02 04:37:17,219 1 INFO ? odoo.sql_db: Connection to the database failed 
2026-07-02 04:40:13,462 1 INFO ? odoo.service.server: Initiating shutdown 
2026-07-02 04:40:13,465 1 INFO ? odoo.service.server: Hit CTRL-C again or send a second signal to force the shutdown. 
2026-07-02 05:09:01,049 1 INFO ? odoo: Odoo version saas~18.4 
2026-07-02 05:09:01,050 1 INFO ? odoo: Using configuration file at /opt/odoo/odoo.conf 
2026-07-02 05:09:01,051 1 INFO ? odoo: addons paths: _NamespacePath(['/opt/odoo/odoo/addons', '/opt/odoo/.local/share/Odoo/addons/saas~18.4', '/opt/odoo/addons']) 
2026-07-02 05:09:01,052 1 INFO ? odoo: database: odoo@host.docker.internal:5432 
2026-07-02 05:09:02,315 1 CRITICAL ? odoo.modules.module: Couldn't load module rpc 
2026-07-02 05:09:02,316 1 ERROR ? odoo.service.server: Failed to load server-wide module `rpc`. 
Traceback (most recent call last):
  File "/opt/odoo/odoo/service/server.py", line 1405, in load_server_wide_modules
    load_openerp_module(m)
  File "/opt/odoo/odoo/modules/module.py", line 392, in load_openerp_module
    __import__(qualname)
ModuleNotFoundError: No module named 'odoo.addons.rpc'
2026-07-02 05:09:02,325 1 CRITICAL ? odoo.modules.module: Couldn't load module web 
2026-07-02 05:09:02,325 1 ERROR ? odoo.service.server: Failed to load server-wide module `web`.
    The `web` module is provided by the addons found in the `openerp-web` project.
    Maybe you forgot to add those addons in your addons_path configuration. 
Traceback (most recent call last):
  File "/opt/odoo/odoo/service/server.py", line 1405, in load_server_wide_modules
    load_openerp_module(m)
  File "/opt/odoo/odoo/modules/module.py", line 392, in load_openerp_module
    __import__(qualname)
ModuleNotFoundError: No module named 'odoo.addons.web'
2026-07-02 05:09:02,342 1 INFO ? odoo.service.server: HTTP service (werkzeug) running on 7a7e4622f729:8069 
2026-07-02 05:09:02,394 1 INFO ? odoo.sql_db: Connection to the database failed 
2026-07-02 05:09:02,440 1 INFO ? odoo.sql_db: Connection to the database failed 
2026-07-02 05:09:26,830 1 INFO ? odoo.service.server: Initiating shutdown 
2026-07-02 05:09:26,831 1 INFO ? odoo.service.server: Hit CTRL-C again or send a second signal to force the shutdown. 
2026-07-02 05:31:46,072 1 INFO ? odoo: Odoo version saas~18.4 
2026-07-02 05:31:46,073 1 INFO ? odoo: Using configuration file at /opt/odoo/odoo.conf 
2026-07-02 05:31:46,074 1 INFO ? odoo: addons paths: _NamespacePath(['/opt/odoo/odoo/addons', '/opt/odoo/.local/share/Odoo/addons/saas~18.4', '/opt/odoo/addons']) 
2026-07-02 05:31:46,075 1 INFO ? odoo: database: odoo@host.docker.internal:5432 
2026-07-02 05:31:47,907 1 CRITICAL ? odoo.modules.module: Couldn't load module rpc 
2026-07-02 05:31:47,908 1 ERROR ? odoo.service.server: Failed to load server-wide module `rpc`. 
Traceback (most recent call last):
  File "/opt/odoo/odoo/service/server.py", line 1405, in load_server_wide_modules
    load_openerp_module(m)
  File "/opt/odoo/odoo/modules/module.py", line 392, in load_openerp_module
    __import__(qualname)
ModuleNotFoundError: No module named 'odoo.addons.rpc'
2026-07-02 05:31:47,924 1 CRITICAL ? odoo.modules.module: Couldn't load module web 
2026-07-02 05:31:47,924 1 ERROR ? odoo.service.server: Failed to load server-wide module `web`.
    The `web` module is provided by the addons found in the `openerp-web` project.
    Maybe you forgot to add those addons in your addons_path configuration. 
Traceback (most recent call last):
  File "/opt/odoo/odoo/service/server.py", line 1405, in load_server_wide_modules
    load_openerp_module(m)
  File "/opt/odoo/odoo/modules/module.py", line 392, in load_openerp_module
    __import__(qualname)
ModuleNotFoundError: No module named 'odoo.addons.web'
2026-07-02 05:31:47,948 1 INFO ? odoo.service.server: HTTP service (werkzeug) running on 95a77a92c1a2:8069 
2026-07-02 05:31:48,021 1 INFO ? odoo.sql_db: Connection to the database failed 
2026-07-02 05:31:48,104 1 INFO ? odoo.sql_db: Connection to the database failed 
2026-07-02 05:41:00,844 1 INFO ? odoo.service.server: Initiating shutdown 
2026-07-02 05:41:00,850 1 INFO ? odoo.service.server: Hit CTRL-C again or send a second signal to force the shutdown. 
2026-07-02 07:31:12,716 1 INFO ? odoo: Odoo version saas~18.4 
2026-07-02 07:31:12,723 1 INFO ? odoo: Using configuration file at /opt/odoo/odoo.conf 
2026-07-02 07:31:12,724 1 INFO ? odoo: addons paths: _NamespacePath(['/opt/odoo/odoo/addons', '/opt/odoo/.local/share/Odoo/addons/saas~18.4', '/opt/odoo/addons']) 
2026-07-02 07:31:12,724 1 INFO ? odoo: database: odoo@localhost:5432 
2026-07-02 07:31:15,915 1 CRITICAL ? odoo.modules.module: Couldn't load module rpc 
2026-07-02 07:31:15,915 1 ERROR ? odoo.service.server: Failed to load server-wide module `rpc`. 
Traceback (most recent call last):
  File "/opt/odoo/odoo/service/server.py", line 1405, in load_server_wide_modules
    load_openerp_module(m)
  File "/opt/odoo/odoo/modules/module.py", line 392, in load_openerp_module
    __import__(qualname)
ModuleNotFoundError: No module named 'odoo.addons.rpc'
2026-07-02 07:31:15,926 1 CRITICAL ? odoo.modules.module: Couldn't load module web 
2026-07-02 07:31:15,926 1 ERROR ? odoo.service.server: Failed to load server-wide module `web`.
    The `web` module is provided by the addons found in the `openerp-web` project.
    Maybe you forgot to add those addons in your addons_path configuration. 
Traceback (most recent call last):
  File "/opt/odoo/odoo/service/server.py", line 1405, in load_server_wide_modules
    load_openerp_module(m)
  File "/opt/odoo/odoo/modules/module.py", line 392, in load_openerp_module
    __import__(qualname)
ModuleNotFoundError: No module named 'odoo.addons.web'
2026-07-02 07:31:15,947 1 INFO ? odoo.service.server: HTTP service (werkzeug) running on 8dd2de7a1d48:8069 
2026-07-02 07:31:15,949 1 INFO ? odoo.sql_db: Connection to the database failed 
2026-07-02 07:31:15,951 1 INFO ? odoo.sql_db: Connection to the database failed 
2026-07-02 07:41:35,226 1 INFO ? odoo.service.server: Initiating shutdown 
2026-07-02 07:41:35,234 1 INFO ? odoo.service.server: Hit CTRL-C again or send a second signal to force the shutdown. 
2026-07-02 07:41:42,691 1 INFO ? odoo: Odoo version saas~18.4 
2026-07-02 07:41:42,692 1 INFO ? odoo: Using configuration file at /opt/odoo/odoo.conf 
2026-07-02 07:41:42,692 1 INFO ? odoo: addons paths: _NamespacePath(['/opt/odoo/odoo/addons', '/opt/odoo/.local/share/Odoo/addons/saas~18.4', '/opt/odoo/addons']) 
2026-07-02 07:41:42,692 1 INFO ? odoo: database: odoo@host.docker.internal:5432 
2026-07-02 07:41:44,002 1 CRITICAL ? odoo.modules.module: Couldn't load module rpc 
2026-07-02 07:41:44,003 1 ERROR ? odoo.service.server: Failed to load server-wide module `rpc`. 
Traceback (most recent call last):
  File "/opt/odoo/odoo/service/server.py", line 1405, in load_server_wide_modules
    load_openerp_module(m)
  File "/opt/odoo/odoo/modules/module.py", line 392, in load_openerp_module
    __import__(qualname)
ModuleNotFoundError: No module named 'odoo.addons.rpc'
2026-07-02 07:41:44,022 1 CRITICAL ? odoo.modules.module: Couldn't load module web 
2026-07-02 07:41:44,023 1 ERROR ? odoo.service.server: Failed to load server-wide module `web`.
    The `web` module is provided by the addons found in the `openerp-web` project.
    Maybe you forgot to add those addons in your addons_path configuration. 
Traceback (most recent call last):
  File "/opt/odoo/odoo/service/server.py", line 1405, in load_server_wide_modules
    load_openerp_module(m)
  File "/opt/odoo/odoo/modules/module.py", line 392, in load_openerp_module
    __import__(qualname)
ModuleNotFoundError: No module named 'odoo.addons.web'
2026-07-02 07:41:44,046 1 INFO ? odoo.service.server: HTTP service (werkzeug) running on 85b4c0b2532b:8069 
2026-07-02 07:42:44,341 1 ERROR my_database odoo.sql_db: bad query: b"\n            SELECT latest_version\n            FROM ir_module_module\n             WHERE name='base'\n        "
ERROR: relation "ir_module_module" does not exist
LINE 3:             FROM ir_module_module
                         ^
 
2026-07-02 07:42:44,343 1 WARNING my_database odoo.addons.base.models.ir_cron: Tried to poll an undefined table on database my_database. 
2026-07-02 07:42:45,341 1 ERROR my_database odoo.sql_db: bad query: b"\n            SELECT latest_version\n            FROM ir_module_module\n             WHERE name='base'\n        "
ERROR: relation "ir_module_module" does not exist
LINE 3:             FROM ir_module_module
                         ^
 
2026-07-02 07:42:45,351 1 WARNING my_database odoo.addons.base.models.ir_cron: Tried to poll an undefined table on database my_database. 
2026-07-02 07:43:44,465 1 ERROR my_database odoo.sql_db: bad query: b"\n            SELECT latest_version\n            FROM ir_module_module\n             WHERE name='base'\n        "
ERROR: relation "ir_module_module" does not exist
LINE 3:             FROM ir_module_module
                         ^
 
2026-07-02 07:43:44,467 1 WARNING my_database odoo.addons.base.models.ir_cron: Tried to poll an undefined table on database my_database. 
2026-07-02 07:43:46,505 1 ERROR my_database odoo.sql_db: bad query: b"\n            SELECT latest_version\n            FROM ir_module_module\n             WHERE name='base'\n        "
ERROR: relation "ir_module_module" does not exist
LINE 3:             FROM ir_module_module
                         ^
 
2026-07-02 07:43:46,506 1 WARNING my_database odoo.addons.base.models.ir_cron: Tried to poll an undefined table on database my_database. 
2026-07-02 07:44:44,604 1 ERROR my_database odoo.sql_db: bad query: b"\n            SELECT latest_version\n            FROM ir_module_module\n             WHERE name='base'\n        "
ERROR: relation "ir_module_module" does not exist
LINE 3:             FROM ir_module_module
                         ^
 
2026-07-02 07:44:44,606 1 WARNING my_database odoo.addons.base.models.ir_cron: Tried to poll an undefined table on database my_database. 
2026-07-02 07:44:47,647 1 ERROR my_database odoo.sql_db: bad query: b"\n            SELECT latest_version\n            FROM ir_module_module\n             WHERE name='base'\n        "
ERROR: relation "ir_module_module" does not exist
LINE 3:             FROM ir_module_module
                         ^
 
2026-07-02 07:44:47,649 1 WARNING my_database odoo.addons.base.models.ir_cron: Tried to poll an undefined table on database my_database. 
2026-07-02 07:45:44,764 1 ERROR my_database odoo.sql_db: bad query: b"\n            SELECT latest_version\n            FROM ir_module_module\n             WHERE name='base'\n        "
ERROR: relation "ir_module_module" does not exist
LINE 3:             FROM ir_module_module
                         ^
 
2026-07-02 07:45:44,767 1 WARNING my_database odoo.addons.base.models.ir_cron: Tried to poll an undefined table on database my_database. 
2026-07-02 07:45:48,825 1 ERROR my_database odoo.sql_db: bad query: b"\n            SELECT latest_version\n            FROM ir_module_module\n             WHERE name='base'\n        "
ERROR: relation "ir_module_module" does not exist
LINE 3:             FROM ir_module_module
                         ^
 
2026-07-02 07:45:48,828 1 WARNING my_database odoo.addons.base.models.ir_cron: Tried to poll an undefined table on database my_database. 
2026-07-02 07:46:44,923 1 ERROR my_database odoo.sql_db: bad query: b"\n            SELECT latest_version\n            FROM ir_module_module\n             WHERE name='base'\n        "
ERROR: relation "ir_module_module" does not exist
LINE 3:             FROM ir_module_module
                         ^
 
2026-07-02 07:46:44,926 1 WARNING my_database odoo.addons.base.models.ir_cron: Tried to poll an undefined table on database my_database. 
2026-07-02 07:46:49,941 1 ERROR my_database odoo.sql_db: bad query: b"\n            SELECT latest_version\n            FROM ir_module_module\n             WHERE name='base'\n        "
ERROR: relation "ir_module_module" does not exist
LINE 3:             FROM ir_module_module
                         ^
 
2026-07-02 07:46:49,943 1 WARNING my_database odoo.addons.base.models.ir_cron: Tried to poll an undefined table on database my_database. 
2026-07-02 07:47:45,084 1 ERROR my_database odoo.sql_db: bad query: b"\n            SELECT latest_version\n            FROM ir_module_module\n             WHERE name='base'\n        "
ERROR: relation "ir_module_module" does not exist
LINE 3:             FROM ir_module_module
                         ^
 
2026-07-02 07:47:45,086 1 WARNING my_database odoo.addons.base.models.ir_cron: Tried to poll an undefined table on database my_database. 
2026-07-02 07:47:51,089 1 ERROR my_database odoo.sql_db: bad query: b"\n            SELECT latest_version\n            FROM ir_module_module\n             WHERE name='base'\n        "
ERROR: relation "ir_module_module" does not exist
LINE 3:             FROM ir_module_module
                         ^
 
2026-07-02 07:47:51,092 1 WARNING my_database odoo.addons.base.models.ir_cron: Tried to poll an undefined table on database my_database. 
2026-07-02 07:48:45,234 1 ERROR my_database odoo.sql_db: bad query: b"\n            SELECT latest_version\n            FROM ir_module_module\n             WHERE name='base'\n        "
ERROR: relation "ir_module_module" does not exist
LINE 3:             FROM ir_module_module
                         ^
 
2026-07-02 07:48:45,236 1 WARNING my_database odoo.addons.base.models.ir_cron: Tried to poll an undefined table on database my_database. 
2026-07-02 07:48:52,238 1 ERROR my_database odoo.sql_db: bad query: b"\n            SELECT latest_version\n            FROM ir_module_module\n             WHERE name='base'\n        "
ERROR: relation "ir_module_module" does not exist
LINE 3:             FROM ir_module_module
                         ^
 
2026-07-02 07:48:52,240 1 WARNING my_database odoo.addons.base.models.ir_cron: Tried to poll an undefined table on database my_database. 
2026-07-02 07:49:45,383 1 ERROR my_database odoo.sql_db: bad query: b"\n            SELECT latest_version\n            FROM ir_module_module\n             WHERE name='base'\n        "
ERROR: relation "ir_module_module" does not exist
LINE 3:             FROM ir_module_module
                         ^
 
2026-07-02 07:49:45,385 1 WARNING my_database odoo.addons.base.models.ir_cron: Tried to poll an undefined table on database my_database. 
2026-07-02 07:49:53,385 1 ERROR my_database odoo.sql_db: bad query: b"\n            SELECT latest_version\n            FROM ir_module_module\n             WHERE name='base'\n        "
ERROR: relation "ir_module_module" does not exist
LINE 3:             FROM ir_module_module
                         ^
 
2026-07-02 07:49:53,387 1 WARNING my_database odoo.addons.base.models.ir_cron: Tried to poll an undefined table on database my_database. 
2026-07-02 07:50:45,515 1 ERROR my_database odoo.sql_db: bad query: b"\n            SELECT latest_version\n            FROM ir_module_module\n             WHERE name='base'\n        "
ERROR: relation "ir_module_module" does not exist
LINE 3:             FROM ir_module_module
                         ^
 
2026-07-02 07:50:45,517 1 WARNING my_database odoo.addons.base.models.ir_cron: Tried to poll an undefined table on database my_database. 
2026-07-02 07:50:54,529 1 ERROR my_database odoo.sql_db: bad query: b"\n            SELECT latest_version\n            FROM ir_module_module\n             WHERE name='base'\n        "
ERROR: relation "ir_module_module" does not exist
LINE 3:             FROM ir_module_module
                         ^
 
2026-07-02 07:50:54,531 1 WARNING my_database odoo.addons.base.models.ir_cron: Tried to poll an undefined table on database my_database. 
2026-07-02 07:51:45,640 1 ERROR my_database odoo.sql_db: bad query: b"\n            SELECT latest_version\n            FROM ir_module_module\n             WHERE name='base'\n        "
ERROR: relation "ir_module_module" does not exist
LINE 3:             FROM ir_module_module
                         ^
 
2026-07-02 07:51:45,642 1 WARNING my_database odoo.addons.base.models.ir_cron: Tried to poll an undefined table on database my_database. 
2026-07-02 07:51:55,671 1 ERROR my_database odoo.sql_db: bad query: b"\n            SELECT latest_version\n            FROM ir_module_module\n             WHERE name='base'\n        "
ERROR: relation "ir_module_module" does not exist
LINE 3:             FROM ir_module_module
                         ^
 
2026-07-02 07:51:55,673 1 WARNING my_database odoo.addons.base.models.ir_cron: Tried to poll an undefined table on database my_database. 
2026-07-02 07:52:45,771 1 ERROR my_database odoo.sql_db: bad query: b"\n            SELECT latest_version\n            FROM ir_module_module\n             WHERE name='base'\n        "
ERROR: relation "ir_module_module" does not exist
LINE 3:             FROM ir_module_module
                         ^
 
2026-07-02 07:52:45,773 1 WARNING my_database odoo.addons.base.models.ir_cron: Tried to poll an undefined table on database my_database. 
2026-07-02 07:52:56,830 1 ERROR my_database odoo.sql_db: bad query: b"\n            SELECT latest_version\n            FROM ir_module_module\n             WHERE name='base'\n        "
ERROR: relation "ir_module_module" does not exist
LINE 3:             FROM ir_module_module
                         ^
 
2026-07-02 07:52:56,832 1 WARNING my_database odoo.addons.base.models.ir_cron: Tried to poll an undefined table on database my_database. 
2026-07-02 07:53:45,945 1 ERROR my_database odoo.sql_db: bad query: b"\n            SELECT latest_version\n            FROM ir_module_module\n             WHERE name='base'\n        "
ERROR: relation "ir_module_module" does not exist
LINE 3:             FROM ir_module_module
                         ^
 
2026-07-02 07:53:45,947 1 WARNING my_database odoo.addons.base.models.ir_cron: Tried to poll an undefined table on database my_database. 
2026-07-02 07:53:57,966 1 ERROR my_database odoo.sql_db: bad query: b"\n            SELECT latest_version\n            FROM ir_module_module\n             WHERE name='base'\n        "
ERROR: relation "ir_module_module" does not exist
LINE 3:             FROM ir_module_module
                         ^
 
2026-07-02 07:53:57,968 1 WARNING my_database odoo.addons.base.models.ir_cron: Tried to poll an undefined table on database my_database. 
2026-07-02 07:54:46,079 1 ERROR my_database odoo.sql_db: bad query: b"\n            SELECT latest_version\n            FROM ir_module_module\n             WHERE name='base'\n        "
ERROR: relation "ir_module_module" does not exist
LINE 3:             FROM ir_module_module
                         ^
 
2026-07-02 07:54:46,081 1 WARNING my_database odoo.addons.base.models.ir_cron: Tried to poll an undefined table on database my_database. 
2026-07-02 07:54:59,109 1 ERROR my_database odoo.sql_db: bad query: b"\n            SELECT latest_version\n            FROM ir_module_module\n             WHERE name='base'\n        "
ERROR: relation "ir_module_module" does not exist
LINE 3:             FROM ir_module_module
                         ^
 
2026-07-02 07:54:59,111 1 WARNING my_database odoo.addons.base.models.ir_cron: Tried to poll an undefined table on database my_database. 
2026-07-02 07:55:46,224 1 ERROR my_database odoo.sql_db: bad query: b"\n            SELECT latest_version\n            FROM ir_module_module\n             WHERE name='base'\n        "
ERROR: relation "ir_module_module" does not exist
LINE 3:             FROM ir_module_module
                         ^
 
2026-07-02 07:55:46,227 1 WARNING my_database odoo.addons.base.models.ir_cron: Tried to poll an undefined table on database my_database. 
2026-07-02 07:56:00,264 1 ERROR my_database odoo.sql_db: bad query: b"\n            SELECT latest_version\n            FROM ir_module_module\n             WHERE name='base'\n        "
ERROR: relation "ir_module_module" does not exist
LINE 3:             FROM ir_module_module
                         ^
 
2026-07-02 07:56:00,265 1 WARNING my_database odoo.addons.base.models.ir_cron: Tried to poll an undefined table on database my_database. 
2026-07-02 07:56:46,361 1 ERROR my_database odoo.sql_db: bad query: b"\n            SELECT latest_version\n            FROM ir_module_module\n             WHERE name='base'\n        "
ERROR: relation "ir_module_module" does not exist
LINE 3:             FROM ir_module_module
                         ^
 
2026-07-02 07:56:46,363 1 WARNING my_database odoo.addons.base.models.ir_cron: Tried to poll an undefined table on database my_database. 
2026-07-02 07:57:01,430 1 ERROR my_database odoo.sql_db: bad query: b"\n            SELECT latest_version\n            FROM ir_module_module\n             WHERE name='base'\n        "
ERROR: relation "ir_module_module" does not exist
LINE 3:             FROM ir_module_module
                         ^
 
2026-07-02 07:57:01,432 1 WARNING my_database odoo.addons.base.models.ir_cron: Tried to poll an undefined table on database my_database. 
2026-07-02 07:57:46,525 1 ERROR my_database odoo.sql_db: bad query: b"\n            SELECT latest_version\n            FROM ir_module_module\n             WHERE name='base'\n        "
ERROR: relation "ir_module_module" does not exist
LINE 3:             FROM ir_module_module
                         ^
 
2026-07-02 07:57:46,527 1 WARNING my_database odoo.addons.base.models.ir_cron: Tried to poll an undefined table on database my_database. 
2026-07-02 07:58:02,525 1 ERROR my_database odoo.sql_db: bad query: b"\n            SELECT latest_version\n            FROM ir_module_module\n             WHERE name='base'\n        "
ERROR: relation "ir_module_module" does not exist
LINE 3:             FROM ir_module_module
                         ^
 
2026-07-02 07:58:02,526 1 WARNING my_database odoo.addons.base.models.ir_cron: Tried to poll an undefined table on database my_database. 
2026-07-02 07:58:46,675 1 ERROR my_database odoo.sql_db: bad query: b"\n            SELECT latest_version\n            FROM ir_module_module\n             WHERE name='base'\n        "
ERROR: relation "ir_module_module" does not exist
LINE 3:             FROM ir_module_module
                         ^
 
2026-07-02 07:58:46,677 1 WARNING my_database odoo.addons.base.models.ir_cron: Tried to poll an undefined table on database my_database. 
2026-07-02 07:59:03,682 1 ERROR my_database odoo.sql_db: bad query: b"\n            SELECT latest_version\n            FROM ir_module_module\n             WHERE name='base'\n        "
ERROR: relation "ir_module_module" does not exist
LINE 3:             FROM ir_module_module
                         ^
 
2026-07-02 07:59:03,683 1 WARNING my_database odoo.addons.base.models.ir_cron: Tried to poll an undefined table on database my_database. 
2026-07-02 07:59:46,820 1 ERROR my_database odoo.sql_db: bad query: b"\n            SELECT latest_version\n            FROM ir_module_module\n             WHERE name='base'\n        "
ERROR: relation "ir_module_module" does not exist
LINE 3:             FROM ir_module_module
                         ^
 
2026-07-02 07:59:46,823 1 WARNING my_database odoo.addons.base.models.ir_cron: Tried to poll an undefined table on database my_database. 
2026-07-02 08:00:04,828 1 ERROR my_database odoo.sql_db: bad query: b"\n            SELECT latest_version\n            FROM ir_module_module\n             WHERE name='base'\n        "
ERROR: relation "ir_module_module" does not exist
LINE 3:             FROM ir_module_module
                         ^
 
2026-07-02 08:00:04,830 1 WARNING my_database odoo.addons.base.models.ir_cron: Tried to poll an undefined table on database my_database. 
2026-07-02 08:00:46,970 1 ERROR my_database odoo.sql_db: bad query: b"\n            SELECT latest_version\n            FROM ir_module_module\n             WHERE name='base'\n        "
ERROR: relation "ir_module_module" does not exist
LINE 3:             FROM ir_module_module
                         ^
 
2026-07-02 08:00:46,976 1 WARNING my_database odoo.addons.base.models.ir_cron: Tried to poll an undefined table on database my_database. 
2026-07-02 08:01:05,984 1 ERROR my_database odoo.sql_db: bad query: b"\n            SELECT latest_version\n            FROM ir_module_module\n             WHERE name='base'\n        "
ERROR: relation "ir_module_module" does not exist
LINE 3:             FROM ir_module_module
                         ^
 
2026-07-02 08:01:05,987 1 WARNING my_database odoo.addons.base.models.ir_cron: Tried to poll an undefined table on database my_database. 
2026-07-02 08:01:47,110 1 ERROR my_database odoo.sql_db: bad query: b"\n            SELECT latest_version\n            FROM ir_module_module\n             WHERE name='base'\n        "
ERROR: relation "ir_module_module" does not exist
LINE 3:             FROM ir_module_module
                         ^
 
2026-07-02 08:01:47,112 1 WARNING my_database odoo.addons.base.models.ir_cron: Tried to poll an undefined table on database my_database. 
2026-07-02 08:02:07,131 1 ERROR my_database odoo.sql_db: bad query: b"\n            SELECT latest_version\n            FROM ir_module_module\n             WHERE name='base'\n        "
ERROR: relation "ir_module_module" does not exist
LINE 3:             FROM ir_module_module
                         ^
 
2026-07-02 08:02:07,133 1 WARNING my_database odoo.addons.base.models.ir_cron: Tried to poll an undefined table on database my_database. 
2026-07-02 08:02:47,336 1 ERROR my_database odoo.sql_db: bad query: b"\n            SELECT latest_version\n            FROM ir_module_module\n             WHERE name='base'\n        "
ERROR: relation "ir_module_module" does not exist
LINE 3:             FROM ir_module_module
                         ^
 
2026-07-02 08:02:47,338 1 WARNING my_database odoo.addons.base.models.ir_cron: Tried to poll an undefined table on database my_database. 
2026-07-02 08:03:08,286 1 ERROR my_database odoo.sql_db: bad query: b"\n            SELECT latest_version\n            FROM ir_module_module\n             WHERE name='base'\n        "
ERROR: relation "ir_module_module" does not exist
LINE 3:             FROM ir_module_module
                         ^
 
2026-07-02 08:03:08,288 1 WARNING my_database odoo.addons.base.models.ir_cron: Tried to poll an undefined table on database my_database. 
2026-07-02 08:03:47,461 1 ERROR my_database odoo.sql_db: bad query: b"\n            SELECT latest_version\n            FROM ir_module_module\n             WHERE name='base'\n        "
ERROR: relation "ir_module_module" does not exist
LINE 3:             FROM ir_module_module
                         ^
 
2026-07-02 08:03:47,463 1 WARNING my_database odoo.addons.base.models.ir_cron: Tried to poll an undefined table on database my_database. 
2026-07-02 08:04:09,543 1 ERROR my_database odoo.sql_db: bad query: b"\n            SELECT latest_version\n            FROM ir_module_module\n             WHERE name='base'\n        "
ERROR: relation "ir_module_module" does not exist
LINE 3:             FROM ir_module_module
                         ^
 
2026-07-02 08:04:09,545 1 WARNING my_database odoo.addons.base.models.ir_cron: Tried to poll an undefined table on database my_database. 
2026-07-02 08:04:47,600 1 ERROR my_database odoo.sql_db: bad query: b"\n            SELECT latest_version\n            FROM ir_module_module\n             WHERE name='base'\n        "
ERROR: relation "ir_module_module" does not exist
LINE 3:             FROM ir_module_module
                         ^
 
2026-07-02 08:04:47,602 1 WARNING my_database odoo.addons.base.models.ir_cron: Tried to poll an undefined table on database my_database. 
2026-07-02 08:05:10,681 1 ERROR my_database odoo.sql_db: bad query: b"\n            SELECT latest_version\n            FROM ir_module_module\n             WHERE name='base'\n        "
ERROR: relation "ir_module_module" does not exist
LINE 3:             FROM ir_module_module
                         ^
 
2026-07-02 08:05:10,683 1 WARNING my_database odoo.addons.base.models.ir_cron: Tried to poll an undefined table on database my_database. 
2026-07-02 08:05:47,738 1 ERROR my_database odoo.sql_db: bad query: b"\n            SELECT latest_version\n            FROM ir_module_module\n             WHERE name='base'\n        "
ERROR: relation "ir_module_module" does not exist
LINE 3:             FROM ir_module_module
                         ^
 
2026-07-02 08:05:47,740 1 WARNING my_database odoo.addons.base.models.ir_cron: Tried to poll an undefined table on database my_database. 
2026-07-02 08:06:11,822 1 ERROR my_database odoo.sql_db: bad query: b"\n            SELECT latest_version\n            FROM ir_module_module\n             WHERE name='base'\n        "
ERROR: relation "ir_module_module" does not exist
LINE 3:             FROM ir_module_module
                         ^
 
2026-07-02 08:06:11,823 1 WARNING my_database odoo.addons.base.models.ir_cron: Tried to poll an undefined table on database my_database. 
2026-07-02 08:06:47,863 1 ERROR my_database odoo.sql_db: bad query: b"\n            SELECT latest_version\n            FROM ir_module_module\n             WHERE name='base'\n        "
ERROR: relation "ir_module_module" does not exist
LINE 3:             FROM ir_module_module
                         ^
 
2026-07-02 08:06:47,865 1 WARNING my_database odoo.addons.base.models.ir_cron: Tried to poll an undefined table on database my_database. 
2026-07-02 08:07:12,978 1 ERROR my_database odoo.sql_db: bad query: b"\n            SELECT latest_version\n            FROM ir_module_module\n             WHERE name='base'\n        "
ERROR: relation "ir_module_module" does not exist
LINE 3:             FROM ir_module_module
                         ^
 
2026-07-02 08:07:12,980 1 WARNING my_database odoo.addons.base.models.ir_cron: Tried to poll an undefined table on database my_database. 
2026-07-02 08:07:47,984 1 ERROR my_database odoo.sql_db: bad query: b"\n            SELECT latest_version\n            FROM ir_module_module\n             WHERE name='base'\n        "
ERROR: relation "ir_module_module" does not exist
LINE 3:             FROM ir_module_module
                         ^
 
2026-07-02 08:07:47,986 1 WARNING my_database odoo.addons.base.models.ir_cron: Tried to poll an undefined table on database my_database. 
2026-07-02 08:08:14,114 1 ERROR my_database odoo.sql_db: bad query: b"\n            SELECT latest_version\n            FROM ir_module_module\n             WHERE name='base'\n        "
ERROR: relation "ir_module_module" does not exist
LINE 3:             FROM ir_module_module
                         ^
 
2026-07-02 08:08:14,116 1 WARNING my_database odoo.addons.base.models.ir_cron: Tried to poll an undefined table on database my_database. 
2026-07-02 08:08:48,128 1 ERROR my_database odoo.sql_db: bad query: b"\n            SELECT latest_version\n            FROM ir_module_module\n             WHERE name='base'\n        "
ERROR: relation "ir_module_module" does not exist
LINE 3:             FROM ir_module_module
                         ^
 
2026-07-02 08:08:48,131 1 WARNING my_database odoo.addons.base.models.ir_cron: Tried to poll an undefined table on database my_database. 
2026-07-02 08:09:15,267 1 ERROR my_database odoo.sql_db: bad query: b"\n            SELECT latest_version\n            FROM ir_module_module\n             WHERE name='base'\n        "
ERROR: relation "ir_module_module" does not exist
LINE 3:             FROM ir_module_module
                         ^
 
2026-07-02 08:09:15,269 1 WARNING my_database odoo.addons.base.models.ir_cron: Tried to poll an undefined table on database my_database. 
2026-07-02 08:09:48,257 1 ERROR my_database odoo.sql_db: bad query: b"\n            SELECT latest_version\n            FROM ir_module_module\n             WHERE name='base'\n        "
ERROR: relation "ir_module_module" does not exist
LINE 3:             FROM ir_module_module
                         ^
 
2026-07-02 08:09:48,261 1 WARNING my_database odoo.addons.base.models.ir_cron: Tried to poll an undefined table on database my_database. 
2026-07-02 08:10:16,383 1 ERROR my_database odoo.sql_db: bad query: b"\n            SELECT latest_version\n            FROM ir_module_module\n             WHERE name='base'\n        "
ERROR: relation "ir_module_module" does not exist
LINE 3:             FROM ir_module_module
                         ^
 
2026-07-02 08:10:16,385 1 WARNING my_database odoo.addons.base.models.ir_cron: Tried to poll an undefined table on database my_database. 
2026-07-02 08:10:48,369 1 ERROR my_database odoo.sql_db: bad query: b"\n            SELECT latest_version\n            FROM ir_module_module\n             WHERE name='base'\n        "
ERROR: relation "ir_module_module" does not exist
LINE 3:             FROM ir_module_module
                         ^
 
2026-07-02 08:10:48,371 1 WARNING my_database odoo.addons.base.models.ir_cron: Tried to poll an undefined table on database my_database. 
2026-07-02 08:11:17,499 1 ERROR my_database odoo.sql_db: bad query: b"\n            SELECT latest_version\n            FROM ir_module_module\n             WHERE name='base'\n        "
ERROR: relation "ir_module_module" does not exist
LINE 3:             FROM ir_module_module
                         ^
 
2026-07-02 08:11:17,500 1 WARNING my_database odoo.addons.base.models.ir_cron: Tried to poll an undefined table on database my_database. 
2026-07-02 08:11:48,488 1 ERROR my_database odoo.sql_db: bad query: b"\n            SELECT latest_version\n            FROM ir_module_module\n             WHERE name='base'\n        "
ERROR: relation "ir_module_module" does not exist
LINE 3:             FROM ir_module_module
                         ^
 
2026-07-02 08:11:48,490 1 WARNING my_database odoo.addons.base.models.ir_cron: Tried to poll an undefined table on database my_database. 
2026-07-02 08:12:18,609 1 ERROR my_database odoo.sql_db: bad query: b"\n            SELECT latest_version\n            FROM ir_module_module\n             WHERE name='base'\n        "
ERROR: relation "ir_module_module" does not exist
LINE 3:             FROM ir_module_module
                         ^
 
2026-07-02 08:12:18,611 1 WARNING my_database odoo.addons.base.models.ir_cron: Tried to poll an undefined table on database my_database. 
2026-07-02 08:12:48,592 1 ERROR my_database odoo.sql_db: bad query: b"\n            SELECT latest_version\n            FROM ir_module_module\n             WHERE name='base'\n        "
ERROR: relation "ir_module_module" does not exist
LINE 3:             FROM ir_module_module
                         ^
 
2026-07-02 08:12:48,594 1 WARNING my_database odoo.addons.base.models.ir_cron: Tried to poll an undefined table on database my_database. 
2026-07-02 08:13:19,732 1 ERROR my_database odoo.sql_db: bad query: b"\n            SELECT latest_version\n            FROM ir_module_module\n             WHERE name='base'\n        "
ERROR: relation "ir_module_module" does not exist
LINE 3:             FROM ir_module_module
                         ^
 
2026-07-02 08:13:19,734 1 WARNING my_database odoo.addons.base.models.ir_cron: Tried to poll an undefined table on database my_database. 
2026-07-02 08:13:48,704 1 ERROR my_database odoo.sql_db: bad query: b"\n            SELECT latest_version\n            FROM ir_module_module\n             WHERE name='base'\n        "
ERROR: relation "ir_module_module" does not exist
LINE 3:             FROM ir_module_module
                         ^
 
2026-07-02 08:13:48,706 1 WARNING my_database odoo.addons.base.models.ir_cron: Tried to poll an undefined table on database my_database. 
2026-07-02 08:14:20,876 1 ERROR my_database odoo.sql_db: bad query: b"\n            SELECT latest_version\n            FROM ir_module_module\n             WHERE name='base'\n        "
ERROR: relation "ir_module_module" does not exist
LINE 3:             FROM ir_module_module
                         ^
 
2026-07-02 08:14:20,879 1 WARNING my_database odoo.addons.base.models.ir_cron: Tried to poll an undefined table on database my_database. 
2026-07-02 08:14:48,767 1 ERROR my_database odoo.sql_db: bad query: b"\n            SELECT latest_version\n            FROM ir_module_module\n             WHERE name='base'\n        "
ERROR: relation "ir_module_module" does not exist
LINE 3:             FROM ir_module_module
                         ^
 
2026-07-02 08:14:48,770 1 WARNING my_database odoo.addons.base.models.ir_cron: Tried to poll an undefined table on database my_database. 
2026-07-02 08:15:21,995 1 ERROR my_database odoo.sql_db: bad query: b"\n            SELECT latest_version\n            FROM ir_module_module\n             WHERE name='base'\n        "
ERROR: relation "ir_module_module" does not exist
LINE 3:             FROM ir_module_module
                         ^
 
2026-07-02 08:15:21,997 1 WARNING my_database odoo.addons.base.models.ir_cron: Tried to poll an undefined table on database my_database. 
2026-07-02 08:15:48,979 1 ERROR my_database odoo.sql_db: bad query: b"\n            SELECT latest_version\n            FROM ir_module_module\n             WHERE name='base'\n        "
ERROR: relation "ir_module_module" does not exist
LINE 3:             FROM ir_module_module
                         ^
 
2026-07-02 08:15:48,981 1 WARNING my_database odoo.addons.base.models.ir_cron: Tried to poll an undefined table on database my_database. 
2026-07-02 08:16:23,116 1 ERROR my_database odoo.sql_db: bad query: b"\n            SELECT latest_version\n            FROM ir_module_module\n             WHERE name='base'\n        "
ERROR: relation "ir_module_module" does not exist
LINE 3:             FROM ir_module_module
                         ^
 
2026-07-02 08:16:23,118 1 WARNING my_database odoo.addons.base.models.ir_cron: Tried to poll an undefined table on database my_database. 
2026-07-02 08:16:49,088 1 ERROR my_database odoo.sql_db: bad query: b"\n            SELECT latest_version\n            FROM ir_module_module\n             WHERE name='base'\n        "
ERROR: relation "ir_module_module" does not exist
LINE 3:             FROM ir_module_module
                         ^
 
2026-07-02 08:16:49,090 1 WARNING my_database odoo.addons.base.models.ir_cron: Tried to poll an undefined table on database my_database. 
2026-07-02 08:17:24,229 1 ERROR my_database odoo.sql_db: bad query: b"\n            SELECT latest_version\n            FROM ir_module_module\n             WHERE name='base'\n        "
ERROR: relation "ir_module_module" does not exist
LINE 3:             FROM ir_module_module
                         ^
 
2026-07-02 08:17:24,231 1 WARNING my_database odoo.addons.base.models.ir_cron: Tried to poll an undefined table on database my_database. 
2026-07-02 08:17:49,196 1 ERROR my_database odoo.sql_db: bad query: b"\n            SELECT latest_version\n            FROM ir_module_module\n             WHERE name='base'\n        "
ERROR: relation "ir_module_module" does not exist
LINE 3:             FROM ir_module_module
                         ^
 
2026-07-02 08:17:49,198 1 WARNING my_database odoo.addons.base.models.ir_cron: Tried to poll an undefined table on database my_database. 
2026-07-02 08:18:25,348 1 ERROR my_database odoo.sql_db: bad query: b"\n            SELECT latest_version\n            FROM ir_module_module\n             WHERE name='base'\n        "
ERROR: relation "ir_module_module" does not exist
LINE 3:             FROM ir_module_module
                         ^
 
2026-07-02 08:18:25,349 1 WARNING my_database odoo.addons.base.models.ir_cron: Tried to poll an undefined table on database my_database. 
2026-07-02 08:18:49,302 1 ERROR my_database odoo.sql_db: bad query: b"\n            SELECT latest_version\n            FROM ir_module_module\n             WHERE name='base'\n        "
ERROR: relation "ir_module_module" does not exist
LINE 3:             FROM ir_module_module
                         ^
 
2026-07-02 08:18:49,304 1 WARNING my_database odoo.addons.base.models.ir_cron: Tried to poll an undefined table on database my_database. 
2026-07-02 08:19:26,476 1 ERROR my_database odoo.sql_db: bad query: b"\n            SELECT latest_version\n            FROM ir_module_module\n             WHERE name='base'\n        "
ERROR: relation "ir_module_module" does not exist
LINE 3:             FROM ir_module_module
                         ^
 
2026-07-02 08:19:26,478 1 WARNING my_database odoo.addons.base.models.ir_cron: Tried to poll an undefined table on database my_database. 
2026-07-02 08:19:49,517 1 ERROR my_database odoo.sql_db: bad query: b"\n            SELECT latest_version\n            FROM ir_module_module\n             WHERE name='base'\n        "
ERROR: relation "ir_module_module" does not exist
LINE 3:             FROM ir_module_module
                         ^
 
2026-07-02 08:19:49,519 1 WARNING my_database odoo.addons.base.models.ir_cron: Tried to poll an undefined table on database my_database. 
2026-07-02 08:20:27,595 1 ERROR my_database odoo.sql_db: bad query: b"\n            SELECT latest_version\n            FROM ir_module_module\n             WHERE name='base'\n        "
ERROR: relation "ir_module_module" does not exist
LINE 3:             FROM ir_module_module
                         ^
 
2026-07-02 08:20:27,597 1 WARNING my_database odoo.addons.base.models.ir_cron: Tried to poll an undefined table on database my_database. 
2026-07-02 08:20:49,627 1 ERROR my_database odoo.sql_db: bad query: b"\n            SELECT latest_version\n            FROM ir_module_module\n             WHERE name='base'\n        "
ERROR: relation "ir_module_module" does not exist
LINE 3:             FROM ir_module_module
                         ^
 
2026-07-02 08:20:49,629 1 WARNING my_database odoo.addons.base.models.ir_cron: Tried to poll an undefined table on database my_database. 
2026-07-02 08:21:28,720 1 ERROR my_database odoo.sql_db: bad query: b"\n            SELECT latest_version\n            FROM ir_module_module\n             WHERE name='base'\n        "
ERROR: relation "ir_module_module" does not exist
LINE 3:             FROM ir_module_module
                         ^
 
2026-07-02 08:21:28,722 1 WARNING my_database odoo.addons.base.models.ir_cron: Tried to poll an undefined table on database my_database. 
2026-07-02 08:21:49,741 1 ERROR my_database odoo.sql_db: bad query: b"\n            SELECT latest_version\n            FROM ir_module_module\n             WHERE name='base'\n        "
ERROR: relation "ir_module_module" does not exist
LINE 3:             FROM ir_module_module
                         ^
 
2026-07-02 08:21:49,742 1 WARNING my_database odoo.addons.base.models.ir_cron: Tried to poll an undefined table on database my_database. 
2026-07-02 08:22:29,852 1 ERROR my_database odoo.sql_db: bad query: b"\n            SELECT latest_version\n            FROM ir_module_module\n             WHERE name='base'\n        "
ERROR: relation "ir_module_module" does not exist
LINE 3:             FROM ir_module_module
                         ^
 
2026-07-02 08:22:29,854 1 WARNING my_database odoo.addons.base.models.ir_cron: Tried to poll an undefined table on database my_database. 
2026-07-02 08:22:49,851 1 ERROR my_database odoo.sql_db: bad query: b"\n            SELECT latest_version\n            FROM ir_module_module\n             WHERE name='base'\n        "
ERROR: relation "ir_module_module" does not exist
LINE 3:             FROM ir_module_module
                         ^
 
2026-07-02 08:22:49,853 1 WARNING my_database odoo.addons.base.models.ir_cron: Tried to poll an undefined table on database my_database. 
2026-07-02 08:23:30,971 1 ERROR my_database odoo.sql_db: bad query: b"\n            SELECT latest_version\n            FROM ir_module_module\n             WHERE name='base'\n        "
ERROR: relation "ir_module_module" does not exist
LINE 3:             FROM ir_module_module
                         ^
 
2026-07-02 08:23:30,973 1 WARNING my_database odoo.addons.base.models.ir_cron: Tried to poll an undefined table on database my_database. 
2026-07-02 08:23:49,966 1 ERROR my_database odoo.sql_db: bad query: b"\n            SELECT latest_version\n            FROM ir_module_module\n             WHERE name='base'\n        "
ERROR: relation "ir_module_module" does not exist
LINE 3:             FROM ir_module_module
                         ^
 
2026-07-02 08:23:49,968 1 WARNING my_database odoo.addons.base.models.ir_cron: Tried to poll an undefined table on database my_database. 
2026-07-02 08:24:32,098 1 ERROR my_database odoo.sql_db: bad query: b"\n            SELECT latest_version\n            FROM ir_module_module\n             WHERE name='base'\n        "
ERROR: relation "ir_module_module" does not exist
LINE 3:             FROM ir_module_module
                         ^
 
2026-07-02 08:24:32,100 1 WARNING my_database odoo.addons.base.models.ir_cron: Tried to poll an undefined table on database my_database. 
2026-07-02 08:24:50,080 1 ERROR my_database odoo.sql_db: bad query: b"\n            SELECT latest_version\n            FROM ir_module_module\n             WHERE name='base'\n        "
ERROR: relation "ir_module_module" does not exist
LINE 3:             FROM ir_module_module
                         ^
 
2026-07-02 08:24:50,081 1 WARNING my_database odoo.addons.base.models.ir_cron: Tried to poll an undefined table on database my_database. 
2026-07-02 08:25:33,225 1 ERROR my_database odoo.sql_db: bad query: b"\n            SELECT latest_version\n            FROM ir_module_module\n             WHERE name='base'\n        "
ERROR: relation "ir_module_module" does not exist
LINE 3:             FROM ir_module_module
                         ^
 
2026-07-02 08:25:33,227 1 WARNING my_database odoo.addons.base.models.ir_cron: Tried to poll an undefined table on database my_database. 
2026-07-02 08:25:50,191 1 ERROR my_database odoo.sql_db: bad query: b"\n            SELECT latest_version\n            FROM ir_module_module\n             WHERE name='base'\n        "
ERROR: relation "ir_module_module" does not exist
LINE 3:             FROM ir_module_module
                         ^
 
2026-07-02 08:25:50,193 1 WARNING my_database odoo.addons.base.models.ir_cron: Tried to poll an undefined table on database my_database. 
2026-07-02 08:26:34,317 1 ERROR my_database odoo.sql_db: bad query: b"\n            SELECT latest_version\n            FROM ir_module_module\n             WHERE name='base'\n        "
ERROR: relation "ir_module_module" does not exist
LINE 3:             FROM ir_module_module
                         ^
 
2026-07-02 08:26:34,319 1 WARNING my_database odoo.addons.base.models.ir_cron: Tried to poll an undefined table on database my_database. 
2026-07-02 08:26:50,299 1 ERROR my_database odoo.sql_db: bad query: b"\n            SELECT latest_version\n            FROM ir_module_module\n             WHERE name='base'\n        "
ERROR: relation "ir_module_module" does not exist
LINE 3:             FROM ir_module_module
                         ^
 
2026-07-02 08:26:50,300 1 WARNING my_database odoo.addons.base.models.ir_cron: Tried to poll an undefined table on database my_database. 
2026-07-02 08:27:35,440 1 ERROR my_database odoo.sql_db: bad query: b"\n            SELECT latest_version\n            FROM ir_module_module\n             WHERE name='base'\n        "
ERROR: relation "ir_module_module" does not exist
LINE 3:             FROM ir_module_module
                         ^
 
2026-07-02 08:27:35,442 1 WARNING my_database odoo.addons.base.models.ir_cron: Tried to poll an undefined table on database my_database. 
2026-07-02 08:27:50,417 1 ERROR my_database odoo.sql_db: bad query: b"\n            SELECT latest_version\n            FROM ir_module_module\n             WHERE name='base'\n        "
ERROR: relation "ir_module_module" does not exist
LINE 3:             FROM ir_module_module
                         ^
 
2026-07-02 08:27:50,418 1 WARNING my_database odoo.addons.base.models.ir_cron: Tried to poll an undefined table on database my_database. 
2026-07-02 08:28:36,573 1 ERROR my_database odoo.sql_db: bad query: b"\n            SELECT latest_version\n            FROM ir_module_module\n             WHERE name='base'\n        "
ERROR: relation "ir_module_module" does not exist
LINE 3:             FROM ir_module_module
                         ^
 
2026-07-02 08:28:36,574 1 WARNING my_database odoo.addons.base.models.ir_cron: Tried to poll an undefined table on database my_database. 
2026-07-02 08:28:50,530 1 ERROR my_database odoo.sql_db: bad query: b"\n            SELECT latest_version\n            FROM ir_module_module\n             WHERE name='base'\n        "
ERROR: relation "ir_module_module" does not exist
LINE 3:             FROM ir_module_module
                         ^
 
2026-07-02 08:28:50,532 1 WARNING my_database odoo.addons.base.models.ir_cron: Tried to poll an undefined table on database my_database. 
2026-07-02 08:29:37,692 1 ERROR my_database odoo.sql_db: bad query: b"\n            SELECT latest_version\n            FROM ir_module_module\n             WHERE name='base'\n        "
ERROR: relation "ir_module_module" does not exist
LINE 3:             FROM ir_module_module
                         ^
 
2026-07-02 08:29:37,693 1 WARNING my_database odoo.addons.base.models.ir_cron: Tried to poll an undefined table on database my_database. 
2026-07-02 08:29:50,634 1 ERROR my_database odoo.sql_db: bad query: b"\n            SELECT latest_version\n            FROM ir_module_module\n             WHERE name='base'\n        "
ERROR: relation "ir_module_module" does not exist
LINE 3:             FROM ir_module_module
                         ^
 
2026-07-02 08:29:50,636 1 WARNING my_database odoo.addons.base.models.ir_cron: Tried to poll an undefined table on database my_database. 
2026-07-02 08:30:38,806 1 ERROR my_database odoo.sql_db: bad query: b"\n            SELECT latest_version\n            FROM ir_module_module\n             WHERE name='base'\n        "
ERROR: relation "ir_module_module" does not exist
LINE 3:             FROM ir_module_module
                         ^
 
2026-07-02 08:30:38,808 1 WARNING my_database odoo.addons.base.models.ir_cron: Tried to poll an undefined table on database my_database. 
2026-07-02 08:30:50,748 1 ERROR my_database odoo.sql_db: bad query: b"\n            SELECT latest_version\n            FROM ir_module_module\n             WHERE name='base'\n        "
ERROR: relation "ir_module_module" does not exist
LINE 3:             FROM ir_module_module
                         ^
 
2026-07-02 08:30:50,750 1 WARNING my_database odoo.addons.base.models.ir_cron: Tried to poll an undefined table on database my_database. 
2026-07-02 08:31:39,877 1 ERROR my_database odoo.sql_db: bad query: b"\n            SELECT latest_version\n            FROM ir_module_module\n             WHERE name='base'\n        "
ERROR: relation "ir_module_module" does not exist
LINE 3:             FROM ir_module_module
                         ^
 
2026-07-02 08:31:39,879 1 WARNING my_database odoo.addons.base.models.ir_cron: Tried to poll an undefined table on database my_database. 
2026-07-02 08:31:50,798 1 ERROR my_database odoo.sql_db: bad query: b"\n            SELECT latest_version\n            FROM ir_module_module\n             WHERE name='base'\n        "
ERROR: relation "ir_module_module" does not exist
LINE 3:             FROM ir_module_module
                         ^
 
2026-07-02 08:31:50,799 1 WARNING my_database odoo.addons.base.models.ir_cron: Tried to poll an undefined table on database my_database. 
2026-07-02 08:32:41,010 1 ERROR my_database odoo.sql_db: bad query: b"\n            SELECT latest_version\n            FROM ir_module_module\n             WHERE name='base'\n        "
ERROR: relation "ir_module_module" does not exist
LINE 3:             FROM ir_module_module
                         ^
 
2026-07-02 08:32:41,011 1 WARNING my_database odoo.addons.base.models.ir_cron: Tried to poll an undefined table on database my_database. 
2026-07-02 08:32:50,901 1 ERROR my_database odoo.sql_db: bad query: b"\n            SELECT latest_version\n            FROM ir_module_module\n             WHERE name='base'\n        "
ERROR: relation "ir_module_module" does not exist
LINE 3:             FROM ir_module_module
                         ^
 
2026-07-02 08:32:50,903 1 WARNING my_database odoo.addons.base.models.ir_cron: Tried to poll an undefined table on database my_database. 
2026-07-02 08:33:42,143 1 ERROR my_database odoo.sql_db: bad query: b"\n            SELECT latest_version\n            FROM ir_module_module\n             WHERE name='base'\n        "
ERROR: relation "ir_module_module" does not exist
LINE 3:             FROM ir_module_module
                         ^
 
2026-07-02 08:33:42,145 1 WARNING my_database odoo.addons.base.models.ir_cron: Tried to poll an undefined table on database my_database. 
2026-07-02 08:33:51,007 1 ERROR my_database odoo.sql_db: bad query: b"\n            SELECT latest_version\n            FROM ir_module_module\n             WHERE name='base'\n        "
ERROR: relation "ir_module_module" does not exist
LINE 3:             FROM ir_module_module
                         ^
 
2026-07-02 08:33:51,009 1 WARNING my_database odoo.addons.base.models.ir_cron: Tried to poll an undefined table on database my_database. 
2026-07-02 08:34:43,264 1 ERROR my_database odoo.sql_db: bad query: b"\n            SELECT latest_version\n            FROM ir_module_module\n             WHERE name='base'\n        "
ERROR: relation "ir_module_module" does not exist
LINE 3:             FROM ir_module_module
                         ^
 
2026-07-02 08:34:43,265 1 WARNING my_database odoo.addons.base.models.ir_cron: Tried to poll an undefined table on database my_database. 
2026-07-02 08:34:51,121 1 ERROR my_database odoo.sql_db: bad query: b"\n            SELECT latest_version\n            FROM ir_module_module\n             WHERE name='base'\n        "
ERROR: relation "ir_module_module" does not exist
LINE 3:             FROM ir_module_module
                         ^
 
2026-07-02 08:34:51,122 1 WARNING my_database odoo.addons.base.models.ir_cron: Tried to poll an undefined table on database my_database. 
2026-07-02 08:35:44,384 1 ERROR my_database odoo.sql_db: bad query: b"\n            SELECT latest_version\n            FROM ir_module_module\n             WHERE name='base'\n        "
ERROR: relation "ir_module_module" does not exist
LINE 3:             FROM ir_module_module
                         ^
 
2026-07-02 08:35:44,386 1 WARNING my_database odoo.addons.base.models.ir_cron: Tried to poll an undefined table on database my_database. 
2026-07-02 08:35:51,218 1 ERROR my_database odoo.sql_db: bad query: b"\n            SELECT latest_version\n            FROM ir_module_module\n             WHERE name='base'\n        "
ERROR: relation "ir_module_module" does not exist
LINE 3:             FROM ir_module_module
                         ^
 
2026-07-02 08:35:51,219 1 WARNING my_database odoo.addons.base.models.ir_cron: Tried to poll an undefined table on database my_database. 
2026-07-02 08:36:45,509 1 ERROR my_database odoo.sql_db: bad query: b"\n            SELECT latest_version\n            FROM ir_module_module\n             WHERE name='base'\n        "
ERROR: relation "ir_module_module" does not exist
LINE 3:             FROM ir_module_module
                         ^
 
2026-07-02 08:36:45,511 1 WARNING my_database odoo.addons.base.models.ir_cron: Tried to poll an undefined table on database my_database. 
2026-07-02 08:36:51,340 1 ERROR my_database odoo.sql_db: bad query: b"\n            SELECT latest_version\n            FROM ir_module_module\n             WHERE name='base'\n        "
ERROR: relation "ir_module_module" does not exist
LINE 3:             FROM ir_module_module
                         ^
 
2026-07-02 08:36:51,342 1 WARNING my_database odoo.addons.base.models.ir_cron: Tried to poll an undefined table on database my_database. 
2026-07-02 08:37:46,630 1 ERROR my_database odoo.sql_db: bad query: b"\n            SELECT latest_version\n            FROM ir_module_module\n             WHERE name='base'\n        "
ERROR: relation "ir_module_module" does not exist
LINE 3:             FROM ir_module_module
                         ^
 
2026-07-02 08:37:46,632 1 WARNING my_database odoo.addons.base.models.ir_cron: Tried to poll an undefined table on database my_database. 
2026-07-02 08:37:51,455 1 ERROR my_database odoo.sql_db: bad query: b"\n            SELECT latest_version\n            FROM ir_module_module\n             WHERE name='base'\n        "
ERROR: relation "ir_module_module" does not exist
LINE 3:             FROM ir_module_module
                         ^
 
2026-07-02 08:37:51,457 1 WARNING my_database odoo.addons.base.models.ir_cron: Tried to poll an undefined table on database my_database. 
2026-07-02 08:38:47,753 1 ERROR my_database odoo.sql_db: bad query: b"\n            SELECT latest_version\n            FROM ir_module_module\n             WHERE name='base'\n        "
ERROR: relation "ir_module_module" does not exist
LINE 3:             FROM ir_module_module
                         ^
 
2026-07-02 08:38:47,755 1 WARNING my_database odoo.addons.base.models.ir_cron: Tried to poll an undefined table on database my_database. 
2026-07-02 08:38:51,576 1 ERROR my_database odoo.sql_db: bad query: b"\n            SELECT latest_version\n            FROM ir_module_module\n             WHERE name='base'\n        "
ERROR: relation "ir_module_module" does not exist
LINE 3:             FROM ir_module_module
                         ^
 
2026-07-02 08:38:51,578 1 WARNING my_database odoo.addons.base.models.ir_cron: Tried to poll an undefined table on database my_database. 
2026-07-02 08:39:48,877 1 ERROR my_database odoo.sql_db: bad query: b"\n            SELECT latest_version\n            FROM ir_module_module\n             WHERE name='base'\n        "
ERROR: relation "ir_module_module" does not exist
LINE 3:             FROM ir_module_module
                         ^
 
2026-07-02 08:39:48,879 1 WARNING my_database odoo.addons.base.models.ir_cron: Tried to poll an undefined table on database my_database. 
2026-07-02 08:39:51,708 1 ERROR my_database odoo.sql_db: bad query: b"\n            SELECT latest_version\n            FROM ir_module_module\n             WHERE name='base'\n        "
ERROR: relation "ir_module_module" does not exist
LINE 3:             FROM ir_module_module
                         ^
 
2026-07-02 08:39:51,709 1 WARNING my_database odoo.addons.base.models.ir_cron: Tried to poll an undefined table on database my_database. 
2026-07-02 08:40:50,001 1 ERROR my_database odoo.sql_db: bad query: b"\n            SELECT latest_version\n            FROM ir_module_module\n             WHERE name='base'\n        "
ERROR: relation "ir_module_module" does not exist
LINE 3:             FROM ir_module_module
                         ^
 
2026-07-02 08:40:50,003 1 WARNING my_database odoo.addons.base.models.ir_cron: Tried to poll an undefined table on database my_database. 
2026-07-02 08:40:51,825 1 ERROR my_database odoo.sql_db: bad query: b"\n            SELECT latest_version\n            FROM ir_module_module\n             WHERE name='base'\n        "
ERROR: relation "ir_module_module" does not exist
LINE 3:             FROM ir_module_module
                         ^
 
2026-07-02 08:40:51,826 1 WARNING my_database odoo.addons.base.models.ir_cron: Tried to poll an undefined table on database my_database. 
2026-07-02 08:41:51,129 1 ERROR my_database odoo.sql_db: bad query: b"\n            SELECT latest_version\n            FROM ir_module_module\n             WHERE name='base'\n        "
ERROR: relation "ir_module_module" does not exist
LINE 3:             FROM ir_module_module
                         ^
 
2026-07-02 08:41:51,131 1 WARNING my_database odoo.addons.base.models.ir_cron: Tried to poll an undefined table on database my_database. 
2026-07-02 08:41:51,944 1 ERROR my_database odoo.sql_db: bad query: b"\n            SELECT latest_version\n            FROM ir_module_module\n             WHERE name='base'\n        "
ERROR: relation "ir_module_module" does not exist
LINE 3:             FROM ir_module_module
                         ^
 
2026-07-02 08:41:51,946 1 WARNING my_database odoo.addons.base.models.ir_cron: Tried to poll an undefined table on database my_database. 
2026-07-02 08:42:52,068 1 ERROR my_database odoo.sql_db: bad query: b"\n            SELECT latest_version\n            FROM ir_module_module\n             WHERE name='base'\n        "
ERROR: relation "ir_module_module" does not exist
LINE 3:             FROM ir_module_module
                         ^
 
2026-07-02 08:42:52,070 1 WARNING my_database odoo.addons.base.models.ir_cron: Tried to poll an undefined table on database my_database. 
2026-07-02 08:42:52,253 1 ERROR my_database odoo.sql_db: bad query: b"\n            SELECT latest_version\n            FROM ir_module_module\n             WHERE name='base'\n        "
ERROR: relation "ir_module_module" does not exist
LINE 3:             FROM ir_module_module
                         ^
 
2026-07-02 08:42:52,254 1 WARNING my_database odoo.addons.base.models.ir_cron: Tried to poll an undefined table on database my_database. 
2026-07-02 08:43:52,188 1 ERROR my_database odoo.sql_db: bad query: b"\n            SELECT latest_version\n            FROM ir_module_module\n             WHERE name='base'\n        "
ERROR: relation "ir_module_module" does not exist
LINE 3:             FROM ir_module_module
                         ^
 
2026-07-02 08:43:52,190 1 WARNING my_database odoo.addons.base.models.ir_cron: Tried to poll an undefined table on database my_database. 
2026-07-02 08:43:53,379 1 ERROR my_database odoo.sql_db: bad query: b"\n            SELECT latest_version\n            FROM ir_module_module\n             WHERE name='base'\n        "
ERROR: relation "ir_module_module" does not exist
LINE 3:             FROM ir_module_module
                         ^
 
2026-07-02 08:43:53,381 1 WARNING my_database odoo.addons.base.models.ir_cron: Tried to poll an undefined table on database my_database. 
2026-07-02 08:44:52,305 1 ERROR my_database odoo.sql_db: bad query: b"\n            SELECT latest_version\n            FROM ir_module_module\n             WHERE name='base'\n        "
ERROR: relation "ir_module_module" does not exist
LINE 3:             FROM ir_module_module
                         ^
 
2026-07-02 08:44:52,307 1 WARNING my_database odoo.addons.base.models.ir_cron: Tried to poll an undefined table on database my_database. 
2026-07-02 08:44:54,497 1 ERROR my_database odoo.sql_db: bad query: b"\n            SELECT latest_version\n            FROM ir_module_module\n             WHERE name='base'\n        "
ERROR: relation "ir_module_module" does not exist
LINE 3:             FROM ir_module_module
                         ^
 
2026-07-02 08:44:54,499 1 WARNING my_database odoo.addons.base.models.ir_cron: Tried to poll an undefined table on database my_database. 
2026-07-02 08:45:52,411 1 ERROR my_database odoo.sql_db: bad query: b"\n            SELECT latest_version\n            FROM ir_module_module\n             WHERE name='base'\n        "
ERROR: relation "ir_module_module" does not exist
LINE 3:             FROM ir_module_module
                         ^
 
2026-07-02 08:45:52,413 1 WARNING my_database odoo.addons.base.models.ir_cron: Tried to poll an undefined table on database my_database. 
2026-07-02 08:45:55,618 1 ERROR my_database odoo.sql_db: bad query: b"\n            SELECT latest_version\n            FROM ir_module_module\n             WHERE name='base'\n        "
ERROR: relation "ir_module_module" does not exist
LINE 3:             FROM ir_module_module
                         ^
 
2026-07-02 08:45:55,619 1 WARNING my_database odoo.addons.base.models.ir_cron: Tried to poll an undefined table on database my_database. 
2026-07-02 08:46:52,498 1 ERROR my_database odoo.sql_db: bad query: b"\n            SELECT latest_version\n            FROM ir_module_module\n             WHERE name='base'\n        "
ERROR: relation "ir_module_module" does not exist
LINE 3:             FROM ir_module_module
                         ^
 
2026-07-02 08:46:52,500 1 WARNING my_database odoo.addons.base.models.ir_cron: Tried to poll an undefined table on database my_database. 
2026-07-02 08:46:56,733 1 ERROR my_database odoo.sql_db: bad query: b"\n            SELECT latest_version\n            FROM ir_module_module\n             WHERE name='base'\n        "
ERROR: relation "ir_module_module" does not exist
LINE 3:             FROM ir_module_module
                         ^
 
2026-07-02 08:46:56,734 1 WARNING my_database odoo.addons.base.models.ir_cron: Tried to poll an undefined table on database my_database. 
2026-07-02 08:47:52,619 1 ERROR my_database odoo.sql_db: bad query: b"\n            SELECT latest_version\n            FROM ir_module_module\n             WHERE name='base'\n        "
ERROR: relation "ir_module_module" does not exist
LINE 3:             FROM ir_module_module
                         ^
 
2026-07-02 08:47:52,621 1 WARNING my_database odoo.addons.base.models.ir_cron: Tried to poll an undefined table on database my_database. 
2026-07-02 08:47:57,852 1 ERROR my_database odoo.sql_db: bad query: b"\n            SELECT latest_version\n            FROM ir_module_module\n             WHERE name='base'\n        "
ERROR: relation "ir_module_module" does not exist
LINE 3:             FROM ir_module_module
                         ^
 
2026-07-02 08:47:57,853 1 WARNING my_database odoo.addons.base.models.ir_cron: Tried to poll an undefined table on database my_database. 
2026-07-02 08:48:52,739 1 ERROR my_database odoo.sql_db: bad query: b"\n            SELECT latest_version\n            FROM ir_module_module\n             WHERE name='base'\n        "
ERROR: relation "ir_module_module" does not exist
LINE 3:             FROM ir_module_module
                         ^
 
2026-07-02 08:48:52,740 1 WARNING my_database odoo.addons.base.models.ir_cron: Tried to poll an undefined table on database my_database. 
2026-07-02 08:48:58,970 1 ERROR my_database odoo.sql_db: bad query: b"\n            SELECT latest_version\n            FROM ir_module_module\n             WHERE name='base'\n        "
ERROR: relation "ir_module_module" does not exist
LINE 3:             FROM ir_module_module
                         ^
 
2026-07-02 08:48:58,971 1 WARNING my_database odoo.addons.base.models.ir_cron: Tried to poll an undefined table on database my_database. 
2026-07-02 08:49:52,816 1 ERROR my_database odoo.sql_db: bad query: b"\n            SELECT latest_version\n            FROM ir_module_module\n             WHERE name='base'\n        "
ERROR: relation "ir_module_module" does not exist
LINE 3:             FROM ir_module_module
                         ^
 
2026-07-02 08:49:52,817 1 WARNING my_database odoo.addons.base.models.ir_cron: Tried to poll an undefined table on database my_database. 
2026-07-02 08:50:00,090 1 ERROR my_database odoo.sql_db: bad query: b"\n            SELECT latest_version\n            FROM ir_module_module\n             WHERE name='base'\n        "
ERROR: relation "ir_module_module" does not exist
LINE 3:             FROM ir_module_module
                         ^
 
2026-07-02 08:50:00,091 1 WARNING my_database odoo.addons.base.models.ir_cron: Tried to poll an undefined table on database my_database. 
2026-07-02 08:50:52,935 1 ERROR my_database odoo.sql_db: bad query: b"\n            SELECT latest_version\n            FROM ir_module_module\n             WHERE name='base'\n        "
ERROR: relation "ir_module_module" does not exist
LINE 3:             FROM ir_module_module
                         ^
 
2026-07-02 08:50:52,937 1 WARNING my_database odoo.addons.base.models.ir_cron: Tried to poll an undefined table on database my_database. 
2026-07-02 08:51:01,219 1 ERROR my_database odoo.sql_db: bad query: b"\n            SELECT latest_version\n            FROM ir_module_module\n             WHERE name='base'\n        "
ERROR: relation "ir_module_module" does not exist
LINE 3:             FROM ir_module_module
                         ^
 
2026-07-02 08:51:01,220 1 WARNING my_database odoo.addons.base.models.ir_cron: Tried to poll an undefined table on database my_database. 
2026-07-02 08:51:53,078 1 ERROR my_database odoo.sql_db: bad query: b"\n            SELECT latest_version\n            FROM ir_module_module\n             WHERE name='base'\n        "
ERROR: relation "ir_module_module" does not exist
LINE 3:             FROM ir_module_module
                         ^
 
2026-07-02 08:51:53,080 1 WARNING my_database odoo.addons.base.models.ir_cron: Tried to poll an undefined table on database my_database. 
2026-07-02 08:52:02,366 1 ERROR my_database odoo.sql_db: bad query: b"\n            SELECT latest_version\n            FROM ir_module_module\n             WHERE name='base'\n        "
ERROR: relation "ir_module_module" does not exist
LINE 3:             FROM ir_module_module
                         ^
 
2026-07-02 08:52:02,368 1 WARNING my_database odoo.addons.base.models.ir_cron: Tried to poll an undefined table on database my_database. 
2026-07-02 08:52:53,214 1 ERROR my_database odoo.sql_db: bad query: b"\n            SELECT latest_version\n            FROM ir_module_module\n             WHERE name='base'\n        "
ERROR: relation "ir_module_module" does not exist
LINE 3:             FROM ir_module_module
                         ^
 
2026-07-02 08:52:53,217 1 WARNING my_database odoo.addons.base.models.ir_cron: Tried to poll an undefined table on database my_database. 
2026-07-02 08:53:03,510 1 ERROR my_database odoo.sql_db: bad query: b"\n            SELECT latest_version\n            FROM ir_module_module\n             WHERE name='base'\n        "
ERROR: relation "ir_module_module" does not exist
LINE 3:             FROM ir_module_module
                         ^
 
2026-07-02 08:53:03,512 1 WARNING my_database odoo.addons.base.models.ir_cron: Tried to poll an undefined table on database my_database. 
2026-07-02 08:53:53,413 1 ERROR my_database odoo.sql_db: bad query: b"\n            SELECT latest_version\n            FROM ir_module_module\n             WHERE name='base'\n        "
ERROR: relation "ir_module_module" does not exist
LINE 3:             FROM ir_module_module
                         ^
 
2026-07-02 08:53:53,415 1 WARNING my_database odoo.addons.base.models.ir_cron: Tried to poll an undefined table on database my_database. 
2026-07-02 08:54:04,652 1 ERROR my_database odoo.sql_db: bad query: b"\n            SELECT latest_version\n            FROM ir_module_module\n             WHERE name='base'\n        "
ERROR: relation "ir_module_module" does not exist
LINE 3:             FROM ir_module_module
                         ^
 
2026-07-02 08:54:04,654 1 WARNING my_database odoo.addons.base.models.ir_cron: Tried to poll an undefined table on database my_database. 
2026-07-02 08:54:53,547 1 ERROR my_database odoo.sql_db: bad query: b"\n            SELECT latest_version\n            FROM ir_module_module\n             WHERE name='base'\n        "
ERROR: relation "ir_module_module" does not exist
LINE 3:             FROM ir_module_module
                         ^
 
2026-07-02 08:54:53,549 1 WARNING my_database odoo.addons.base.models.ir_cron: Tried to poll an undefined table on database my_database. 
2026-07-02 08:55:05,795 1 ERROR my_database odoo.sql_db: bad query: b"\n            SELECT latest_version\n            FROM ir_module_module\n             WHERE name='base'\n        "
ERROR: relation "ir_module_module" does not exist
LINE 3:             FROM ir_module_module
                         ^
 
2026-07-02 08:55:05,798 1 WARNING my_database odoo.addons.base.models.ir_cron: Tried to poll an undefined table on database my_database. 
2026-07-02 08:55:53,703 1 ERROR my_database odoo.sql_db: bad query: b"\n            SELECT latest_version\n            FROM ir_module_module\n             WHERE name='base'\n        "
ERROR: relation "ir_module_module" does not exist
LINE 3:             FROM ir_module_module
                         ^
 
2026-07-02 08:55:53,706 1 WARNING my_database odoo.addons.base.models.ir_cron: Tried to poll an undefined table on database my_database. 
2026-07-02 08:56:06,916 1 ERROR my_database odoo.sql_db: bad query: b"\n            SELECT latest_version\n            FROM ir_module_module\n             WHERE name='base'\n        "
ERROR: relation "ir_module_module" does not exist
LINE 3:             FROM ir_module_module
                         ^
 
2026-07-02 08:56:06,918 1 WARNING my_database odoo.addons.base.models.ir_cron: Tried to poll an undefined table on database my_database. 
2026-07-02 08:56:53,814 1 ERROR my_database odoo.sql_db: bad query: b"\n            SELECT latest_version\n            FROM ir_module_module\n             WHERE name='base'\n        "
ERROR: relation "ir_module_module" does not exist
LINE 3:             FROM ir_module_module
                         ^
 
2026-07-02 08:56:53,817 1 WARNING my_database odoo.addons.base.models.ir_cron: Tried to poll an undefined table on database my_database. 
2026-07-02 08:57:08,063 1 ERROR my_database odoo.sql_db: bad query: b"\n            SELECT latest_version\n            FROM ir_module_module\n             WHERE name='base'\n        "
ERROR: relation "ir_module_module" does not exist
LINE 3:             FROM ir_module_module
                         ^
 
2026-07-02 08:57:08,066 1 WARNING my_database odoo.addons.base.models.ir_cron: Tried to poll an undefined table on database my_database. 
2026-07-02 08:57:53,955 1 ERROR my_database odoo.sql_db: bad query: b"\n            SELECT latest_version\n            FROM ir_module_module\n             WHERE name='base'\n        "
ERROR: relation "ir_module_module" does not exist
LINE 3:             FROM ir_module_module
                         ^
 
2026-07-02 08:57:53,957 1 WARNING my_database odoo.addons.base.models.ir_cron: Tried to poll an undefined table on database my_database. 
2026-07-02 08:58:09,232 1 ERROR my_database odoo.sql_db: bad query: b"\n            SELECT latest_version\n            FROM ir_module_module\n             WHERE name='base'\n        "
ERROR: relation "ir_module_module" does not exist
LINE 3:             FROM ir_module_module
                         ^
 
2026-07-02 08:58:09,235 1 WARNING my_database odoo.addons.base.models.ir_cron: Tried to poll an undefined table on database my_database. 
2026-07-02 08:58:54,095 1 ERROR my_database odoo.sql_db: bad query: b"\n            SELECT latest_version\n            FROM ir_module_module\n             WHERE name='base'\n        "
ERROR: relation "ir_module_module" does not exist
LINE 3:             FROM ir_module_module
                         ^
 
2026-07-02 08:58:54,098 1 WARNING my_database odoo.addons.base.models.ir_cron: Tried to poll an undefined table on database my_database. 
2026-07-02 08:59:10,377 1 ERROR my_database odoo.sql_db: bad query: b"\n            SELECT latest_version\n            FROM ir_module_module\n             WHERE name='base'\n        "
ERROR: relation "ir_module_module" does not exist
LINE 3:             FROM ir_module_module
                         ^
 
2026-07-02 08:59:10,379 1 WARNING my_database odoo.addons.base.models.ir_cron: Tried to poll an undefined table on database my_database. 
2026-07-02 08:59:54,174 1 ERROR my_database odoo.sql_db: bad query: b"\n            SELECT latest_version\n            FROM ir_module_module\n             WHERE name='base'\n        "
ERROR: relation "ir_module_module" does not exist
LINE 3:             FROM ir_module_module
                         ^
 
2026-07-02 08:59:54,176 1 WARNING my_database odoo.addons.base.models.ir_cron: Tried to poll an undefined table on database my_database. 
2026-07-02 09:00:11,545 1 ERROR my_database odoo.sql_db: bad query: b"\n            SELECT latest_version\n            FROM ir_module_module\n             WHERE name='base'\n        "
ERROR: relation "ir_module_module" does not exist
LINE 3:             FROM ir_module_module
                         ^
 
2026-07-02 09:00:11,547 1 WARNING my_database odoo.addons.base.models.ir_cron: Tried to poll an undefined table on database my_database. 
2026-07-02 09:00:54,325 1 ERROR my_database odoo.sql_db: bad query: b"\n            SELECT latest_version\n            FROM ir_module_module\n             WHERE name='base'\n        "
ERROR: relation "ir_module_module" does not exist
LINE 3:             FROM ir_module_module
                         ^
 
2026-07-02 09:00:54,329 1 WARNING my_database odoo.addons.base.models.ir_cron: Tried to poll an undefined table on database my_database. 
2026-07-02 09:01:12,689 1 ERROR my_database odoo.sql_db: bad query: b"\n            SELECT latest_version\n            FROM ir_module_module\n             WHERE name='base'\n        "
ERROR: relation "ir_module_module" does not exist
LINE 3:             FROM ir_module_module
                         ^
 
2026-07-02 09:01:12,692 1 WARNING my_database odoo.addons.base.models.ir_cron: Tried to poll an undefined table on database my_database. 
2026-07-02 09:01:54,475 1 ERROR my_database odoo.sql_db: bad query: b"\n            SELECT latest_version\n            FROM ir_module_module\n             WHERE name='base'\n        "
ERROR: relation "ir_module_module" does not exist
LINE 3:             FROM ir_module_module
                         ^
 
2026-07-02 09:01:54,477 1 WARNING my_database odoo.addons.base.models.ir_cron: Tried to poll an undefined table on database my_database. 
2026-07-02 09:02:13,818 1 ERROR my_database odoo.sql_db: bad query: b"\n            SELECT latest_version\n            FROM ir_module_module\n             WHERE name='base'\n        "
ERROR: relation "ir_module_module" does not exist
LINE 3:             FROM ir_module_module
                         ^
 
2026-07-02 09:02:13,819 1 WARNING my_database odoo.addons.base.models.ir_cron: Tried to poll an undefined table on database my_database. 
2026-07-02 09:02:54,654 1 ERROR my_database odoo.sql_db: bad query: b"\n            SELECT latest_version\n            FROM ir_module_module\n             WHERE name='base'\n        "
ERROR: relation "ir_module_module" does not exist
LINE 3:             FROM ir_module_module
                         ^
 
2026-07-02 09:02:54,664 1 WARNING my_database odoo.addons.base.models.ir_cron: Tried to poll an undefined table on database my_database. 
2026-07-02 09:03:14,956 1 ERROR my_database odoo.sql_db: bad query: b"\n            SELECT latest_version\n            FROM ir_module_module\n             WHERE name='base'\n        "
ERROR: relation "ir_module_module" does not exist
LINE 3:             FROM ir_module_module
                         ^
 
2026-07-02 09:03:14,958 1 WARNING my_database odoo.addons.base.models.ir_cron: Tried to poll an undefined table on database my_database. 
2026-07-02 09:03:54,917 1 ERROR my_database odoo.sql_db: bad query: b"\n            SELECT latest_version\n            FROM ir_module_module\n             WHERE name='base'\n        "
ERROR: relation "ir_module_module" does not exist
LINE 3:             FROM ir_module_module
                         ^
 
2026-07-02 09:03:54,922 1 WARNING my_database odoo.addons.base.models.ir_cron: Tried to poll an undefined table on database my_database. 
2026-07-02 09:04:16,153 1 ERROR my_database odoo.sql_db: bad query: b"\n            SELECT latest_version\n            FROM ir_module_module\n             WHERE name='base'\n        "
ERROR: relation "ir_module_module" does not exist
LINE 3:             FROM ir_module_module
                         ^
 
2026-07-02 09:04:16,156 1 WARNING my_database odoo.addons.base.models.ir_cron: Tried to poll an undefined table on database my_database. 
2026-07-02 09:04:55,193 1 ERROR my_database odoo.sql_db: bad query: b"\n            SELECT latest_version\n            FROM ir_module_module\n             WHERE name='base'\n        "
ERROR: relation "ir_module_module" does not exist
LINE 3:             FROM ir_module_module
                         ^
 
2026-07-02 09:04:55,198 1 WARNING my_database odoo.addons.base.models.ir_cron: Tried to poll an undefined table on database my_database. 
2026-07-02 09:05:17,401 1 ERROR my_database odoo.sql_db: bad query: b"\n            SELECT latest_version\n            FROM ir_module_module\n             WHERE name='base'\n        "
ERROR: relation "ir_module_module" does not exist
LINE 3:             FROM ir_module_module
                         ^
 
2026-07-02 09:05:17,406 1 WARNING my_database odoo.addons.base.models.ir_cron: Tried to poll an undefined table on database my_database. 
2026-07-02 09:05:55,399 1 ERROR my_database odoo.sql_db: bad query: b"\n            SELECT latest_version\n            FROM ir_module_module\n             WHERE name='base'\n        "
ERROR: relation "ir_module_module" does not exist
LINE 3:             FROM ir_module_module
                         ^
 
2026-07-02 09:05:55,404 1 WARNING my_database odoo.addons.base.models.ir_cron: Tried to poll an undefined table on database my_database. 
2026-07-02 09:06:18,750 1 ERROR my_database odoo.sql_db: bad query: b"\n            SELECT latest_version\n            FROM ir_module_module\n             WHERE name='base'\n        "
ERROR: relation "ir_module_module" does not exist
LINE 3:             FROM ir_module_module
                         ^
 
2026-07-02 09:06:18,755 1 WARNING my_database odoo.addons.base.models.ir_cron: Tried to poll an undefined table on database my_database. 
2026-07-02 09:06:55,567 1 ERROR my_database odoo.sql_db: bad query: b"\n            SELECT latest_version\n            FROM ir_module_module\n             WHERE name='base'\n        "
ERROR: relation "ir_module_module" does not exist
LINE 3:             FROM ir_module_module
                         ^
 
2026-07-02 09:06:55,572 1 WARNING my_database odoo.addons.base.models.ir_cron: Tried to poll an undefined table on database my_database. 
2026-07-02 09:07:19,901 1 ERROR my_database odoo.sql_db: bad query: b"\n            SELECT latest_version\n            FROM ir_module_module\n             WHERE name='base'\n        "
ERROR: relation "ir_module_module" does not exist
LINE 3:             FROM ir_module_module
                         ^
 
2026-07-02 09:07:19,905 1 WARNING my_database odoo.addons.base.models.ir_cron: Tried to poll an undefined table on database my_database. 
2026-07-02 09:07:55,747 1 ERROR my_database odoo.sql_db: bad query: b"\n            SELECT latest_version\n            FROM ir_module_module\n             WHERE name='base'\n        "
ERROR: relation "ir_module_module" does not exist
LINE 3:             FROM ir_module_module
                         ^
 
2026-07-02 09:07:55,753 1 WARNING my_database odoo.addons.base.models.ir_cron: Tried to poll an undefined table on database my_database. 
2026-07-02 09:08:21,072 1 ERROR my_database odoo.sql_db: bad query: b"\n            SELECT latest_version\n            FROM ir_module_module\n             WHERE name='base'\n        "
ERROR: relation "ir_module_module" does not exist
LINE 3:             FROM ir_module_module
                         ^
 
2026-07-02 09:08:21,075 1 WARNING my_database odoo.addons.base.models.ir_cron: Tried to poll an undefined table on database my_database. 
2026-07-02 09:08:55,886 1 ERROR my_database odoo.sql_db: bad query: b"\n            SELECT latest_version\n            FROM ir_module_module\n             WHERE name='base'\n        "
ERROR: relation "ir_module_module" does not exist
LINE 3:             FROM ir_module_module
                         ^
 
2026-07-02 09:08:55,888 1 WARNING my_database odoo.addons.base.models.ir_cron: Tried to poll an undefined table on database my_database. 
2026-07-02 09:09:22,267 1 ERROR my_database odoo.sql_db: bad query: b"\n            SELECT latest_version\n            FROM ir_module_module\n             WHERE name='base'\n        "
ERROR: relation "ir_module_module" does not exist
LINE 3:             FROM ir_module_module
                         ^
 
2026-07-02 09:09:22,271 1 WARNING my_database odoo.addons.base.models.ir_cron: Tried to poll an undefined table on database my_database. 
2026-07-02 09:09:56,042 1 ERROR my_database odoo.sql_db: bad query: b"\n            SELECT latest_version\n            FROM ir_module_module\n             WHERE name='base'\n        "
ERROR: relation "ir_module_module" does not exist
LINE 3:             FROM ir_module_module
                         ^
 
2026-07-02 09:09:56,045 1 WARNING my_database odoo.addons.base.models.ir_cron: Tried to poll an undefined table on database my_database. 
2026-07-02 09:10:23,415 1 ERROR my_database odoo.sql_db: bad query: b"\n            SELECT latest_version\n            FROM ir_module_module\n             WHERE name='base'\n        "
ERROR: relation "ir_module_module" does not exist
LINE 3:             FROM ir_module_module
                         ^
 
2026-07-02 09:10:23,419 1 WARNING my_database odoo.addons.base.models.ir_cron: Tried to poll an undefined table on database my_database. 
2026-07-02 09:10:56,193 1 ERROR my_database odoo.sql_db: bad query: b"\n            SELECT latest_version\n            FROM ir_module_module\n             WHERE name='base'\n        "
ERROR: relation "ir_module_module" does not exist
LINE 3:             FROM ir_module_module
                         ^
 
2026-07-02 09:10:56,194 1 WARNING my_database odoo.addons.base.models.ir_cron: Tried to poll an undefined table on database my_database. 
2026-07-02 09:11:24,569 1 ERROR my_database odoo.sql_db: bad query: b"\n            SELECT latest_version\n            FROM ir_module_module\n             WHERE name='base'\n        "
ERROR: relation "ir_module_module" does not exist
LINE 3:             FROM ir_module_module
                         ^
 
2026-07-02 09:11:24,571 1 WARNING my_database odoo.addons.base.models.ir_cron: Tried to poll an undefined table on database my_database. 
2026-07-02 09:11:56,281 1 ERROR my_database odoo.sql_db: bad query: b"\n            SELECT latest_version\n            FROM ir_module_module\n             WHERE name='base'\n        "
ERROR: relation "ir_module_module" does not exist
LINE 3:             FROM ir_module_module
                         ^
 
2026-07-02 09:11:56,282 1 WARNING my_database odoo.addons.base.models.ir_cron: Tried to poll an undefined table on database my_database. 
2026-07-02 09:12:25,691 1 ERROR my_database odoo.sql_db: bad query: b"\n            SELECT latest_version\n            FROM ir_module_module\n             WHERE name='base'\n        "
ERROR: relation "ir_module_module" does not exist
LINE 3:             FROM ir_module_module
                         ^
 
2026-07-02 09:12:25,693 1 WARNING my_database odoo.addons.base.models.ir_cron: Tried to poll an undefined table on database my_database. 
2026-07-02 09:12:56,439 1 ERROR my_database odoo.sql_db: bad query: b"\n            SELECT latest_version\n            FROM ir_module_module\n             WHERE name='base'\n        "
ERROR: relation "ir_module_module" does not exist
LINE 3:             FROM ir_module_module
                         ^
 
2026-07-02 09:12:56,440 1 WARNING my_database odoo.addons.base.models.ir_cron: Tried to poll an undefined table on database my_database. 
2026-07-02 09:13:26,863 1 ERROR my_database odoo.sql_db: bad query: b"\n            SELECT latest_version\n            FROM ir_module_module\n             WHERE name='base'\n        "
ERROR: relation "ir_module_module" does not exist
LINE 3:             FROM ir_module_module
                         ^
 
2026-07-02 09:13:26,865 1 WARNING my_database odoo.addons.base.models.ir_cron: Tried to poll an undefined table on database my_database. 
2026-07-02 09:13:56,581 1 ERROR my_database odoo.sql_db: bad query: b"\n            SELECT latest_version\n            FROM ir_module_module\n             WHERE name='base'\n        "
ERROR: relation "ir_module_module" does not exist
LINE 3:             FROM ir_module_module
                         ^
 
2026-07-02 09:13:56,583 1 WARNING my_database odoo.addons.base.models.ir_cron: Tried to poll an undefined table on database my_database. 
2026-07-02 09:14:28,006 1 ERROR my_database odoo.sql_db: bad query: b"\n            SELECT latest_version\n            FROM ir_module_module\n             WHERE name='base'\n        "
ERROR: relation "ir_module_module" does not exist
LINE 3:             FROM ir_module_module
                         ^
 
2026-07-02 09:14:28,008 1 WARNING my_database odoo.addons.base.models.ir_cron: Tried to poll an undefined table on database my_database. 
2026-07-02 09:14:56,682 1 ERROR my_database odoo.sql_db: bad query: b"\n            SELECT latest_version\n            FROM ir_module_module\n             WHERE name='base'\n        "
ERROR: relation "ir_module_module" does not exist
LINE 3:             FROM ir_module_module
                         ^
 
2026-07-02 09:14:56,684 1 WARNING my_database odoo.addons.base.models.ir_cron: Tried to poll an undefined table on database my_database. 
2026-07-02 09:15:29,162 1 ERROR my_database odoo.sql_db: bad query: b"\n            SELECT latest_version\n            FROM ir_module_module\n             WHERE name='base'\n        "
ERROR: relation "ir_module_module" does not exist
LINE 3:             FROM ir_module_module
                         ^
 
2026-07-02 09:15:29,163 1 WARNING my_database odoo.addons.base.models.ir_cron: Tried to poll an undefined table on database my_database. 
2026-07-02 09:15:56,826 1 ERROR my_database odoo.sql_db: bad query: b"\n            SELECT latest_version\n            FROM ir_module_module\n             WHERE name='base'\n        "
ERROR: relation "ir_module_module" does not exist
LINE 3:             FROM ir_module_module
                         ^
 
2026-07-02 09:15:56,828 1 WARNING my_database odoo.addons.base.models.ir_cron: Tried to poll an undefined table on database my_database. 
2026-07-02 09:16:30,254 1 ERROR my_database odoo.sql_db: bad query: b"\n            SELECT latest_version\n            FROM ir_module_module\n             WHERE name='base'\n        "
ERROR: relation "ir_module_module" does not exist
LINE 3:             FROM ir_module_module
                         ^
 
2026-07-02 09:16:30,256 1 WARNING my_database odoo.addons.base.models.ir_cron: Tried to poll an undefined table on database my_database. 
2026-07-02 09:16:56,975 1 ERROR my_database odoo.sql_db: bad query: b"\n            SELECT latest_version\n            FROM ir_module_module\n             WHERE name='base'\n        "
ERROR: relation "ir_module_module" does not exist
LINE 3:             FROM ir_module_module
                         ^
 
2026-07-02 09:16:56,977 1 WARNING my_database odoo.addons.base.models.ir_cron: Tried to poll an undefined table on database my_database. 
2026-07-02 09:17:26,417 1 ERROR ? odoo.modules.loading: Database my_database not initialized, you can force it with `-i base` 
2026-07-02 09:17:26,420 1 INFO ? odoo.registry: Registry loaded in 0.425s 
2026-07-02 09:17:26,442 1 ERROR my_database odoo.http: Exception during request handling. 
Traceback (most recent call last):
  File "/opt/odoo/odoo/http.py", line 2702, in __call__
    response = request._serve_db()
               ^^^^^^^^^^^^^^^^^^^
  File "/opt/odoo/odoo/http.py", line 2186, in _serve_db
    rule, args = self.registry['ir.http']._match(self.httprequest.path)
                 ~~~~~~~~~~~~~^^^^^^^^^^^
  File "/opt/odoo/odoo/orm/registry.py", line 305, in __getitem__
    return self.models[model_name]
           ~~~~~~~~~~~^^^^^^^^^^^^
KeyError: 'ir.http'
2026-07-02 09:17:26,534 1 INFO my_database werkzeug: 172.18.0.1 - - [02/Jul/2026 09:17:26] "GET / HTTP/1.1" 500 - 21 0.246 0.396
2026-07-02 09:17:26,703 1 ERROR my_database odoo.http: Exception during request handling. 
Traceback (most recent call last):
  File "/opt/odoo/odoo/http.py", line 2702, in __call__
    response = request._serve_db()
               ^^^^^^^^^^^^^^^^^^^
  File "/opt/odoo/odoo/http.py", line 2186, in _serve_db
    rule, args = self.registry['ir.http']._match(self.httprequest.path)
                 ~~~~~~~~~~~~~^^^^^^^^^^^
  File "/opt/odoo/odoo/orm/registry.py", line 305, in __getitem__
    return self.models[model_name]
           ~~~~~~~~~~~^^^^^^^^^^^^
KeyError: 'ir.http'
2026-07-02 09:17:26,708 1 INFO my_database werkzeug: 172.18.0.1 - - [02/Jul/2026 09:17:26] "GET /favicon.ico HTTP/1.1" 500 - 2 0.015 0.074
2026-07-02 09:17:31,398 1 ERROR my_database odoo.sql_db: bad query: b"\n            SELECT latest_version\n            FROM ir_module_module\n             WHERE name='base'\n        "
ERROR: relation "ir_module_module" does not exist
LINE 3:             FROM ir_module_module
                         ^
 
2026-07-02 09:17:31,400 1 WARNING my_database odoo.addons.base.models.ir_cron: Tried to poll an undefined table on database my_database. 
2026-07-02 09:17:57,136 1 ERROR my_database odoo.sql_db: bad query: b"\n            SELECT latest_version\n            FROM ir_module_module\n             WHERE name='base'\n        "
ERROR: relation "ir_module_module" does not exist
LINE 3:             FROM ir_module_module
                         ^
 
2026-07-02 09:17:57,138 1 WARNING my_database odoo.addons.base.models.ir_cron: Tried to poll an undefined table on database my_database. 
2026-07-02 09:18:32,556 1 ERROR my_database odoo.sql_db: bad query: b"\n            SELECT latest_version\n            FROM ir_module_module\n             WHERE name='base'\n        "
ERROR: relation "ir_module_module" does not exist
LINE 3:             FROM ir_module_module
                         ^
 
2026-07-02 09:18:32,558 1 WARNING my_database odoo.addons.base.models.ir_cron: Tried to poll an undefined table on database my_database. 
2026-07-02 09:18:57,293 1 ERROR my_database odoo.sql_db: bad query: b"\n            SELECT latest_version\n            FROM ir_module_module\n             WHERE name='base'\n        "
ERROR: relation "ir_module_module" does not exist
LINE 3:             FROM ir_module_module
                         ^
 
2026-07-02 09:18:57,296 1 WARNING my_database odoo.addons.base.models.ir_cron: Tried to poll an undefined table on database my_database. 
2026-07-02 09:19:33,768 1 ERROR my_database odoo.sql_db: bad query: b"\n            SELECT latest_version\n            FROM ir_module_module\n             WHERE name='base'\n        "
ERROR: relation "ir_module_module" does not exist
LINE 3:             FROM ir_module_module
                         ^
 
2026-07-02 09:19:33,778 1 WARNING my_database odoo.addons.base.models.ir_cron: Tried to poll an undefined table on database my_database. 
2026-07-02 09:19:57,458 1 ERROR my_database odoo.sql_db: bad query: b"\n            SELECT latest_version\n            FROM ir_module_module\n             WHERE name='base'\n        "
ERROR: relation "ir_module_module" does not exist
LINE 3:             FROM ir_module_module
                         ^
 
2026-07-02 09:19:57,460 1 WARNING my_database odoo.addons.base.models.ir_cron: Tried to poll an undefined table on database my_database. 
2026-07-02 09:20:34,918 1 ERROR my_database odoo.sql_db: bad query: b"\n            SELECT latest_version\n            FROM ir_module_module\n             WHERE name='base'\n        "
ERROR: relation "ir_module_module" does not exist
LINE 3:             FROM ir_module_module
                         ^
 
2026-07-02 09:20:34,920 1 WARNING my_database odoo.addons.base.models.ir_cron: Tried to poll an undefined table on database my_database. 
2026-07-02 09:20:57,614 1 ERROR my_database odoo.sql_db: bad query: b"\n            SELECT latest_version\n            FROM ir_module_module\n             WHERE name='base'\n        "
ERROR: relation "ir_module_module" does not exist
LINE 3:             FROM ir_module_module
                         ^
 
2026-07-02 09:20:57,616 1 WARNING my_database odoo.addons.base.models.ir_cron: Tried to poll an undefined table on database my_database. 
2026-07-02 09:21:36,088 1 ERROR my_database odoo.sql_db: bad query: b"\n            SELECT latest_version\n            FROM ir_module_module\n             WHERE name='base'\n        "
ERROR: relation "ir_module_module" does not exist
LINE 3:             FROM ir_module_module
                         ^
 
2026-07-02 09:21:36,095 1 WARNING my_database odoo.addons.base.models.ir_cron: Tried to poll an undefined table on database my_database. 
2026-07-02 09:21:57,755 1 ERROR my_database odoo.sql_db: bad query: b"\n            SELECT latest_version\n            FROM ir_module_module\n             WHERE name='base'\n        "
ERROR: relation "ir_module_module" does not exist
LINE 3:             FROM ir_module_module
                         ^
 
2026-07-02 09:21:57,757 1 WARNING my_database odoo.addons.base.models.ir_cron: Tried to poll an undefined table on database my_database. 
2026-07-02 09:22:37,218 1 ERROR my_database odoo.sql_db: bad query: b"\n            SELECT latest_version\n            FROM ir_module_module\n             WHERE name='base'\n        "
ERROR: relation "ir_module_module" does not exist
LINE 3:             FROM ir_module_module
                         ^
 
2026-07-02 09:22:37,221 1 WARNING my_database odoo.addons.base.models.ir_cron: Tried to poll an undefined table on database my_database. 
2026-07-02 09:22:57,915 1 ERROR my_database odoo.sql_db: bad query: b"\n            SELECT latest_version\n            FROM ir_module_module\n             WHERE name='base'\n        "
ERROR: relation "ir_module_module" does not exist
LINE 3:             FROM ir_module_module
                         ^
 
2026-07-02 09:22:57,917 1 WARNING my_database odoo.addons.base.models.ir_cron: Tried to poll an undefined table on database my_database. 
2026-07-02 09:23:38,386 1 ERROR my_database odoo.sql_db: bad query: b"\n            SELECT latest_version\n            FROM ir_module_module\n             WHERE name='base'\n        "
ERROR: relation "ir_module_module" does not exist
LINE 3:             FROM ir_module_module
                         ^
 
2026-07-02 09:23:38,389 1 WARNING my_database odoo.addons.base.models.ir_cron: Tried to poll an undefined table on database my_database. 
2026-07-02 09:23:58,067 1 ERROR my_database odoo.sql_db: bad query: b"\n            SELECT latest_version\n            FROM ir_module_module\n             WHERE name='base'\n        "
ERROR: relation "ir_module_module" does not exist
LINE 3:             FROM ir_module_module
                         ^
 
2026-07-02 09:23:58,069 1 WARNING my_database odoo.addons.base.models.ir_cron: Tried to poll an undefined table on database my_database. 
2026-07-02 09:24:39,638 1 ERROR my_database odoo.sql_db: bad query: b"\n            SELECT latest_version\n            FROM ir_module_module\n             WHERE name='base'\n        "
ERROR: relation "ir_module_module" does not exist
LINE 3:             FROM ir_module_module
                         ^
 
2026-07-02 09:24:39,640 1 WARNING my_database odoo.addons.base.models.ir_cron: Tried to poll an undefined table on database my_database. 
2026-07-02 09:24:58,221 1 ERROR my_database odoo.sql_db: bad query: b"\n            SELECT latest_version\n            FROM ir_module_module\n             WHERE name='base'\n        "
ERROR: relation "ir_module_module" does not exist
LINE 3:             FROM ir_module_module
                         ^
 
2026-07-02 09:24:58,223 1 WARNING my_database odoo.addons.base.models.ir_cron: Tried to poll an undefined table on database my_database. 
2026-07-02 09:25:40,779 1 ERROR my_database odoo.sql_db: bad query: b"\n            SELECT latest_version\n            FROM ir_module_module\n             WHERE name='base'\n        "
ERROR: relation "ir_module_module" does not exist
LINE 3:             FROM ir_module_module
                         ^
 
2026-07-02 09:25:40,781 1 WARNING my_database odoo.addons.base.models.ir_cron: Tried to poll an undefined table on database my_database. 
2026-07-02 09:25:58,361 1 ERROR my_database odoo.sql_db: bad query: b"\n            SELECT latest_version\n            FROM ir_module_module\n             WHERE name='base'\n        "
ERROR: relation "ir_module_module" does not exist
LINE 3:             FROM ir_module_module
                         ^
 
2026-07-02 09:25:58,363 1 WARNING my_database odoo.addons.base.models.ir_cron: Tried to poll an undefined table on database my_database. 
2026-07-02 09:26:41,928 1 ERROR my_database odoo.sql_db: bad query: b"\n            SELECT latest_version\n            FROM ir_module_module\n             WHERE name='base'\n        "
ERROR: relation "ir_module_module" does not exist
LINE 3:             FROM ir_module_module
                         ^
 
2026-07-02 09:26:41,930 1 WARNING my_database odoo.addons.base.models.ir_cron: Tried to poll an undefined table on database my_database. 
2026-07-02 09:26:58,507 1 ERROR my_database odoo.sql_db: bad query: b"\n            SELECT latest_version\n            FROM ir_module_module\n             WHERE name='base'\n        "
ERROR: relation "ir_module_module" does not exist
LINE 3:             FROM ir_module_module
                         ^
 
2026-07-02 09:26:58,508 1 WARNING my_database odoo.addons.base.models.ir_cron: Tried to poll an undefined table on database my_database. 
2026-07-02 09:27:43,066 1 ERROR my_database odoo.sql_db: bad query: b"\n            SELECT latest_version\n            FROM ir_module_module\n             WHERE name='base'\n        "
ERROR: relation "ir_module_module" does not exist
LINE 3:             FROM ir_module_module
                         ^
 
2026-07-02 09:27:43,068 1 WARNING my_database odoo.addons.base.models.ir_cron: Tried to poll an undefined table on database my_database. 
2026-07-02 09:27:58,623 1 ERROR my_database odoo.sql_db: bad query: b"\n            SELECT latest_version\n            FROM ir_module_module\n             WHERE name='base'\n        "
ERROR: relation "ir_module_module" does not exist
LINE 3:             FROM ir_module_module
                         ^
 
2026-07-02 09:27:58,625 1 WARNING my_database odoo.addons.base.models.ir_cron: Tried to poll an undefined table on database my_database. 
2026-07-02 09:28:44,209 1 ERROR my_database odoo.sql_db: bad query: b"\n            SELECT latest_version\n            FROM ir_module_module\n             WHERE name='base'\n        "
ERROR: relation "ir_module_module" does not exist
LINE 3:             FROM ir_module_module
                         ^
 
2026-07-02 09:28:44,210 1 WARNING my_database odoo.addons.base.models.ir_cron: Tried to poll an undefined table on database my_database. 
2026-07-02 09:28:58,766 1 ERROR my_database odoo.sql_db: bad query: b"\n            SELECT latest_version\n            FROM ir_module_module\n             WHERE name='base'\n        "
ERROR: relation "ir_module_module" does not exist
LINE 3:             FROM ir_module_module
                         ^
 
2026-07-02 09:28:58,769 1 WARNING my_database odoo.addons.base.models.ir_cron: Tried to poll an undefined table on database my_database. 
2026-07-02 09:29:45,359 1 ERROR my_database odoo.sql_db: bad query: b"\n            SELECT latest_version\n            FROM ir_module_module\n             WHERE name='base'\n        "
ERROR: relation "ir_module_module" does not exist
LINE 3:             FROM ir_module_module
                         ^
 
2026-07-02 09:29:45,364 1 WARNING my_database odoo.addons.base.models.ir_cron: Tried to poll an undefined table on database my_database. 
2026-07-02 09:29:58,956 1 ERROR my_database odoo.sql_db: bad query: b"\n            SELECT latest_version\n            FROM ir_module_module\n             WHERE name='base'\n        "
ERROR: relation "ir_module_module" does not exist
LINE 3:             FROM ir_module_module
                         ^
 
2026-07-02 09:29:58,959 1 WARNING my_database odoo.addons.base.models.ir_cron: Tried to poll an undefined table on database my_database. 
2026-07-02 09:30:46,615 1 ERROR my_database odoo.sql_db: bad query: b"\n            SELECT latest_version\n            FROM ir_module_module\n             WHERE name='base'\n        "
ERROR: relation "ir_module_module" does not exist
LINE 3:             FROM ir_module_module
                         ^
 
2026-07-02 09:30:46,617 1 WARNING my_database odoo.addons.base.models.ir_cron: Tried to poll an undefined table on database my_database. 
2026-07-02 09:30:59,089 1 ERROR my_database odoo.sql_db: bad query: b"\n            SELECT latest_version\n            FROM ir_module_module\n             WHERE name='base'\n        "
ERROR: relation "ir_module_module" does not exist
LINE 3:             FROM ir_module_module
                         ^
 
2026-07-02 09:30:59,090 1 WARNING my_database odoo.addons.base.models.ir_cron: Tried to poll an undefined table on database my_database. 
2026-07-02 09:31:47,781 1 ERROR my_database odoo.sql_db: bad query: b"\n            SELECT latest_version\n            FROM ir_module_module\n             WHERE name='base'\n        "
ERROR: relation "ir_module_module" does not exist
LINE 3:             FROM ir_module_module
                         ^
 
2026-07-02 09:31:47,782 1 WARNING my_database odoo.addons.base.models.ir_cron: Tried to poll an undefined table on database my_database. 
2026-07-02 09:31:59,194 1 ERROR my_database odoo.sql_db: bad query: b"\n            SELECT latest_version\n            FROM ir_module_module\n             WHERE name='base'\n        "
ERROR: relation "ir_module_module" does not exist
LINE 3:             FROM ir_module_module
                         ^
 
2026-07-02 09:31:59,195 1 WARNING my_database odoo.addons.base.models.ir_cron: Tried to poll an undefined table on database my_database. 
2026-07-02 09:32:48,928 1 ERROR my_database odoo.sql_db: bad query: b"\n            SELECT latest_version\n            FROM ir_module_module\n             WHERE name='base'\n        "
ERROR: relation "ir_module_module" does not exist
LINE 3:             FROM ir_module_module
                         ^
 
2026-07-02 09:32:48,932 1 WARNING my_database odoo.addons.base.models.ir_cron: Tried to poll an undefined table on database my_database. 
2026-07-02 09:32:59,329 1 ERROR my_database odoo.sql_db: bad query: b"\n            SELECT latest_version\n            FROM ir_module_module\n             WHERE name='base'\n        "
ERROR: relation "ir_module_module" does not exist
LINE 3:             FROM ir_module_module
                         ^
 
2026-07-02 09:32:59,330 1 WARNING my_database odoo.addons.base.models.ir_cron: Tried to poll an undefined table on database my_database. 
2026-07-02 09:33:50,078 1 ERROR my_database odoo.sql_db: bad query: b"\n            SELECT latest_version\n            FROM ir_module_module\n             WHERE name='base'\n        "
ERROR: relation "ir_module_module" does not exist
LINE 3:             FROM ir_module_module
                         ^
 
2026-07-02 09:33:50,080 1 WARNING my_database odoo.addons.base.models.ir_cron: Tried to poll an undefined table on database my_database. 
2026-07-02 09:33:59,444 1 ERROR my_database odoo.sql_db: bad query: b"\n            SELECT latest_version\n            FROM ir_module_module\n             WHERE name='base'\n        "
ERROR: relation "ir_module_module" does not exist
LINE 3:             FROM ir_module_module
                         ^
 
2026-07-02 09:33:59,446 1 WARNING my_database odoo.addons.base.models.ir_cron: Tried to poll an undefined table on database my_database. 
2026-07-02 09:34:51,203 1 ERROR my_database odoo.sql_db: bad query: b"\n            SELECT latest_version\n            FROM ir_module_module\n             WHERE name='base'\n        "
ERROR: relation "ir_module_module" does not exist
LINE 3:             FROM ir_module_module
                         ^
 
2026-07-02 09:34:51,205 1 WARNING my_database odoo.addons.base.models.ir_cron: Tried to poll an undefined table on database my_database. 
2026-07-02 09:34:59,544 1 ERROR my_database odoo.sql_db: bad query: b"\n            SELECT latest_version\n            FROM ir_module_module\n             WHERE name='base'\n        "
ERROR: relation "ir_module_module" does not exist
LINE 3:             FROM ir_module_module
                         ^
 
2026-07-02 09:34:59,546 1 WARNING my_database odoo.addons.base.models.ir_cron: Tried to poll an undefined table on database my_database. 
2026-07-02 09:35:52,340 1 ERROR my_database odoo.sql_db: bad query: b"\n            SELECT latest_version\n            FROM ir_module_module\n             WHERE name='base'\n        "
ERROR: relation "ir_module_module" does not exist
LINE 3:             FROM ir_module_module
                         ^
 
2026-07-02 09:35:52,342 1 WARNING my_database odoo.addons.base.models.ir_cron: Tried to poll an undefined table on database my_database. 
2026-07-02 09:35:59,709 1 ERROR my_database odoo.sql_db: bad query: b"\n            SELECT latest_version\n            FROM ir_module_module\n             WHERE name='base'\n        "
ERROR: relation "ir_module_module" does not exist
LINE 3:             FROM ir_module_module
                         ^
 
2026-07-02 09:35:59,710 1 WARNING my_database odoo.addons.base.models.ir_cron: Tried to poll an undefined table on database my_database. 
2026-07-02 09:36:53,483 1 ERROR my_database odoo.sql_db: bad query: b"\n            SELECT latest_version\n            FROM ir_module_module\n             WHERE name='base'\n        "
ERROR: relation "ir_module_module" does not exist
LINE 3:             FROM ir_module_module
                         ^
 
2026-07-02 09:36:53,485 1 WARNING my_database odoo.addons.base.models.ir_cron: Tried to poll an undefined table on database my_database. 
2026-07-02 09:36:59,860 1 ERROR my_database odoo.sql_db: bad query: b"\n            SELECT latest_version\n            FROM ir_module_module\n             WHERE name='base'\n        "
ERROR: relation "ir_module_module" does not exist
LINE 3:             FROM ir_module_module
                         ^
 
2026-07-02 09:36:59,863 1 WARNING my_database odoo.addons.base.models.ir_cron: Tried to poll an undefined table on database my_database. 
2026-07-02 09:37:54,577 1 ERROR my_database odoo.sql_db: bad query: b"\n            SELECT latest_version\n            FROM ir_module_module\n             WHERE name='base'\n        "
ERROR: relation "ir_module_module" does not exist
LINE 3:             FROM ir_module_module
                         ^
 
2026-07-02 09:37:54,579 1 WARNING my_database odoo.addons.base.models.ir_cron: Tried to poll an undefined table on database my_database. 
2026-07-02 09:38:00,065 1 ERROR my_database odoo.sql_db: bad query: b"\n            SELECT latest_version\n            FROM ir_module_module\n             WHERE name='base'\n        "
ERROR: relation "ir_module_module" does not exist
LINE 3:             FROM ir_module_module
                         ^
 
2026-07-02 09:38:00,067 1 WARNING my_database odoo.addons.base.models.ir_cron: Tried to poll an undefined table on database my_database. 
2026-07-02 09:38:55,749 1 ERROR my_database odoo.sql_db: bad query: b"\n            SELECT latest_version\n            FROM ir_module_module\n             WHERE name='base'\n        "
ERROR: relation "ir_module_module" does not exist
LINE 3:             FROM ir_module_module
                         ^
 
2026-07-02 09:38:55,752 1 WARNING my_database odoo.addons.base.models.ir_cron: Tried to poll an undefined table on database my_database. 
2026-07-02 09:39:00,205 1 ERROR my_database odoo.sql_db: bad query: b"\n            SELECT latest_version\n            FROM ir_module_module\n             WHERE name='base'\n        "
ERROR: relation "ir_module_module" does not exist
LINE 3:             FROM ir_module_module
                         ^
 
2026-07-02 09:39:00,207 1 WARNING my_database odoo.addons.base.models.ir_cron: Tried to poll an undefined table on database my_database. 
2026-07-02 09:39:56,887 1 ERROR my_database odoo.sql_db: bad query: b"\n            SELECT latest_version\n            FROM ir_module_module\n             WHERE name='base'\n        "
ERROR: relation "ir_module_module" does not exist
LINE 3:             FROM ir_module_module
                         ^
 
2026-07-02 09:39:56,888 1 WARNING my_database odoo.addons.base.models.ir_cron: Tried to poll an undefined table on database my_database. 
2026-07-02 09:40:00,352 1 ERROR my_database odoo.sql_db: bad query: b"\n            SELECT latest_version\n            FROM ir_module_module\n             WHERE name='base'\n        "
ERROR: relation "ir_module_module" does not exist
LINE 3:             FROM ir_module_module
                         ^
 
2026-07-02 09:40:00,353 1 WARNING my_database odoo.addons.base.models.ir_cron: Tried to poll an undefined table on database my_database. 
2026-07-02 09:40:58,050 1 ERROR my_database odoo.sql_db: bad query: b"\n            SELECT latest_version\n            FROM ir_module_module\n             WHERE name='base'\n        "
ERROR: relation "ir_module_module" does not exist
LINE 3:             FROM ir_module_module
                         ^
 
2026-07-02 09:40:58,052 1 WARNING my_database odoo.addons.base.models.ir_cron: Tried to poll an undefined table on database my_database. 
2026-07-02 09:41:00,496 1 ERROR my_database odoo.sql_db: bad query: b"\n            SELECT latest_version\n            FROM ir_module_module\n             WHERE name='base'\n        "
ERROR: relation "ir_module_module" does not exist
LINE 3:             FROM ir_module_module
                         ^
 
2026-07-02 09:41:00,498 1 WARNING my_database odoo.addons.base.models.ir_cron: Tried to poll an undefined table on database my_database. 
2026-07-02 09:41:42,201 1 INFO ? odoo.service.server: Initiating shutdown 
2026-07-02 09:41:42,203 1 INFO ? odoo.service.server: Hit CTRL-C again or send a second signal to force the shutdown. 
2026-07-02 09:41:42,512 1 INFO ? odoo.sql_db: ConnectionPool(read/write;used=0/count=0/max=64): Closed 3 connections  
2026-07-02 09:41:42,529 1 INFO ? odoo.service.server: cron0 max age (0s) reached, releasing connection. 
2026-07-02 09:41:42,529 1 INFO ? odoo.service.server: cron1 max age (0s) reached, releasing connection. 
2026-07-02 10:42:39,239 1 INFO ? odoo: Odoo version saas~18.4 
2026-07-02 10:42:39,240 1 INFO ? odoo: Using configuration file at /opt/odoo/odoo.conf 
2026-07-02 10:42:39,241 1 INFO ? odoo: addons paths: _NamespacePath(['/opt/odoo/odoo/addons', '/opt/odoo/.local/share/Odoo/addons/saas~18.4', '/opt/odoo/addons']) 
2026-07-02 10:42:39,241 1 INFO ? odoo: database: odoo@host.docker.internal:5432 
2026-07-02 10:42:44,465 1 INFO ? odoo.service.server: HTTP service (werkzeug) running on 0e0e3956a4f6:8069 
2026-07-02 10:43:45,580 1 INFO ? odoo.sql_db: Connection to the database failed 
2026-07-02 10:43:47,763 1 ERROR my_database odoo.sql_db: bad query: b"\n            SELECT latest_version\n            FROM ir_module_module\n             WHERE name='base'\n        "
ERROR: relation "ir_module_module" does not exist
LINE 3:             FROM ir_module_module
                         ^
 
2026-07-02 10:43:47,765 1 WARNING my_database odoo.addons.base.models.ir_cron: Tried to poll an undefined table on database my_database. 
2026-07-02 10:44:48,952 1 ERROR my_database odoo.sql_db: bad query: b"\n            SELECT latest_version\n            FROM ir_module_module\n             WHERE name='base'\n        "
ERROR: relation "ir_module_module" does not exist
LINE 3:             FROM ir_module_module
                         ^
 
2026-07-02 10:44:48,955 1 WARNING my_database odoo.addons.base.models.ir_cron: Tried to poll an undefined table on database my_database. 
2026-07-02 10:45:50,106 1 ERROR my_database odoo.sql_db: bad query: b"\n            SELECT latest_version\n            FROM ir_module_module\n             WHERE name='base'\n        "
ERROR: relation "ir_module_module" does not exist
LINE 3:             FROM ir_module_module
                         ^
 
2026-07-02 10:45:50,108 1 WARNING my_database odoo.addons.base.models.ir_cron: Tried to poll an undefined table on database my_database. 
2026-07-02 10:46:51,232 1 ERROR my_database odoo.sql_db: bad query: b"\n            SELECT latest_version\n            FROM ir_module_module\n             WHERE name='base'\n        "
ERROR: relation "ir_module_module" does not exist
LINE 3:             FROM ir_module_module
                         ^
 
2026-07-02 10:46:51,234 1 WARNING my_database odoo.addons.base.models.ir_cron: Tried to poll an undefined table on database my_database. 
2026-07-02 10:47:28,583 1 INFO ? odoo.service.server: Initiating shutdown 
2026-07-02 10:47:28,584 1 INFO ? odoo.service.server: Hit CTRL-C again or send a second signal to force the shutdown. 
2026-07-02 10:47:28,942 1 INFO ? odoo.sql_db: ConnectionPool(read/write;used=0/count=0/max=64): Closed 2 connections  
2026-07-02 10:55:56,171 1 INFO ? odoo: Odoo version saas~18.4 
2026-07-02 10:55:56,173 1 INFO ? odoo: Using configuration file at /opt/odoo/odoo.conf 
2026-07-02 10:55:56,173 1 INFO ? odoo: addons paths: _NamespacePath(['/opt/odoo/odoo/addons', '/opt/odoo/.local/share/Odoo/addons/saas~18.4', '/opt/odoo/addons']) 
2026-07-02 10:55:56,174 1 INFO ? odoo: database: odoo@host.docker.internal:5432 
2026-07-02 10:55:58,461 1 INFO ? odoo.service.server: HTTP service (werkzeug) running on a6d3e5663ed7:8069 
2026-07-02 10:56:58,661 1 ERROR my_database odoo.sql_db: bad query: b"\n            SELECT latest_version\n            FROM ir_module_module\n             WHERE name='base'\n        "
ERROR: relation "ir_module_module" does not exist
LINE 3:             FROM ir_module_module
                         ^
 
2026-07-02 10:56:58,662 1 WARNING my_database odoo.addons.base.models.ir_cron: Tried to poll an undefined table on database my_database. 
2026-07-02 10:56:59,660 1 ERROR my_database odoo.sql_db: bad query: b"\n            SELECT latest_version\n            FROM ir_module_module\n             WHERE name='base'\n        "
ERROR: relation "ir_module_module" does not exist
LINE 3:             FROM ir_module_module
                         ^
 
2026-07-02 10:56:59,662 1 WARNING my_database odoo.addons.base.models.ir_cron: Tried to poll an undefined table on database my_database. 
2026-07-02 10:57:58,761 1 ERROR my_database odoo.sql_db: bad query: b"\n            SELECT latest_version\n            FROM ir_module_module\n             WHERE name='base'\n        "
ERROR: relation "ir_module_module" does not exist
LINE 3:             FROM ir_module_module
                         ^
 
2026-07-02 10:57:58,763 1 WARNING my_database odoo.addons.base.models.ir_cron: Tried to poll an undefined table on database my_database. 
2026-07-02 10:58:00,798 1 ERROR my_database odoo.sql_db: bad query: b"\n            SELECT latest_version\n            FROM ir_module_module\n             WHERE name='base'\n        "
ERROR: relation "ir_module_module" does not exist
LINE 3:             FROM ir_module_module
                         ^
 
2026-07-02 10:58:00,799 1 WARNING my_database odoo.addons.base.models.ir_cron: Tried to poll an undefined table on database my_database. 
2026-07-02 10:58:58,848 1 ERROR my_database odoo.sql_db: bad query: b"\n            SELECT latest_version\n            FROM ir_module_module\n             WHERE name='base'\n        "
ERROR: relation "ir_module_module" does not exist
LINE 3:             FROM ir_module_module
                         ^
 
2026-07-02 10:58:58,850 1 WARNING my_database odoo.addons.base.models.ir_cron: Tried to poll an undefined table on database my_database. 
2026-07-02 10:59:01,926 1 ERROR my_database odoo.sql_db: bad query: b"\n            SELECT latest_version\n            FROM ir_module_module\n             WHERE name='base'\n        "
ERROR: relation "ir_module_module" does not exist
LINE 3:             FROM ir_module_module
                         ^
 
2026-07-02 10:59:01,927 1 WARNING my_database odoo.addons.base.models.ir_cron: Tried to poll an undefined table on database my_database. 
2026-07-02 10:59:58,956 1 ERROR my_database odoo.sql_db: bad query: b"\n            SELECT latest_version\n            FROM ir_module_module\n             WHERE name='base'\n        "
ERROR: relation "ir_module_module" does not exist
LINE 3:             FROM ir_module_module
                         ^
 
2026-07-02 10:59:58,957 1 WARNING my_database odoo.addons.base.models.ir_cron: Tried to poll an undefined table on database my_database. 
2026-07-02 11:00:03,058 1 ERROR my_database odoo.sql_db: bad query: b"\n            SELECT latest_version\n            FROM ir_module_module\n             WHERE name='base'\n        "
ERROR: relation "ir_module_module" does not exist
LINE 3:             FROM ir_module_module
                         ^
 
2026-07-02 11:00:03,060 1 WARNING my_database odoo.addons.base.models.ir_cron: Tried to poll an undefined table on database my_database. 
2026-07-02 11:00:59,070 1 ERROR my_database odoo.sql_db: bad query: b"\n            SELECT latest_version\n            FROM ir_module_module\n             WHERE name='base'\n        "
ERROR: relation "ir_module_module" does not exist
LINE 3:             FROM ir_module_module
                         ^
 
2026-07-02 11:00:59,072 1 WARNING my_database odoo.addons.base.models.ir_cron: Tried to poll an undefined table on database my_database. 
2026-07-02 11:01:04,180 1 ERROR my_database odoo.sql_db: bad query: b"\n            SELECT latest_version\n            FROM ir_module_module\n             WHERE name='base'\n        "
ERROR: relation "ir_module_module" does not exist
LINE 3:             FROM ir_module_module
                         ^
 
2026-07-02 11:01:04,182 1 WARNING my_database odoo.addons.base.models.ir_cron: Tried to poll an undefined table on database my_database. 
2026-07-02 11:01:59,176 1 ERROR my_database odoo.sql_db: bad query: b"\n            SELECT latest_version\n            FROM ir_module_module\n             WHERE name='base'\n        "
ERROR: relation "ir_module_module" does not exist
LINE 3:             FROM ir_module_module
                         ^
 
2026-07-02 11:01:59,178 1 WARNING my_database odoo.addons.base.models.ir_cron: Tried to poll an undefined table on database my_database. 
2026-07-02 11:02:05,302 1 ERROR my_database odoo.sql_db: bad query: b"\n            SELECT latest_version\n            FROM ir_module_module\n             WHERE name='base'\n        "
ERROR: relation "ir_module_module" does not exist
LINE 3:             FROM ir_module_module
                         ^
 
2026-07-02 11:02:05,304 1 WARNING my_database odoo.addons.base.models.ir_cron: Tried to poll an undefined table on database my_database. 
2026-07-02 11:02:59,292 1 ERROR my_database odoo.sql_db: bad query: b"\n            SELECT latest_version\n            FROM ir_module_module\n             WHERE name='base'\n        "
ERROR: relation "ir_module_module" does not exist
LINE 3:             FROM ir_module_module
                         ^
 
2026-07-02 11:02:59,293 1 WARNING my_database odoo.addons.base.models.ir_cron: Tried to poll an undefined table on database my_database. 
2026-07-02 11:03:06,430 1 ERROR my_database odoo.sql_db: bad query: b"\n            SELECT latest_version\n            FROM ir_module_module\n             WHERE name='base'\n        "
ERROR: relation "ir_module_module" does not exist
LINE 3:             FROM ir_module_module
                         ^
 
2026-07-02 11:03:06,431 1 WARNING my_database odoo.addons.base.models.ir_cron: Tried to poll an undefined table on database my_database. 
2026-07-02 11:03:59,404 1 ERROR my_database odoo.sql_db: bad query: b"\n            SELECT latest_version\n            FROM ir_module_module\n             WHERE name='base'\n        "
ERROR: relation "ir_module_module" does not exist
LINE 3:             FROM ir_module_module
                         ^
 
2026-07-02 11:03:59,406 1 WARNING my_database odoo.addons.base.models.ir_cron: Tried to poll an undefined table on database my_database. 
2026-07-02 11:04:07,552 1 ERROR my_database odoo.sql_db: bad query: b"\n            SELECT latest_version\n            FROM ir_module_module\n             WHERE name='base'\n        "
ERROR: relation "ir_module_module" does not exist
LINE 3:             FROM ir_module_module
                         ^
 
2026-07-02 11:04:07,554 1 WARNING my_database odoo.addons.base.models.ir_cron: Tried to poll an undefined table on database my_database. 
2026-07-02 11:04:59,517 1 ERROR my_database odoo.sql_db: bad query: b"\n            SELECT latest_version\n            FROM ir_module_module\n             WHERE name='base'\n        "
ERROR: relation "ir_module_module" does not exist
LINE 3:             FROM ir_module_module
                         ^
 
2026-07-02 11:04:59,519 1 WARNING my_database odoo.addons.base.models.ir_cron: Tried to poll an undefined table on database my_database. 
2026-07-02 11:05:08,674 1 ERROR my_database odoo.sql_db: bad query: b"\n            SELECT latest_version\n            FROM ir_module_module\n             WHERE name='base'\n        "
ERROR: relation "ir_module_module" does not exist
LINE 3:             FROM ir_module_module
                         ^
 
2026-07-02 11:05:08,676 1 WARNING my_database odoo.addons.base.models.ir_cron: Tried to poll an undefined table on database my_database. 
2026-07-02 11:05:59,642 1 ERROR my_database odoo.sql_db: bad query: b"\n            SELECT latest_version\n            FROM ir_module_module\n             WHERE name='base'\n        "
ERROR: relation "ir_module_module" does not exist
LINE 3:             FROM ir_module_module
                         ^
 
2026-07-02 11:05:59,643 1 WARNING my_database odoo.addons.base.models.ir_cron: Tried to poll an undefined table on database my_database. 
2026-07-02 11:06:09,786 1 ERROR my_database odoo.sql_db: bad query: b"\n            SELECT latest_version\n            FROM ir_module_module\n             WHERE name='base'\n        "
ERROR: relation "ir_module_module" does not exist
LINE 3:             FROM ir_module_module
                         ^
 
2026-07-02 11:06:09,788 1 WARNING my_database odoo.addons.base.models.ir_cron: Tried to poll an undefined table on database my_database. 
2026-07-02 11:06:59,754 1 ERROR my_database odoo.sql_db: bad query: b"\n            SELECT latest_version\n            FROM ir_module_module\n             WHERE name='base'\n        "
ERROR: relation "ir_module_module" does not exist
LINE 3:             FROM ir_module_module
                         ^
 
2026-07-02 11:06:59,757 1 WARNING my_database odoo.addons.base.models.ir_cron: Tried to poll an undefined table on database my_database. 
2026-07-02 11:07:10,908 1 ERROR my_database odoo.sql_db: bad query: b"\n            SELECT latest_version\n            FROM ir_module_module\n             WHERE name='base'\n        "
ERROR: relation "ir_module_module" does not exist
LINE 3:             FROM ir_module_module
                         ^
 
2026-07-02 11:07:10,910 1 WARNING my_database odoo.addons.base.models.ir_cron: Tried to poll an undefined table on database my_database. 
2026-07-02 11:07:59,868 1 ERROR my_database odoo.sql_db: bad query: b"\n            SELECT latest_version\n            FROM ir_module_module\n             WHERE name='base'\n        "
ERROR: relation "ir_module_module" does not exist
LINE 3:             FROM ir_module_module
                         ^
 
2026-07-02 11:07:59,871 1 WARNING my_database odoo.addons.base.models.ir_cron: Tried to poll an undefined table on database my_database. 
2026-07-02 11:08:11,982 1 ERROR my_database odoo.sql_db: bad query: b"\n            SELECT latest_version\n            FROM ir_module_module\n             WHERE name='base'\n        "
ERROR: relation "ir_module_module" does not exist
LINE 3:             FROM ir_module_module
                         ^
 
2026-07-02 11:08:11,984 1 WARNING my_database odoo.addons.base.models.ir_cron: Tried to poll an undefined table on database my_database. 
2026-07-02 11:08:59,975 1 ERROR my_database odoo.sql_db: bad query: b"\n            SELECT latest_version\n            FROM ir_module_module\n             WHERE name='base'\n        "
ERROR: relation "ir_module_module" does not exist
LINE 3:             FROM ir_module_module
                         ^
 
2026-07-02 11:08:59,977 1 WARNING my_database odoo.addons.base.models.ir_cron: Tried to poll an undefined table on database my_database. 
2026-07-02 11:09:13,099 1 ERROR my_database odoo.sql_db: bad query: b"\n            SELECT latest_version\n            FROM ir_module_module\n             WHERE name='base'\n        "
ERROR: relation "ir_module_module" does not exist
LINE 3:             FROM ir_module_module
                         ^
 
2026-07-02 11:09:13,101 1 WARNING my_database odoo.addons.base.models.ir_cron: Tried to poll an undefined table on database my_database. 
2026-07-02 11:10:00,083 1 ERROR my_database odoo.sql_db: bad query: b"\n            SELECT latest_version\n            FROM ir_module_module\n             WHERE name='base'\n        "
ERROR: relation "ir_module_module" does not exist
LINE 3:             FROM ir_module_module
                         ^
 
2026-07-02 11:10:00,085 1 WARNING my_database odoo.addons.base.models.ir_cron: Tried to poll an undefined table on database my_database. 
2026-07-02 11:10:14,221 1 ERROR my_database odoo.sql_db: bad query: b"\n            SELECT latest_version\n            FROM ir_module_module\n             WHERE name='base'\n        "
ERROR: relation "ir_module_module" does not exist
LINE 3:             FROM ir_module_module
                         ^
 
2026-07-02 11:10:14,223 1 WARNING my_database odoo.addons.base.models.ir_cron: Tried to poll an undefined table on database my_database. 
2026-07-02 11:11:00,189 1 ERROR my_database odoo.sql_db: bad query: b"\n            SELECT latest_version\n            FROM ir_module_module\n             WHERE name='base'\n        "
ERROR: relation "ir_module_module" does not exist
LINE 3:             FROM ir_module_module
                         ^
 
2026-07-02 11:11:00,190 1 WARNING my_database odoo.addons.base.models.ir_cron: Tried to poll an undefined table on database my_database. 
2026-07-02 11:11:12,106 1 ERROR ? odoo.modules.loading: Database my_database not initialized, you can force it with `-i base` 
2026-07-02 11:11:12,107 1 INFO ? odoo.registry: Registry loaded in 0.079s 
2026-07-02 11:11:12,112 1 ERROR my_database odoo.http: Exception during request handling. 
Traceback (most recent call last):
  File "/opt/odoo/odoo/http.py", line 2702, in __call__
    response = request._serve_db()
               ^^^^^^^^^^^^^^^^^^^
  File "/opt/odoo/odoo/http.py", line 2186, in _serve_db
    rule, args = self.registry['ir.http']._match(self.httprequest.path)
                 ~~~~~~~~~~~~~^^^^^^^^^^^
  File "/opt/odoo/odoo/orm/registry.py", line 305, in __getitem__
    return self.models[model_name]
           ~~~~~~~~~~~^^^^^^^^^^^^
KeyError: 'ir.http'
2026-07-02 11:11:12,126 1 INFO my_database werkzeug: 172.18.0.1 - - [02/Jul/2026 11:11:12] "GET /favicon.ico HTTP/1.1" 500 - 9 0.038 0.115
2026-07-02 11:11:13,585 1 ERROR my_database odoo.http: Exception during request handling. 
Traceback (most recent call last):
  File "/opt/odoo/odoo/http.py", line 2702, in __call__
    response = request._serve_db()
               ^^^^^^^^^^^^^^^^^^^
  File "/opt/odoo/odoo/http.py", line 2186, in _serve_db
    rule, args = self.registry['ir.http']._match(self.httprequest.path)
                 ~~~~~~~~~~~~~^^^^^^^^^^^
  File "/opt/odoo/odoo/orm/registry.py", line 305, in __getitem__
    return self.models[model_name]
           ~~~~~~~~~~~^^^^^^^^^^^^
KeyError: 'ir.http'
2026-07-02 11:11:13,591 1 INFO my_database werkzeug: 172.18.0.1 - - [02/Jul/2026 11:11:13] "GET / HTTP/1.1" 500 - 2 0.010 0.052
2026-07-02 11:11:13,675 1 ERROR my_database odoo.http: Exception during request handling. 
Traceback (most recent call last):
  File "/opt/odoo/odoo/http.py", line 2702, in __call__
    response = request._serve_db()
               ^^^^^^^^^^^^^^^^^^^
  File "/opt/odoo/odoo/http.py", line 2186, in _serve_db
    rule, args = self.registry['ir.http']._match(self.httprequest.path)
                 ~~~~~~~~~~~~~^^^^^^^^^^^
  File "/opt/odoo/odoo/orm/registry.py", line 305, in __getitem__
    return self.models[model_name]
           ~~~~~~~~~~~^^^^^^^^^^^^
KeyError: 'ir.http'
2026-07-02 11:11:13,679 1 INFO my_database werkzeug: 172.18.0.1 - - [02/Jul/2026 11:11:13] "GET /favicon.ico HTTP/1.1" 500 - 2 0.009 0.053
2026-07-02 11:11:14,600 1 ERROR my_database odoo.http: Exception during request handling. 
Traceback (most recent call last):
  File "/opt/odoo/odoo/http.py", line 2702, in __call__
    response = request._serve_db()
               ^^^^^^^^^^^^^^^^^^^
  File "/opt/odoo/odoo/http.py", line 2186, in _serve_db
    rule, args = self.registry['ir.http']._match(self.httprequest.path)
                 ~~~~~~~~~~~~~^^^^^^^^^^^
  File "/opt/odoo/odoo/orm/registry.py", line 305, in __getitem__
    return self.models[model_name]
           ~~~~~~~~~~~^^^^^^^^^^^^
KeyError: 'ir.http'
2026-07-02 11:11:14,605 1 INFO my_database werkzeug: 172.18.0.1 - - [02/Jul/2026 11:11:14] "GET / HTTP/1.1" 500 - 2 0.008 0.043
2026-07-02 11:11:14,679 1 ERROR my_database odoo.http: Exception during request handling. 
Traceback (most recent call last):
  File "/opt/odoo/odoo/http.py", line 2702, in __call__
    response = request._serve_db()
               ^^^^^^^^^^^^^^^^^^^
  File "/opt/odoo/odoo/http.py", line 2186, in _serve_db
    rule, args = self.registry['ir.http']._match(self.httprequest.path)
                 ~~~~~~~~~~~~~^^^^^^^^^^^
  File "/opt/odoo/odoo/orm/registry.py", line 305, in __getitem__
    return self.models[model_name]
           ~~~~~~~~~~~^^^^^^^^^^^^
KeyError: 'ir.http'
2026-07-02 11:11:14,686 1 INFO my_database werkzeug: 172.18.0.1 - - [02/Jul/2026 11:11:14] "GET /favicon.ico HTTP/1.1" 500 - 2 0.008 0.048
2026-07-02 11:11:14,801 1 ERROR my_database odoo.http: Exception during request handling. 
Traceback (most recent call last):
  File "/opt/odoo/odoo/http.py", line 2702, in __call__
    response = request._serve_db()
               ^^^^^^^^^^^^^^^^^^^
  File "/opt/odoo/odoo/http.py", line 2186, in _serve_db
    rule, args = self.registry['ir.http']._match(self.httprequest.path)
                 ~~~~~~~~~~~~~^^^^^^^^^^^
  File "/opt/odoo/odoo/orm/registry.py", line 305, in __getitem__
    return self.models[model_name]
           ~~~~~~~~~~~^^^^^^^^^^^^
KeyError: 'ir.http'
2026-07-02 11:11:14,807 1 INFO my_database werkzeug: 172.18.0.1 - - [02/Jul/2026 11:11:14] "GET / HTTP/1.1" 500 - 2 0.008 0.050
2026-07-02 11:11:14,884 1 ERROR my_database odoo.http: Exception during request handling. 
Traceback (most recent call last):
  File "/opt/odoo/odoo/http.py", line 2702, in __call__
    response = request._serve_db()
               ^^^^^^^^^^^^^^^^^^^
  File "/opt/odoo/odoo/http.py", line 2186, in _serve_db
    rule, args = self.registry['ir.http']._match(self.httprequest.path)
                 ~~~~~~~~~~~~~^^^^^^^^^^^
  File "/opt/odoo/odoo/orm/registry.py", line 305, in __getitem__
    return self.models[model_name]
           ~~~~~~~~~~~^^^^^^^^^^^^
KeyError: 'ir.http'
2026-07-02 11:11:14,890 1 INFO my_database werkzeug: 172.18.0.1 - - [02/Jul/2026 11:11:14] "GET /favicon.ico HTTP/1.1" 500 - 2 0.008 0.052
2026-07-02 11:11:15,031 1 ERROR my_database odoo.http: Exception during request handling. 
Traceback (most recent call last):
  File "/opt/odoo/odoo/http.py", line 2702, in __call__
    response = request._serve_db()
               ^^^^^^^^^^^^^^^^^^^
  File "/opt/odoo/odoo/http.py", line 2186, in _serve_db
    rule, args = self.registry['ir.http']._match(self.httprequest.path)
                 ~~~~~~~~~~~~~^^^^^^^^^^^
  File "/opt/odoo/odoo/orm/registry.py", line 305, in __getitem__
    return self.models[model_name]
           ~~~~~~~~~~~^^^^^^^^^^^^
KeyError: 'ir.http'
2026-07-02 11:11:15,036 1 INFO my_database werkzeug: 172.18.0.1 - - [02/Jul/2026 11:11:15] "GET / HTTP/1.1" 500 - 2 0.014 0.083
2026-07-02 11:11:15,155 1 ERROR my_database odoo.http: Exception during request handling. 
Traceback (most recent call last):
  File "/opt/odoo/odoo/http.py", line 2702, in __call__
    response = request._serve_db()
               ^^^^^^^^^^^^^^^^^^^
  File "/opt/odoo/odoo/http.py", line 2186, in _serve_db
    rule, args = self.registry['ir.http']._match(self.httprequest.path)
                 ~~~~~~~~~~~~~^^^^^^^^^^^
  File "/opt/odoo/odoo/orm/registry.py", line 305, in __getitem__
    return self.models[model_name]
           ~~~~~~~~~~~^^^^^^^^^^^^
KeyError: 'ir.http'
2026-07-02 11:11:15,159 1 INFO my_database werkzeug: 172.18.0.1 - - [02/Jul/2026 11:11:15] "GET /favicon.ico HTTP/1.1" 500 - 2 0.010 0.082
2026-07-02 11:11:15,167 1 ERROR my_database odoo.http: Exception during request handling. 
Traceback (most recent call last):
  File "/opt/odoo/odoo/http.py", line 2702, in __call__
    response = request._serve_db()
               ^^^^^^^^^^^^^^^^^^^
  File "/opt/odoo/odoo/http.py", line 2186, in _serve_db
    rule, args = self.registry['ir.http']._match(self.httprequest.path)
                 ~~~~~~~~~~~~~^^^^^^^^^^^
  File "/opt/odoo/odoo/orm/registry.py", line 305, in __getitem__
    return self.models[model_name]
           ~~~~~~~~~~~^^^^^^^^^^^^
KeyError: 'ir.http'
2026-07-02 11:11:15,173 1 INFO my_database werkzeug: 172.18.0.1 - - [02/Jul/2026 11:11:15] "GET / HTTP/1.1" 500 - 2 0.008 0.044
2026-07-02 11:11:15,255 1 ERROR my_database odoo.http: Exception during request handling. 
Traceback (most recent call last):
  File "/opt/odoo/odoo/http.py", line 2702, in __call__
    response = request._serve_db()
               ^^^^^^^^^^^^^^^^^^^
  File "/opt/odoo/odoo/http.py", line 2186, in _serve_db
    rule, args = self.registry['ir.http']._match(self.httprequest.path)
                 ~~~~~~~~~~~~~^^^^^^^^^^^
  File "/opt/odoo/odoo/orm/registry.py", line 305, in __getitem__
    return self.models[model_name]
           ~~~~~~~~~~~^^^^^^^^^^^^
KeyError: 'ir.http'
2026-07-02 11:11:15,260 1 INFO my_database werkzeug: 172.18.0.1 - - [02/Jul/2026 11:11:15] "GET /favicon.ico HTTP/1.1" 500 - 2 0.009 0.048
2026-07-02 11:11:15,377 1 ERROR my_database odoo.sql_db: bad query: b"\n            SELECT latest_version\n            FROM ir_module_module\n             WHERE name='base'\n        "
ERROR: relation "ir_module_module" does not exist
LINE 3:             FROM ir_module_module
                         ^
 
2026-07-02 11:11:15,379 1 WARNING my_database odoo.addons.base.models.ir_cron: Tried to poll an undefined table on database my_database. 
2026-07-02 11:11:15,387 1 ERROR my_database odoo.http: Exception during request handling. 
Traceback (most recent call last):
  File "/opt/odoo/odoo/http.py", line 2702, in __call__
    response = request._serve_db()
               ^^^^^^^^^^^^^^^^^^^
  File "/opt/odoo/odoo/http.py", line 2186, in _serve_db
    rule, args = self.registry['ir.http']._match(self.httprequest.path)
                 ~~~~~~~~~~~~~^^^^^^^^^^^
  File "/opt/odoo/odoo/orm/registry.py", line 305, in __getitem__
    return self.models[model_name]
           ~~~~~~~~~~~^^^^^^^^^^^^
KeyError: 'ir.http'
2026-07-02 11:11:15,391 1 INFO my_database werkzeug: 172.18.0.1 - - [02/Jul/2026 11:11:15] "GET / HTTP/1.1" 500 - 2 0.009 0.070
2026-07-02 11:11:15,468 1 ERROR my_database odoo.http: Exception during request handling. 
Traceback (most recent call last):
  File "/opt/odoo/odoo/http.py", line 2702, in __call__
    response = request._serve_db()
               ^^^^^^^^^^^^^^^^^^^
  File "/opt/odoo/odoo/http.py", line 2186, in _serve_db
    rule, args = self.registry['ir.http']._match(self.httprequest.path)
                 ~~~~~~~~~~~~~^^^^^^^^^^^
  File "/opt/odoo/odoo/orm/registry.py", line 305, in __getitem__
    return self.models[model_name]
           ~~~~~~~~~~~^^^^^^^^^^^^
KeyError: 'ir.http'
2026-07-02 11:11:15,482 1 INFO my_database werkzeug: 172.18.0.1 - - [02/Jul/2026 11:11:15] "GET /favicon.ico HTTP/1.1" 500 - 2 0.008 0.057
2026-07-02 11:11:15,531 1 ERROR my_database odoo.http: Exception during request handling. 
Traceback (most recent call last):
  File "/opt/odoo/odoo/http.py", line 2702, in __call__
    response = request._serve_db()
               ^^^^^^^^^^^^^^^^^^^
  File "/opt/odoo/odoo/http.py", line 2186, in _serve_db
    rule, args = self.registry['ir.http']._match(self.httprequest.path)
                 ~~~~~~~~~~~~~^^^^^^^^^^^
  File "/opt/odoo/odoo/orm/registry.py", line 305, in __getitem__
    return self.models[model_name]
           ~~~~~~~~~~~^^^^^^^^^^^^
KeyError: 'ir.http'
2026-07-02 11:11:15,535 1 INFO my_database werkzeug: 172.18.0.1 - - [02/Jul/2026 11:11:15] "GET / HTTP/1.1" 500 - 2 0.010 0.044
2026-07-02 11:11:15,608 1 ERROR my_database odoo.http: Exception during request handling. 
Traceback (most recent call last):
  File "/opt/odoo/odoo/http.py", line 2702, in __call__
    response = request._serve_db()
               ^^^^^^^^^^^^^^^^^^^
  File "/opt/odoo/odoo/http.py", line 2186, in _serve_db
    rule, args = self.registry['ir.http']._match(self.httprequest.path)
                 ~~~~~~~~~~~~~^^^^^^^^^^^
  File "/opt/odoo/odoo/orm/registry.py", line 305, in __getitem__
    return self.models[model_name]
           ~~~~~~~~~~~^^^^^^^^^^^^
KeyError: 'ir.http'
2026-07-02 11:11:15,612 1 INFO my_database werkzeug: 172.18.0.1 - - [02/Jul/2026 11:11:15] "GET /favicon.ico HTTP/1.1" 500 - 2 0.008 0.044
2026-07-02 11:11:15,710 1 ERROR my_database odoo.http: Exception during request handling. 
Traceback (most recent call last):
  File "/opt/odoo/odoo/http.py", line 2702, in __call__
    response = request._serve_db()
               ^^^^^^^^^^^^^^^^^^^
  File "/opt/odoo/odoo/http.py", line 2186, in _serve_db
    rule, args = self.registry['ir.http']._match(self.httprequest.path)
                 ~~~~~~~~~~~~~^^^^^^^^^^^
  File "/opt/odoo/odoo/orm/registry.py", line 305, in __getitem__
    return self.models[model_name]
           ~~~~~~~~~~~^^^^^^^^^^^^
KeyError: 'ir.http'
2026-07-02 11:11:15,715 1 INFO my_database werkzeug: 172.18.0.1 - - [02/Jul/2026 11:11:15] "GET / HTTP/1.1" 500 - 2 0.010 0.043
2026-07-02 11:11:15,788 1 ERROR my_database odoo.http: Exception during request handling. 
Traceback (most recent call last):
  File "/opt/odoo/odoo/http.py", line 2702, in __call__
    response = request._serve_db()
               ^^^^^^^^^^^^^^^^^^^
  File "/opt/odoo/odoo/http.py", line 2186, in _serve_db
    rule, args = self.registry['ir.http']._match(self.httprequest.path)
                 ~~~~~~~~~~~~~^^^^^^^^^^^
  File "/opt/odoo/odoo/orm/registry.py", line 305, in __getitem__
    return self.models[model_name]
           ~~~~~~~~~~~^^^^^^^^^^^^
KeyError: 'ir.http'
2026-07-02 11:11:15,793 1 INFO my_database werkzeug: 172.18.0.1 - - [02/Jul/2026 11:11:15] "GET /favicon.ico HTTP/1.1" 500 - 2 0.008 0.048
2026-07-02 11:11:15,900 1 ERROR my_database odoo.http: Exception during request handling. 
Traceback (most recent call last):
  File "/opt/odoo/odoo/http.py", line 2702, in __call__
    response = request._serve_db()
               ^^^^^^^^^^^^^^^^^^^
  File "/opt/odoo/odoo/http.py", line 2186, in _serve_db
    rule, args = self.registry['ir.http']._match(self.httprequest.path)
                 ~~~~~~~~~~~~~^^^^^^^^^^^
  File "/opt/odoo/odoo/orm/registry.py", line 305, in __getitem__
    return self.models[model_name]
           ~~~~~~~~~~~^^^^^^^^^^^^
KeyError: 'ir.http'
2026-07-02 11:11:15,905 1 INFO my_database werkzeug: 172.18.0.1 - - [02/Jul/2026 11:11:15] "GET / HTTP/1.1" 500 - 2 0.007 0.049
2026-07-02 11:11:15,981 1 ERROR my_database odoo.http: Exception during request handling. 
Traceback (most recent call last):
  File "/opt/odoo/odoo/http.py", line 2702, in __call__
    response = request._serve_db()
               ^^^^^^^^^^^^^^^^^^^
  File "/opt/odoo/odoo/http.py", line 2186, in _serve_db
    rule, args = self.registry['ir.http']._match(self.httprequest.path)
                 ~~~~~~~~~~~~~^^^^^^^^^^^
  File "/opt/odoo/odoo/orm/registry.py", line 305, in __getitem__
    return self.models[model_name]
           ~~~~~~~~~~~^^^^^^^^^^^^
KeyError: 'ir.http'
2026-07-02 11:11:15,986 1 INFO my_database werkzeug: 172.18.0.1 - - [02/Jul/2026 11:11:15] "GET /favicon.ico HTTP/1.1" 500 - 2 0.008 0.050
2026-07-02 11:11:16,142 1 ERROR my_database odoo.http: Exception during request handling. 
Traceback (most recent call last):
  File "/opt/odoo/odoo/http.py", line 2702, in __call__
    response = request._serve_db()
               ^^^^^^^^^^^^^^^^^^^
  File "/opt/odoo/odoo/http.py", line 2186, in _serve_db
    rule, args = self.registry['ir.http']._match(self.httprequest.path)
                 ~~~~~~~~~~~~~^^^^^^^^^^^
  File "/opt/odoo/odoo/orm/registry.py", line 305, in __getitem__
    return self.models[model_name]
           ~~~~~~~~~~~^^^^^^^^^^^^
KeyError: 'ir.http'
2026-07-02 11:11:16,147 1 INFO my_database werkzeug: 172.18.0.1 - - [02/Jul/2026 11:11:16] "GET / HTTP/1.1" 500 - 2 0.008 0.067
2026-07-02 11:11:16,232 1 ERROR my_database odoo.http: Exception during request handling. 
Traceback (most recent call last):
  File "/opt/odoo/odoo/http.py", line 2702, in __call__
    response = request._serve_db()
               ^^^^^^^^^^^^^^^^^^^
  File "/opt/odoo/odoo/http.py", line 2186, in _serve_db
    rule, args = self.registry['ir.http']._match(self.httprequest.path)
                 ~~~~~~~~~~~~~^^^^^^^^^^^
  File "/opt/odoo/odoo/orm/registry.py", line 305, in __getitem__
    return self.models[model_name]
           ~~~~~~~~~~~^^^^^^^^^^^^
KeyError: 'ir.http'
2026-07-02 11:11:16,237 1 INFO my_database werkzeug: 172.18.0.1 - - [02/Jul/2026 11:11:16] "GET /favicon.ico HTTP/1.1" 500 - 2 0.008 0.052
2026-07-02 11:12:00,298 1 ERROR my_database odoo.sql_db: bad query: b"\n            SELECT latest_version\n            FROM ir_module_module\n             WHERE name='base'\n        "
ERROR: relation "ir_module_module" does not exist
LINE 3:             FROM ir_module_module
                         ^
 
2026-07-02 11:12:00,300 1 WARNING my_database odoo.addons.base.models.ir_cron: Tried to poll an undefined table on database my_database. 
2026-07-02 11:12:16,478 1 ERROR my_database odoo.sql_db: bad query: b"\n            SELECT latest_version\n            FROM ir_module_module\n             WHERE name='base'\n        "
ERROR: relation "ir_module_module" does not exist
LINE 3:             FROM ir_module_module
                         ^
 
2026-07-02 11:12:16,479 1 WARNING my_database odoo.addons.base.models.ir_cron: Tried to poll an undefined table on database my_database. 
2026-07-02 11:13:00,408 1 ERROR my_database odoo.sql_db: bad query: b"\n            SELECT latest_version\n            FROM ir_module_module\n             WHERE name='base'\n        "
ERROR: relation "ir_module_module" does not exist
LINE 3:             FROM ir_module_module
                         ^
 
2026-07-02 11:13:00,410 1 WARNING my_database odoo.addons.base.models.ir_cron: Tried to poll an undefined table on database my_database. 
2026-07-02 11:13:17,617 1 ERROR my_database odoo.sql_db: bad query: b"\n            SELECT latest_version\n            FROM ir_module_module\n             WHERE name='base'\n        "
ERROR: relation "ir_module_module" does not exist
LINE 3:             FROM ir_module_module
                         ^
 
2026-07-02 11:13:17,620 1 WARNING my_database odoo.addons.base.models.ir_cron: Tried to poll an undefined table on database my_database. 
2026-07-02 11:13:42,017 1 INFO ? odoo.service.server: Initiating shutdown 
2026-07-02 11:13:42,018 1 INFO ? odoo.service.server: Hit CTRL-C again or send a second signal to force the shutdown. 
2026-07-02 11:13:42,326 1 INFO ? odoo.sql_db: ConnectionPool(read/write;used=0/count=0/max=64): Closed 3 connections  
2026-07-02 11:17:52,947 1 INFO ? odoo: Odoo version saas~18.4 
2026-07-02 11:17:52,949 1 INFO ? odoo: Using configuration file at /opt/odoo/odoo.conf 
2026-07-02 11:17:52,950 1 INFO ? odoo: addons paths: _NamespacePath(['/opt/odoo/odoo/addons', '/opt/odoo/.local/share/Odoo/addons/saas~18.4', '/opt/odoo/addons']) 
2026-07-02 11:17:52,951 1 INFO ? odoo: database: odoo@host.docker.internal:5432 
2026-07-02 11:17:55,666 1 INFO ? odoo.service.server: HTTP service (werkzeug) running on d41df3cae681:8069 
2026-07-02 11:18:55,854 1 ERROR my_database odoo.sql_db: bad query: b"\n            SELECT latest_version\n            FROM ir_module_module\n             WHERE name='base'\n        "
ERROR: relation "ir_module_module" does not exist
LINE 3:             FROM ir_module_module
                         ^
 
2026-07-02 11:18:55,857 1 WARNING my_database odoo.addons.base.models.ir_cron: Tried to poll an undefined table on database my_database. 
2026-07-02 11:18:56,856 1 ERROR my_database odoo.sql_db: bad query: b"\n            SELECT latest_version\n            FROM ir_module_module\n             WHERE name='base'\n        "
ERROR: relation "ir_module_module" does not exist
LINE 3:             FROM ir_module_module
                         ^
 
2026-07-02 11:18:56,858 1 WARNING my_database odoo.addons.base.models.ir_cron: Tried to poll an undefined table on database my_database. 
2026-07-02 11:19:55,962 1 ERROR my_database odoo.sql_db: bad query: b"\n            SELECT latest_version\n            FROM ir_module_module\n             WHERE name='base'\n        "
ERROR: relation "ir_module_module" does not exist
LINE 3:             FROM ir_module_module
                         ^
 
2026-07-02 11:19:55,964 1 WARNING my_database odoo.addons.base.models.ir_cron: Tried to poll an undefined table on database my_database. 
2026-07-02 11:19:57,977 1 ERROR my_database odoo.sql_db: bad query: b"\n            SELECT latest_version\n            FROM ir_module_module\n             WHERE name='base'\n        "
ERROR: relation "ir_module_module" does not exist
LINE 3:             FROM ir_module_module
                         ^
 
2026-07-02 11:19:57,979 1 WARNING my_database odoo.addons.base.models.ir_cron: Tried to poll an undefined table on database my_database. 
2026-07-02 11:20:56,069 1 ERROR my_database odoo.sql_db: bad query: b"\n            SELECT latest_version\n            FROM ir_module_module\n             WHERE name='base'\n        "
ERROR: relation "ir_module_module" does not exist
LINE 3:             FROM ir_module_module
                         ^
 
2026-07-02 11:20:56,071 1 WARNING my_database odoo.addons.base.models.ir_cron: Tried to poll an undefined table on database my_database. 
2026-07-02 11:20:59,098 1 ERROR my_database odoo.sql_db: bad query: b"\n            SELECT latest_version\n            FROM ir_module_module\n             WHERE name='base'\n        "
ERROR: relation "ir_module_module" does not exist
LINE 3:             FROM ir_module_module
                         ^
 
2026-07-02 11:20:59,100 1 WARNING my_database odoo.addons.base.models.ir_cron: Tried to poll an undefined table on database my_database. 
2026-07-02 11:21:01,761 29 INFO ? odoo: Odoo version saas~18.4 
2026-07-02 11:21:01,761 29 INFO ? odoo: Using configuration file at /opt/odoo/odoo.conf 
2026-07-02 11:21:01,762 29 INFO ? odoo: addons paths: _NamespacePath(['/opt/odoo/odoo/addons', '/opt/odoo/.local/share/Odoo/addons/saas~18.4', '/opt/odoo/addons']) 
2026-07-02 11:21:01,762 29 INFO ? odoo: database: odoo@host.docker.internal:5432 
2026-07-02 11:21:03,572 29 INFO my_database odoo.modules.loading: Initializing database my_database 
2026-07-02 11:21:33,816 29 INFO my_database odoo.modules.loading: loading 1 modules... 
2026-07-02 11:21:33,816 29 INFO my_database odoo.modules.loading: Loading module base (1/1) 
2026-07-02 11:21:33,842 29 INFO my_database odoo.registry: module base: creating or updating database tables 
2026-07-02 11:21:34,980 29 INFO my_database odoo.models: Prepare computation of ir.module.module.menus_by_module 
2026-07-02 11:21:34,981 29 INFO my_database odoo.models: Prepare computation of ir.module.module.reports_by_module 
2026-07-02 11:21:34,981 29 INFO my_database odoo.models: Prepare computation of ir.module.module.views_by_module 
2026-07-02 11:21:35,290 29 INFO my_database odoo.models: Prepare computation of res.partner.user_id 
2026-07-02 11:21:35,290 29 INFO my_database odoo.models: Prepare computation of res.partner.commercial_partner_id 
2026-07-02 11:21:35,291 29 INFO my_database odoo.models: Prepare computation of res.partner.complete_name 
2026-07-02 11:21:35,291 29 INFO my_database odoo.models: Prepare computation of res.partner.lang 
2026-07-02 11:21:35,292 29 INFO my_database odoo.models: Prepare computation of res.partner.company_registry 
2026-07-02 11:21:35,292 29 INFO my_database odoo.models: Prepare computation of res.partner.commercial_company_name 
2026-07-02 11:21:35,292 29 INFO my_database odoo.models: Prepare computation of res.partner.partner_share 
2026-07-02 11:21:35,387 29 INFO my_database odoo.models: Prepare computation of res.currency.decimal_places 
2026-07-02 11:21:35,473 29 INFO my_database odoo.models: Prepare computation of res.company.uses_default_logo 
2026-07-02 11:21:35,473 29 INFO my_database odoo.models: Prepare computation of res.company.logo_web 
2026-07-02 11:21:35,482 29 INFO my_database odoo.models: Computing parent_path for table res_company... 
2026-07-02 11:21:35,598 29 INFO my_database odoo.models: Prepare computation of res.users.signature 
2026-07-02 11:21:35,599 29 INFO my_database odoo.models: Prepare computation of res.users.share 
2026-07-02 11:21:56,181 1 ERROR my_database odoo.sql_db: bad query: b"\n            SELECT latest_version\n            FROM ir_module_module\n             WHERE name='base'\n        "
ERROR: relation "ir_module_module" does not exist
LINE 3:             FROM ir_module_module
                         ^
 
2026-07-02 11:21:56,183 1 WARNING my_database odoo.addons.base.models.ir_cron: Tried to poll an undefined table on database my_database. 
2026-07-02 11:22:00,225 1 ERROR my_database odoo.sql_db: bad query: b"\n            SELECT latest_version\n            FROM ir_module_module\n             WHERE name='base'\n        "
ERROR: relation "ir_module_module" does not exist
LINE 3:             FROM ir_module_module
                         ^
 
2026-07-02 11:22:00,229 1 WARNING my_database odoo.addons.base.models.ir_cron: Tried to poll an undefined table on database my_database. 
2026-07-02 11:22:07,166 1 ERROR ? odoo.modules.loading: Database my_database not initialized, you can force it with `-i base` 
2026-07-02 11:22:07,168 1 INFO ? odoo.registry: Registry loaded in 0.079s 
2026-07-02 11:22:07,173 1 ERROR my_database odoo.http: Exception during request handling. 
Traceback (most recent call last):
  File "/opt/odoo/odoo/http.py", line 2702, in __call__
    response = request._serve_db()
               ^^^^^^^^^^^^^^^^^^^
  File "/opt/odoo/odoo/http.py", line 2186, in _serve_db
    rule, args = self.registry['ir.http']._match(self.httprequest.path)
                 ~~~~~~~~~~~~~^^^^^^^^^^^
  File "/opt/odoo/odoo/orm/registry.py", line 305, in __getitem__
    return self.models[model_name]
           ~~~~~~~~~~~^^^^^^^^^^^^
KeyError: 'ir.http'
2026-07-02 11:22:07,188 1 INFO my_database werkzeug: 172.18.0.1 - - [02/Jul/2026 11:22:07] "GET / HTTP/1.1" 500 - 9 0.037 0.110
2026-07-02 11:22:07,364 1 ERROR my_database odoo.http: Exception during request handling. 
Traceback (most recent call last):
  File "/opt/odoo/odoo/http.py", line 2702, in __call__
    response = request._serve_db()
               ^^^^^^^^^^^^^^^^^^^
  File "/opt/odoo/odoo/http.py", line 2186, in _serve_db
    rule, args = self.registry['ir.http']._match(self.httprequest.path)
                 ~~~~~~~~~~~~~^^^^^^^^^^^
  File "/opt/odoo/odoo/orm/registry.py", line 305, in __getitem__
    return self.models[model_name]
           ~~~~~~~~~~~^^^^^^^^^^^^
KeyError: 'ir.http'
2026-07-02 11:22:07,368 1 INFO my_database werkzeug: 172.18.0.1 - - [02/Jul/2026 11:22:07] "GET /favicon.ico HTTP/1.1" 500 - 2 0.007 0.150
2026-07-02 11:22:08,103 1 ERROR my_database odoo.http: Exception during request handling. 
Traceback (most recent call last):
  File "/opt/odoo/odoo/http.py", line 2702, in __call__
    response = request._serve_db()
               ^^^^^^^^^^^^^^^^^^^
  File "/opt/odoo/odoo/http.py", line 2186, in _serve_db
    rule, args = self.registry['ir.http']._match(self.httprequest.path)
                 ~~~~~~~~~~~~~^^^^^^^^^^^
  File "/opt/odoo/odoo/orm/registry.py", line 305, in __getitem__
    return self.models[model_name]
           ~~~~~~~~~~~^^^^^^^^^^^^
KeyError: 'ir.http'
2026-07-02 11:22:08,108 1 INFO my_database werkzeug: 172.18.0.1 - - [02/Jul/2026 11:22:08] "GET / HTTP/1.1" 500 - 2 0.008 0.042
2026-07-02 11:22:08,181 1 ERROR my_database odoo.http: Exception during request handling. 
Traceback (most recent call last):
  File "/opt/odoo/odoo/http.py", line 2702, in __call__
    response = request._serve_db()
               ^^^^^^^^^^^^^^^^^^^
  File "/opt/odoo/odoo/http.py", line 2186, in _serve_db
    rule, args = self.registry['ir.http']._match(self.httprequest.path)
                 ~~~~~~~~~~~~~^^^^^^^^^^^
  File "/opt/odoo/odoo/orm/registry.py", line 305, in __getitem__
    return self.models[model_name]
           ~~~~~~~~~~~^^^^^^^^^^^^
KeyError: 'ir.http'
2026-07-02 11:22:08,187 1 INFO my_database werkzeug: 172.18.0.1 - - [02/Jul/2026 11:22:08] "GET /favicon.ico HTTP/1.1" 500 - 2 0.009 0.046
2026-07-02 11:22:08,395 1 ERROR my_database odoo.http: Exception during request handling. 
Traceback (most recent call last):
  File "/opt/odoo/odoo/http.py", line 2702, in __call__
    response = request._serve_db()
               ^^^^^^^^^^^^^^^^^^^
  File "/opt/odoo/odoo/http.py", line 2186, in _serve_db
    rule, args = self.registry['ir.http']._match(self.httprequest.path)
                 ~~~~~~~~~~~~~^^^^^^^^^^^
  File "/opt/odoo/odoo/orm/registry.py", line 305, in __getitem__
    return self.models[model_name]
           ~~~~~~~~~~~^^^^^^^^^^^^
KeyError: 'ir.http'
2026-07-02 11:22:08,398 1 INFO my_database werkzeug: 172.18.0.1 - - [02/Jul/2026 11:22:08] "GET / HTTP/1.1" 500 - 2 0.007 0.150
2026-07-02 11:22:08,610 1 ERROR my_database odoo.http: Exception during request handling. 
Traceback (most recent call last):
  File "/opt/odoo/odoo/http.py", line 2702, in __call__
    response = request._serve_db()
               ^^^^^^^^^^^^^^^^^^^
  File "/opt/odoo/odoo/http.py", line 2186, in _serve_db
    rule, args = self.registry['ir.http']._match(self.httprequest.path)
                 ~~~~~~~~~~~~~^^^^^^^^^^^
  File "/opt/odoo/odoo/orm/registry.py", line 305, in __getitem__
    return self.models[model_name]
           ~~~~~~~~~~~^^^^^^^^^^^^
KeyError: 'ir.http'
2026-07-02 11:22:08,614 1 INFO my_database werkzeug: 172.18.0.1 - - [02/Jul/2026 11:22:08] "GET /favicon.ico HTTP/1.1" 500 - 2 0.008 0.185
2026-07-02 11:22:08,619 1 ERROR my_database odoo.http: Exception during request handling. 
Traceback (most recent call last):
  File "/opt/odoo/odoo/http.py", line 2702, in __call__
    response = request._serve_db()
               ^^^^^^^^^^^^^^^^^^^
  File "/opt/odoo/odoo/http.py", line 2186, in _serve_db
    rule, args = self.registry['ir.http']._match(self.httprequest.path)
                 ~~~~~~~~~~~~~^^^^^^^^^^^
  File "/opt/odoo/odoo/orm/registry.py", line 305, in __getitem__
    return self.models[model_name]
           ~~~~~~~~~~~^^^^^^^^^^^^
KeyError: 'ir.http'
2026-07-02 11:22:08,622 1 INFO my_database werkzeug: 172.18.0.1 - - [02/Jul/2026 11:22:08] "GET / HTTP/1.1" 500 - 2 0.013 0.174
2026-07-02 11:22:08,693 1 ERROR my_database odoo.http: Exception during request handling. 
Traceback (most recent call last):
  File "/opt/odoo/odoo/http.py", line 2702, in __call__
    response = request._serve_db()
               ^^^^^^^^^^^^^^^^^^^
  File "/opt/odoo/odoo/http.py", line 2186, in _serve_db
    rule, args = self.registry['ir.http']._match(self.httprequest.path)
                 ~~~~~~~~~~~~~^^^^^^^^^^^
  File "/opt/odoo/odoo/orm/registry.py", line 305, in __getitem__
    return self.models[model_name]
           ~~~~~~~~~~~^^^^^^^^^^^^
KeyError: 'ir.http'
2026-07-02 11:22:08,697 1 INFO my_database werkzeug: 172.18.0.1 - - [02/Jul/2026 11:22:08] "GET /favicon.ico HTTP/1.1" 500 - 2 0.007 0.042
2026-07-02 11:22:08,843 1 ERROR my_database odoo.http: Exception during request handling. 
Traceback (most recent call last):
  File "/opt/odoo/odoo/http.py", line 2702, in __call__
    response = request._serve_db()
               ^^^^^^^^^^^^^^^^^^^
  File "/opt/odoo/odoo/http.py", line 2186, in _serve_db
    rule, args = self.registry['ir.http']._match(self.httprequest.path)
                 ~~~~~~~~~~~~~^^^^^^^^^^^
  File "/opt/odoo/odoo/orm/registry.py", line 305, in __getitem__
    return self.models[model_name]
           ~~~~~~~~~~~^^^^^^^^^^^^
KeyError: 'ir.http'
2026-07-02 11:22:08,850 1 INFO my_database werkzeug: 172.18.0.1 - - [02/Jul/2026 11:22:08] "GET / HTTP/1.1" 500 - 2 0.009 0.054
2026-07-02 11:22:08,920 1 ERROR my_database odoo.http: Exception during request handling. 
Traceback (most recent call last):
  File "/opt/odoo/odoo/http.py", line 2702, in __call__
    response = request._serve_db()
               ^^^^^^^^^^^^^^^^^^^
  File "/opt/odoo/odoo/http.py", line 2186, in _serve_db
    rule, args = self.registry['ir.http']._match(self.httprequest.path)
                 ~~~~~~~~~~~~~^^^^^^^^^^^
  File "/opt/odoo/odoo/orm/registry.py", line 305, in __getitem__
    return self.models[model_name]
           ~~~~~~~~~~~^^^^^^^^^^^^
KeyError: 'ir.http'
2026-07-02 11:22:08,923 1 INFO my_database werkzeug: 172.18.0.1 - - [02/Jul/2026 11:22:08] "GET /favicon.ico HTTP/1.1" 500 - 2 0.007 0.042
2026-07-02 11:22:56,303 1 ERROR my_database odoo.sql_db: bad query: b"\n            SELECT latest_version\n            FROM ir_module_module\n             WHERE name='base'\n        "
ERROR: relation "ir_module_module" does not exist
LINE 3:             FROM ir_module_module
                         ^
 
2026-07-02 11:22:56,304 1 WARNING my_database odoo.addons.base.models.ir_cron: Tried to poll an undefined table on database my_database. 
2026-07-02 11:23:01,338 1 ERROR my_database odoo.sql_db: bad query: b"\n            SELECT latest_version\n            FROM ir_module_module\n             WHERE name='base'\n        "
ERROR: relation "ir_module_module" does not exist
LINE 3:             FROM ir_module_module
                         ^
 
2026-07-02 11:23:01,340 1 WARNING my_database odoo.addons.base.models.ir_cron: Tried to poll an undefined table on database my_database. 
2026-07-02 11:23:56,409 1 ERROR my_database odoo.sql_db: bad query: b"\n            SELECT latest_version\n            FROM ir_module_module\n             WHERE name='base'\n        "
ERROR: relation "ir_module_module" does not exist
LINE 3:             FROM ir_module_module
                         ^
 
2026-07-02 11:23:56,411 1 WARNING my_database odoo.addons.base.models.ir_cron: Tried to poll an undefined table on database my_database. 
2026-07-02 11:24:02,460 1 ERROR my_database odoo.sql_db: bad query: b"\n            SELECT latest_version\n            FROM ir_module_module\n             WHERE name='base'\n        "
ERROR: relation "ir_module_module" does not exist
LINE 3:             FROM ir_module_module
                         ^
 
2026-07-02 11:24:02,462 1 WARNING my_database odoo.addons.base.models.ir_cron: Tried to poll an undefined table on database my_database. 
2026-07-02 11:24:56,524 1 ERROR my_database odoo.sql_db: bad query: b"\n            SELECT latest_version\n            FROM ir_module_module\n             WHERE name='base'\n        "
ERROR: relation "ir_module_module" does not exist
LINE 3:             FROM ir_module_module
                         ^
 
2026-07-02 11:24:56,526 1 WARNING my_database odoo.addons.base.models.ir_cron: Tried to poll an undefined table on database my_database. 
2026-07-02 11:25:03,577 1 ERROR my_database odoo.sql_db: bad query: b"\n            SELECT latest_version\n            FROM ir_module_module\n             WHERE name='base'\n        "
ERROR: relation "ir_module_module" does not exist
LINE 3:             FROM ir_module_module
                         ^
 
2026-07-02 11:25:03,579 1 WARNING my_database odoo.addons.base.models.ir_cron: Tried to poll an undefined table on database my_database. 
2026-07-02 11:25:56,712 1 ERROR my_database odoo.sql_db: bad query: b"\n            SELECT latest_version\n            FROM ir_module_module\n             WHERE name='base'\n        "
ERROR: relation "ir_module_module" does not exist
LINE 3:             FROM ir_module_module
                         ^
 
2026-07-02 11:25:56,714 1 WARNING my_database odoo.addons.base.models.ir_cron: Tried to poll an undefined table on database my_database. 
2026-07-02 11:26:04,711 1 ERROR my_database odoo.sql_db: bad query: b"\n            SELECT latest_version\n            FROM ir_module_module\n             WHERE name='base'\n        "
ERROR: relation "ir_module_module" does not exist
LINE 3:             FROM ir_module_module
                         ^
 
2026-07-02 11:26:04,714 1 WARNING my_database odoo.addons.base.models.ir_cron: Tried to poll an undefined table on database my_database. 
2026-07-02 11:26:49,329 1 INFO ? odoo.service.server: Initiating shutdown 
2026-07-02 11:26:49,330 1 INFO ? odoo.service.server: Hit CTRL-C again or send a second signal to force the shutdown. 
2026-07-02 11:26:49,388 1 INFO ? odoo.sql_db: ConnectionPool(read/write;used=0/count=0/max=64): Closed 3 connections  
2026-07-02 11:27:00,717 1 INFO ? odoo: Odoo version saas~18.4 
2026-07-02 11:27:00,718 1 INFO ? odoo: Using configuration file at /opt/odoo/odoo.conf 
2026-07-02 11:27:00,719 1 INFO ? odoo: addons paths: _NamespacePath(['/opt/odoo/odoo/addons', '/opt/odoo/.local/share/Odoo/addons/saas~18.4', '/opt/odoo/addons']) 
2026-07-02 11:27:00,719 1 INFO ? odoo: database: odoo@host.docker.internal:5432 
2026-07-02 11:27:02,136 1 INFO ? odoo.service.server: HTTP service (werkzeug) running on cb091d39208c:8069 
2026-07-02 11:28:02,317 1 ERROR my_database odoo.sql_db: bad query: b"\n            SELECT latest_version\n            FROM ir_module_module\n             WHERE name='base'\n        "
ERROR: relation "ir_module_module" does not exist
LINE 3:             FROM ir_module_module
                         ^
 
2026-07-02 11:28:02,319 1 WARNING my_database odoo.addons.base.models.ir_cron: Tried to poll an undefined table on database my_database. 
2026-07-02 11:28:03,297 1 ERROR my_database odoo.sql_db: bad query: b"\n            SELECT latest_version\n            FROM ir_module_module\n             WHERE name='base'\n        "
ERROR: relation "ir_module_module" does not exist
LINE 3:             FROM ir_module_module
                         ^
 
2026-07-02 11:28:03,300 1 WARNING my_database odoo.addons.base.models.ir_cron: Tried to poll an undefined table on database my_database. 
2026-07-02 11:29:02,429 1 ERROR my_database odoo.sql_db: bad query: b"\n            SELECT latest_version\n            FROM ir_module_module\n             WHERE name='base'\n        "
ERROR: relation "ir_module_module" does not exist
LINE 3:             FROM ir_module_module
                         ^
 
2026-07-02 11:29:02,431 1 WARNING my_database odoo.addons.base.models.ir_cron: Tried to poll an undefined table on database my_database. 
2026-07-02 11:29:03,243 1 INFO ? odoo.service.server: Initiating shutdown 
2026-07-02 11:29:03,244 1 INFO ? odoo.service.server: Hit CTRL-C again or send a second signal to force the shutdown. 
2026-07-02 11:29:03,548 1 INFO ? odoo.sql_db: ConnectionPool(read/write;used=0/count=0/max=64): Closed 3 connections  
2026-07-02 11:29:03,560 1 INFO ? odoo.service.server: cron0 max age (0s) reached, releasing connection. 
2026-07-02 11:29:28,702 1 INFO ? odoo: Odoo version saas~18.4 
2026-07-02 11:29:28,703 1 INFO ? odoo: Using configuration file at /opt/odoo/odoo.conf 
2026-07-02 11:29:28,704 1 INFO ? odoo: addons paths: _NamespacePath(['/opt/odoo/odoo/addons', '/opt/odoo/.local/share/Odoo/addons/saas~18.4', '/opt/odoo/addons']) 
2026-07-02 11:29:28,704 1 INFO ? odoo: database: odoo@host.docker.internal:5432 
2026-07-02 11:29:30,880 1 INFO ? odoo.service.server: HTTP service (werkzeug) running on cb091d39208c:8069 
2026-07-02 11:30:08,594 1 ERROR ? odoo.modules.loading: Database my_database not initialized, you can force it with `-i base` 
2026-07-02 11:30:08,596 1 INFO ? odoo.registry: Registry loaded in 0.105s 
2026-07-02 11:30:08,601 1 ERROR my_database odoo.http: Exception during request handling. 
Traceback (most recent call last):
  File "/opt/odoo/odoo/http.py", line 2702, in __call__
    response = request._serve_db()
               ^^^^^^^^^^^^^^^^^^^
  File "/opt/odoo/odoo/http.py", line 2186, in _serve_db
    rule, args = self.registry['ir.http']._match(self.httprequest.path)
                 ~~~~~~~~~~~~~^^^^^^^^^^^
  File "/opt/odoo/odoo/orm/registry.py", line 305, in __getitem__
    return self.models[model_name]
           ~~~~~~~~~~~^^^^^^^^^^^^
KeyError: 'ir.http'
2026-07-02 11:30:08,614 1 INFO my_database werkzeug: 172.18.0.1 - - [02/Jul/2026 11:30:08] "GET / HTTP/1.1" 500 - 9 0.040 0.136
2026-07-02 11:30:08,679 1 ERROR my_database odoo.http: Exception during request handling. 
Traceback (most recent call last):
  File "/opt/odoo/odoo/http.py", line 2702, in __call__
    response = request._serve_db()
               ^^^^^^^^^^^^^^^^^^^
  File "/opt/odoo/odoo/http.py", line 2186, in _serve_db
    rule, args = self.registry['ir.http']._match(self.httprequest.path)
                 ~~~~~~~~~~~~~^^^^^^^^^^^
  File "/opt/odoo/odoo/orm/registry.py", line 305, in __getitem__
    return self.models[model_name]
           ~~~~~~~~~~~^^^^^^^^^^^^
KeyError: 'ir.http'
2026-07-02 11:30:08,682 1 INFO my_database werkzeug: 172.18.0.1 - - [02/Jul/2026 11:30:08] "GET /favicon.ico HTTP/1.1" 500 - 2 0.007 0.042
2026-07-02 11:30:09,556 1 ERROR my_database odoo.http: Exception during request handling. 
Traceback (most recent call last):
  File "/opt/odoo/odoo/http.py", line 2702, in __call__
    response = request._serve_db()
               ^^^^^^^^^^^^^^^^^^^
  File "/opt/odoo/odoo/http.py", line 2186, in _serve_db
    rule, args = self.registry['ir.http']._match(self.httprequest.path)
                 ~~~~~~~~~~~~~^^^^^^^^^^^
  File "/opt/odoo/odoo/orm/registry.py", line 305, in __getitem__
    return self.models[model_name]
           ~~~~~~~~~~~^^^^^^^^^^^^
KeyError: 'ir.http'
2026-07-02 11:30:09,560 1 INFO my_database werkzeug: 172.18.0.1 - - [02/Jul/2026 11:30:09] "GET / HTTP/1.1" 500 - 2 0.009 0.050
2026-07-02 11:30:09,632 1 ERROR my_database odoo.http: Exception during request handling. 
Traceback (most recent call last):
  File "/opt/odoo/odoo/http.py", line 2702, in __call__
    response = request._serve_db()
               ^^^^^^^^^^^^^^^^^^^
  File "/opt/odoo/odoo/http.py", line 2186, in _serve_db
    rule, args = self.registry['ir.http']._match(self.httprequest.path)
                 ~~~~~~~~~~~~~^^^^^^^^^^^
  File "/opt/odoo/odoo/orm/registry.py", line 305, in __getitem__
    return self.models[model_name]
           ~~~~~~~~~~~^^^^^^^^^^^^
KeyError: 'ir.http'
2026-07-02 11:30:09,636 1 INFO my_database werkzeug: 172.18.0.1 - - [02/Jul/2026 11:30:09] "GET /favicon.ico HTTP/1.1" 500 - 2 0.009 0.043
2026-07-02 11:30:09,736 1 ERROR my_database odoo.http: Exception during request handling. 
Traceback (most recent call last):
  File "/opt/odoo/odoo/http.py", line 2702, in __call__
    response = request._serve_db()
               ^^^^^^^^^^^^^^^^^^^
  File "/opt/odoo/odoo/http.py", line 2186, in _serve_db
    rule, args = self.registry['ir.http']._match(self.httprequest.path)
                 ~~~~~~~~~~~~~^^^^^^^^^^^
  File "/opt/odoo/odoo/orm/registry.py", line 305, in __getitem__
    return self.models[model_name]
           ~~~~~~~~~~~^^^^^^^^^^^^
KeyError: 'ir.http'
2026-07-02 11:30:09,740 1 INFO my_database werkzeug: 172.18.0.1 - - [02/Jul/2026 11:30:09] "GET / HTTP/1.1" 500 - 2 0.007 0.041
2026-07-02 11:30:09,810 1 ERROR my_database odoo.http: Exception during request handling. 
Traceback (most recent call last):
  File "/opt/odoo/odoo/http.py", line 2702, in __call__
    response = request._serve_db()
               ^^^^^^^^^^^^^^^^^^^
  File "/opt/odoo/odoo/http.py", line 2186, in _serve_db
    rule, args = self.registry['ir.http']._match(self.httprequest.path)
                 ~~~~~~~~~~~~~^^^^^^^^^^^
  File "/opt/odoo/odoo/orm/registry.py", line 305, in __getitem__
    return self.models[model_name]
           ~~~~~~~~~~~^^^^^^^^^^^^
KeyError: 'ir.http'
2026-07-02 11:30:09,815 1 INFO my_database werkzeug: 172.18.0.1 - - [02/Jul/2026 11:30:09] "GET /favicon.ico HTTP/1.1" 500 - 2 0.008 0.046
2026-07-02 11:30:09,922 1 ERROR my_database odoo.http: Exception during request handling. 
Traceback (most recent call last):
  File "/opt/odoo/odoo/http.py", line 2702, in __call__
    response = request._serve_db()
               ^^^^^^^^^^^^^^^^^^^
  File "/opt/odoo/odoo/http.py", line 2186, in _serve_db
    rule, args = self.registry['ir.http']._match(self.httprequest.path)
                 ~~~~~~~~~~~~~^^^^^^^^^^^
  File "/opt/odoo/odoo/orm/registry.py", line 305, in __getitem__
    return self.models[model_name]
           ~~~~~~~~~~~^^^^^^^^^^^^
KeyError: 'ir.http'
2026-07-02 11:30:09,925 1 INFO my_database werkzeug: 172.18.0.1 - - [02/Jul/2026 11:30:09] "GET / HTTP/1.1" 500 - 2 0.008 0.041
2026-07-02 11:30:09,993 1 ERROR my_database odoo.http: Exception during request handling. 
Traceback (most recent call last):
  File "/opt/odoo/odoo/http.py", line 2702, in __call__
    response = request._serve_db()
               ^^^^^^^^^^^^^^^^^^^
  File "/opt/odoo/odoo/http.py", line 2186, in _serve_db
    rule, args = self.registry['ir.http']._match(self.httprequest.path)
                 ~~~~~~~~~~~~~^^^^^^^^^^^
  File "/opt/odoo/odoo/orm/registry.py", line 305, in __getitem__
    return self.models[model_name]
           ~~~~~~~~~~~^^^^^^^^^^^^
KeyError: 'ir.http'
2026-07-02 11:30:09,997 1 INFO my_database werkzeug: 172.18.0.1 - - [02/Jul/2026 11:30:09] "GET /favicon.ico HTTP/1.1" 500 - 2 0.008 0.043
2026-07-02 11:30:10,098 1 ERROR my_database odoo.http: Exception during request handling. 
Traceback (most recent call last):
  File "/opt/odoo/odoo/http.py", line 2702, in __call__
    response = request._serve_db()
               ^^^^^^^^^^^^^^^^^^^
  File "/opt/odoo/odoo/http.py", line 2186, in _serve_db
    rule, args = self.registry['ir.http']._match(self.httprequest.path)
                 ~~~~~~~~~~~~~^^^^^^^^^^^
  File "/opt/odoo/odoo/orm/registry.py", line 305, in __getitem__
    return self.models[model_name]
           ~~~~~~~~~~~^^^^^^^^^^^^
KeyError: 'ir.http'
2026-07-02 11:30:10,105 1 INFO my_database werkzeug: 172.18.0.1 - - [02/Jul/2026 11:30:10] "GET / HTTP/1.1" 500 - 2 0.008 0.046
2026-07-02 11:30:10,174 1 ERROR my_database odoo.http: Exception during request handling. 
Traceback (most recent call last):
  File "/opt/odoo/odoo/http.py", line 2702, in __call__
    response = request._serve_db()
               ^^^^^^^^^^^^^^^^^^^
  File "/opt/odoo/odoo/http.py", line 2186, in _serve_db
    rule, args = self.registry['ir.http']._match(self.httprequest.path)
                 ~~~~~~~~~~~~~^^^^^^^^^^^
  File "/opt/odoo/odoo/orm/registry.py", line 305, in __getitem__
    return self.models[model_name]
           ~~~~~~~~~~~^^^^^^^^^^^^
KeyError: 'ir.http'
2026-07-02 11:30:10,178 1 INFO my_database werkzeug: 172.18.0.1 - - [02/Jul/2026 11:30:10] "GET /favicon.ico HTTP/1.1" 500 - 2 0.007 0.041
2026-07-02 11:30:10,286 1 ERROR my_database odoo.http: Exception during request handling. 
Traceback (most recent call last):
  File "/opt/odoo/odoo/http.py", line 2702, in __call__
    response = request._serve_db()
               ^^^^^^^^^^^^^^^^^^^
  File "/opt/odoo/odoo/http.py", line 2186, in _serve_db
    rule, args = self.registry['ir.http']._match(self.httprequest.path)
                 ~~~~~~~~~~~~~^^^^^^^^^^^
  File "/opt/odoo/odoo/orm/registry.py", line 305, in __getitem__
    return self.models[model_name]
           ~~~~~~~~~~~^^^^^^^^^^^^
KeyError: 'ir.http'
2026-07-02 11:30:10,290 1 INFO my_database werkzeug: 172.18.0.1 - - [02/Jul/2026 11:30:10] "GET / HTTP/1.1" 500 - 2 0.008 0.043
2026-07-02 11:30:10,358 1 ERROR my_database odoo.http: Exception during request handling. 
Traceback (most recent call last):
  File "/opt/odoo/odoo/http.py", line 2702, in __call__
    response = request._serve_db()
               ^^^^^^^^^^^^^^^^^^^
  File "/opt/odoo/odoo/http.py", line 2186, in _serve_db
    rule, args = self.registry['ir.http']._match(self.httprequest.path)
                 ~~~~~~~~~~~~~^^^^^^^^^^^
  File "/opt/odoo/odoo/orm/registry.py", line 305, in __getitem__
    return self.models[model_name]
           ~~~~~~~~~~~^^^^^^^^^^^^
KeyError: 'ir.http'
2026-07-02 11:30:10,362 1 INFO my_database werkzeug: 172.18.0.1 - - [02/Jul/2026 11:30:10] "GET /favicon.ico HTTP/1.1" 500 - 2 0.007 0.041
2026-07-02 11:30:10,505 1 ERROR my_database odoo.http: Exception during request handling. 
Traceback (most recent call last):
  File "/opt/odoo/odoo/http.py", line 2702, in __call__
    response = request._serve_db()
               ^^^^^^^^^^^^^^^^^^^
  File "/opt/odoo/odoo/http.py", line 2186, in _serve_db
    rule, args = self.registry['ir.http']._match(self.httprequest.path)
                 ~~~~~~~~~~~~~^^^^^^^^^^^
  File "/opt/odoo/odoo/orm/registry.py", line 305, in __getitem__
    return self.models[model_name]
           ~~~~~~~~~~~^^^^^^^^^^^^
KeyError: 'ir.http'
2026-07-02 11:30:10,509 1 INFO my_database werkzeug: 172.18.0.1 - - [02/Jul/2026 11:30:10] "GET / HTTP/1.1" 500 - 2 0.008 0.041
2026-07-02 11:30:10,584 1 ERROR my_database odoo.http: Exception during request handling. 
Traceback (most recent call last):
  File "/opt/odoo/odoo/http.py", line 2702, in __call__
    response = request._serve_db()
               ^^^^^^^^^^^^^^^^^^^
  File "/opt/odoo/odoo/http.py", line 2186, in _serve_db
    rule, args = self.registry['ir.http']._match(self.httprequest.path)
                 ~~~~~~~~~~~~~^^^^^^^^^^^
  File "/opt/odoo/odoo/orm/registry.py", line 305, in __getitem__
    return self.models[model_name]
           ~~~~~~~~~~~^^^^^^^^^^^^
KeyError: 'ir.http'
2026-07-02 11:30:10,588 1 INFO my_database werkzeug: 172.18.0.1 - - [02/Jul/2026 11:30:10] "GET /favicon.ico HTTP/1.1" 500 - 2 0.009 0.046
2026-07-02 11:30:10,708 1 ERROR my_database odoo.http: Exception during request handling. 
Traceback (most recent call last):
  File "/opt/odoo/odoo/http.py", line 2702, in __call__
    response = request._serve_db()
               ^^^^^^^^^^^^^^^^^^^
  File "/opt/odoo/odoo/http.py", line 2186, in _serve_db
    rule, args = self.registry['ir.http']._match(self.httprequest.path)
                 ~~~~~~~~~~~~~^^^^^^^^^^^
  File "/opt/odoo/odoo/orm/registry.py", line 305, in __getitem__
    return self.models[model_name]
           ~~~~~~~~~~~^^^^^^^^^^^^
KeyError: 'ir.http'
2026-07-02 11:30:10,713 1 INFO my_database werkzeug: 172.18.0.1 - - [02/Jul/2026 11:30:10] "GET / HTTP/1.1" 500 - 2 0.007 0.048
2026-07-02 11:30:10,783 1 ERROR my_database odoo.http: Exception during request handling. 
Traceback (most recent call last):
  File "/opt/odoo/odoo/http.py", line 2702, in __call__
    response = request._serve_db()
               ^^^^^^^^^^^^^^^^^^^
  File "/opt/odoo/odoo/http.py", line 2186, in _serve_db
    rule, args = self.registry['ir.http']._match(self.httprequest.path)
                 ~~~~~~~~~~~~~^^^^^^^^^^^
  File "/opt/odoo/odoo/orm/registry.py", line 305, in __getitem__
    return self.models[model_name]
           ~~~~~~~~~~~^^^^^^^^^^^^
KeyError: 'ir.http'
2026-07-02 11:30:10,786 1 INFO my_database werkzeug: 172.18.0.1 - - [02/Jul/2026 11:30:10] "GET /favicon.ico HTTP/1.1" 500 - 2 0.007 0.043
2026-07-02 11:30:10,929 1 ERROR my_database odoo.http: Exception during request handling. 
Traceback (most recent call last):
  File "/opt/odoo/odoo/http.py", line 2702, in __call__
    response = request._serve_db()
               ^^^^^^^^^^^^^^^^^^^
  File "/opt/odoo/odoo/http.py", line 2186, in _serve_db
    rule, args = self.registry['ir.http']._match(self.httprequest.path)
                 ~~~~~~~~~~~~~^^^^^^^^^^^
  File "/opt/odoo/odoo/orm/registry.py", line 305, in __getitem__
    return self.models[model_name]
           ~~~~~~~~~~~^^^^^^^^^^^^
KeyError: 'ir.http'
2026-07-02 11:30:10,933 1 INFO my_database werkzeug: 172.18.0.1 - - [02/Jul/2026 11:30:10] "GET / HTTP/1.1" 500 - 2 0.007 0.045
2026-07-02 11:30:11,005 1 ERROR my_database odoo.http: Exception during request handling. 
Traceback (most recent call last):
  File "/opt/odoo/odoo/http.py", line 2702, in __call__
    response = request._serve_db()
               ^^^^^^^^^^^^^^^^^^^
  File "/opt/odoo/odoo/http.py", line 2186, in _serve_db
    rule, args = self.registry['ir.http']._match(self.httprequest.path)
                 ~~~~~~~~~~~~~^^^^^^^^^^^
  File "/opt/odoo/odoo/orm/registry.py", line 305, in __getitem__
    return self.models[model_name]
           ~~~~~~~~~~~^^^^^^^^^^^^
KeyError: 'ir.http'
2026-07-02 11:30:11,009 1 INFO my_database werkzeug: 172.18.0.1 - - [02/Jul/2026 11:30:11] "GET /favicon.ico HTTP/1.1" 500 - 2 0.007 0.045
2026-07-02 11:30:31,021 1 ERROR my_database odoo.sql_db: bad query: b"\n            SELECT latest_version\n            FROM ir_module_module\n             WHERE name='base'\n        "
ERROR: relation "ir_module_module" does not exist
LINE 3:             FROM ir_module_module
                         ^
 
2026-07-02 11:30:31,023 1 WARNING my_database odoo.addons.base.models.ir_cron: Tried to poll an undefined table on database my_database. 
2026-07-02 11:30:32,075 1 ERROR my_database odoo.sql_db: bad query: b"\n            SELECT latest_version\n            FROM ir_module_module\n             WHERE name='base'\n        "
ERROR: relation "ir_module_module" does not exist
LINE 3:             FROM ir_module_module
                         ^
 
2026-07-02 11:30:32,076 1 WARNING my_database odoo.addons.base.models.ir_cron: Tried to poll an undefined table on database my_database. 
2026-07-02 11:31:31,129 1 ERROR my_database odoo.sql_db: bad query: b"\n            SELECT latest_version\n            FROM ir_module_module\n             WHERE name='base'\n        "
ERROR: relation "ir_module_module" does not exist
LINE 3:             FROM ir_module_module
                         ^
 
2026-07-02 11:31:31,131 1 WARNING my_database odoo.addons.base.models.ir_cron: Tried to poll an undefined table on database my_database. 
2026-07-02 11:31:33,140 1 ERROR my_database odoo.sql_db: bad query: b"\n            SELECT latest_version\n            FROM ir_module_module\n             WHERE name='base'\n        "
ERROR: relation "ir_module_module" does not exist
LINE 3:             FROM ir_module_module
                         ^
 
2026-07-02 11:31:33,142 1 WARNING my_database odoo.addons.base.models.ir_cron: Tried to poll an undefined table on database my_database. 
2026-07-02 11:32:31,244 1 ERROR my_database odoo.sql_db: bad query: b"\n            SELECT latest_version\n            FROM ir_module_module\n             WHERE name='base'\n        "
ERROR: relation "ir_module_module" does not exist
LINE 3:             FROM ir_module_module
                         ^
 
2026-07-02 11:32:31,246 1 WARNING my_database odoo.addons.base.models.ir_cron: Tried to poll an undefined table on database my_database. 
2026-07-02 11:32:34,266 1 ERROR my_database odoo.sql_db: bad query: b"\n            SELECT latest_version\n            FROM ir_module_module\n             WHERE name='base'\n        "
ERROR: relation "ir_module_module" does not exist
LINE 3:             FROM ir_module_module
                         ^
 
2026-07-02 11:32:34,270 1 WARNING my_database odoo.addons.base.models.ir_cron: Tried to poll an undefined table on database my_database. 
2026-07-02 11:33:31,354 1 ERROR my_database odoo.sql_db: bad query: b"\n            SELECT latest_version\n            FROM ir_module_module\n             WHERE name='base'\n        "
ERROR: relation "ir_module_module" does not exist
LINE 3:             FROM ir_module_module
                         ^
 
2026-07-02 11:33:31,355 1 WARNING my_database odoo.addons.base.models.ir_cron: Tried to poll an undefined table on database my_database. 
2026-07-02 11:33:35,388 1 ERROR my_database odoo.sql_db: bad query: b"\n            SELECT latest_version\n            FROM ir_module_module\n             WHERE name='base'\n        "
ERROR: relation "ir_module_module" does not exist
LINE 3:             FROM ir_module_module
                         ^
 
2026-07-02 11:33:35,389 1 WARNING my_database odoo.addons.base.models.ir_cron: Tried to poll an undefined table on database my_database. 
2026-07-02 11:34:31,464 1 ERROR my_database odoo.sql_db: bad query: b"\n            SELECT latest_version\n            FROM ir_module_module\n             WHERE name='base'\n        "
ERROR: relation "ir_module_module" does not exist
LINE 3:             FROM ir_module_module
                         ^
 
2026-07-02 11:34:31,466 1 WARNING my_database odoo.addons.base.models.ir_cron: Tried to poll an undefined table on database my_database. 
2026-07-02 11:34:36,509 1 ERROR my_database odoo.sql_db: bad query: b"\n            SELECT latest_version\n            FROM ir_module_module\n             WHERE name='base'\n        "
ERROR: relation "ir_module_module" does not exist
LINE 3:             FROM ir_module_module
                         ^
 
2026-07-02 11:34:36,511 1 WARNING my_database odoo.addons.base.models.ir_cron: Tried to poll an undefined table on database my_database. 
2026-07-02 11:35:31,587 1 ERROR my_database odoo.sql_db: bad query: b"\n            SELECT latest_version\n            FROM ir_module_module\n             WHERE name='base'\n        "
ERROR: relation "ir_module_module" does not exist
LINE 3:             FROM ir_module_module
                         ^
 
2026-07-02 11:35:31,590 1 WARNING my_database odoo.addons.base.models.ir_cron: Tried to poll an undefined table on database my_database. 
2026-07-02 11:35:37,628 1 ERROR my_database odoo.sql_db: bad query: b"\n            SELECT latest_version\n            FROM ir_module_module\n             WHERE name='base'\n        "
ERROR: relation "ir_module_module" does not exist
LINE 3:             FROM ir_module_module
                         ^
 
2026-07-02 11:35:37,629 1 WARNING my_database odoo.addons.base.models.ir_cron: Tried to poll an undefined table on database my_database. 
2026-07-02 11:36:31,691 1 ERROR my_database odoo.sql_db: bad query: b"\n            SELECT latest_version\n            FROM ir_module_module\n             WHERE name='base'\n        "
ERROR: relation "ir_module_module" does not exist
LINE 3:             FROM ir_module_module
                         ^
 
2026-07-02 11:36:31,693 1 WARNING my_database odoo.addons.base.models.ir_cron: Tried to poll an undefined table on database my_database. 
2026-07-02 11:36:38,728 1 ERROR my_database odoo.sql_db: bad query: b"\n            SELECT latest_version\n            FROM ir_module_module\n             WHERE name='base'\n        "
ERROR: relation "ir_module_module" does not exist
LINE 3:             FROM ir_module_module
                         ^
 
2026-07-02 11:36:38,730 1 WARNING my_database odoo.addons.base.models.ir_cron: Tried to poll an undefined table on database my_database. 
2026-07-02 11:37:31,813 1 ERROR my_database odoo.sql_db: bad query: b"\n            SELECT latest_version\n            FROM ir_module_module\n             WHERE name='base'\n        "
ERROR: relation "ir_module_module" does not exist
LINE 3:             FROM ir_module_module
                         ^
 
2026-07-02 11:37:31,815 1 WARNING my_database odoo.addons.base.models.ir_cron: Tried to poll an undefined table on database my_database. 
2026-07-02 11:37:39,850 1 ERROR my_database odoo.sql_db: bad query: b"\n            SELECT latest_version\n            FROM ir_module_module\n             WHERE name='base'\n        "
ERROR: relation "ir_module_module" does not exist
LINE 3:             FROM ir_module_module
                         ^
 
2026-07-02 11:37:39,852 1 WARNING my_database odoo.addons.base.models.ir_cron: Tried to poll an undefined table on database my_database. 
2026-07-02 11:38:31,966 1 ERROR my_database odoo.sql_db: bad query: b"\n            SELECT latest_version\n            FROM ir_module_module\n             WHERE name='base'\n        "
ERROR: relation "ir_module_module" does not exist
LINE 3:             FROM ir_module_module
                         ^
 
2026-07-02 11:38:31,968 1 WARNING my_database odoo.addons.base.models.ir_cron: Tried to poll an undefined table on database my_database. 
2026-07-02 11:38:40,974 1 ERROR my_database odoo.sql_db: bad query: b"\n            SELECT latest_version\n            FROM ir_module_module\n             WHERE name='base'\n        "
ERROR: relation "ir_module_module" does not exist
LINE 3:             FROM ir_module_module
                         ^
 
2026-07-02 11:38:40,977 1 WARNING my_database odoo.addons.base.models.ir_cron: Tried to poll an undefined table on database my_database. 
2026-07-02 11:39:28,327 1 ERROR my_database odoo.http: Exception during request handling. 
Traceback (most recent call last):
  File "/opt/odoo/odoo/http.py", line 2702, in __call__
    response = request._serve_db()
               ^^^^^^^^^^^^^^^^^^^
  File "/opt/odoo/odoo/http.py", line 2186, in _serve_db
    rule, args = self.registry['ir.http']._match(self.httprequest.path)
                 ~~~~~~~~~~~~~^^^^^^^^^^^
  File "/opt/odoo/odoo/orm/registry.py", line 305, in __getitem__
    return self.models[model_name]
           ~~~~~~~~~~~^^^^^^^^^^^^
KeyError: 'ir.http'
2026-07-02 11:39:28,332 1 INFO my_database werkzeug: 172.18.0.1 - - [02/Jul/2026 11:39:28] "GET /web HTTP/1.1" 500 - 2 0.009 0.046
2026-07-02 11:39:28,401 1 ERROR my_database odoo.http: Exception during request handling. 
Traceback (most recent call last):
  File "/opt/odoo/odoo/http.py", line 2702, in __call__
    response = request._serve_db()
               ^^^^^^^^^^^^^^^^^^^
  File "/opt/odoo/odoo/http.py", line 2186, in _serve_db
    rule, args = self.registry['ir.http']._match(self.httprequest.path)
                 ~~~~~~~~~~~~~^^^^^^^^^^^
  File "/opt/odoo/odoo/orm/registry.py", line 305, in __getitem__
    return self.models[model_name]
           ~~~~~~~~~~~^^^^^^^^^^^^
KeyError: 'ir.http'
2026-07-02 11:39:28,406 1 INFO my_database werkzeug: 172.18.0.1 - - [02/Jul/2026 11:39:28] "GET /favicon.ico HTTP/1.1" 500 - 2 0.007 0.046
2026-07-02 11:39:32,081 1 ERROR my_database odoo.sql_db: bad query: b"\n            SELECT latest_version\n            FROM ir_module_module\n             WHERE name='base'\n        "
ERROR: relation "ir_module_module" does not exist
LINE 3:             FROM ir_module_module
                         ^
 
2026-07-02 11:39:32,083 1 WARNING my_database odoo.addons.base.models.ir_cron: Tried to poll an undefined table on database my_database. 
2026-07-02 11:39:42,099 1 ERROR my_database odoo.sql_db: bad query: b"\n            SELECT latest_version\n            FROM ir_module_module\n             WHERE name='base'\n        "
ERROR: relation "ir_module_module" does not exist
LINE 3:             FROM ir_module_module
                         ^
 
2026-07-02 11:39:42,102 1 WARNING my_database odoo.addons.base.models.ir_cron: Tried to poll an undefined table on database my_database. 
2026-07-02 11:40:32,205 1 ERROR my_database odoo.sql_db: bad query: b"\n            SELECT latest_version\n            FROM ir_module_module\n             WHERE name='base'\n        "
ERROR: relation "ir_module_module" does not exist
LINE 3:             FROM ir_module_module
                         ^
 
2026-07-02 11:40:32,207 1 WARNING my_database odoo.addons.base.models.ir_cron: Tried to poll an undefined table on database my_database. 
2026-07-02 11:40:43,230 1 ERROR my_database odoo.sql_db: bad query: b"\n            SELECT latest_version\n            FROM ir_module_module\n             WHERE name='base'\n        "
ERROR: relation "ir_module_module" does not exist
LINE 3:             FROM ir_module_module
                         ^
 
2026-07-02 11:40:43,232 1 WARNING my_database odoo.addons.base.models.ir_cron: Tried to poll an undefined table on database my_database. 
2026-07-02 11:41:32,320 1 ERROR my_database odoo.sql_db: bad query: b"\n            SELECT latest_version\n            FROM ir_module_module\n             WHERE name='base'\n        "
ERROR: relation "ir_module_module" does not exist
LINE 3:             FROM ir_module_module
                         ^
 
2026-07-02 11:41:32,322 1 WARNING my_database odoo.addons.base.models.ir_cron: Tried to poll an undefined table on database my_database. 
2026-07-02 11:41:44,320 1 ERROR my_database odoo.sql_db: bad query: b"\n            SELECT latest_version\n            FROM ir_module_module\n             WHERE name='base'\n        "
ERROR: relation "ir_module_module" does not exist
LINE 3:             FROM ir_module_module
                         ^
 
2026-07-02 11:41:44,322 1 WARNING my_database odoo.addons.base.models.ir_cron: Tried to poll an undefined table on database my_database. 
2026-07-02 11:42:32,436 1 ERROR my_database odoo.sql_db: bad query: b"\n            SELECT latest_version\n            FROM ir_module_module\n             WHERE name='base'\n        "
ERROR: relation "ir_module_module" does not exist
LINE 3:             FROM ir_module_module
                         ^
 
2026-07-02 11:42:32,438 1 WARNING my_database odoo.addons.base.models.ir_cron: Tried to poll an undefined table on database my_database. 
2026-07-02 11:42:45,454 1 ERROR my_database odoo.sql_db: bad query: b"\n            SELECT latest_version\n            FROM ir_module_module\n             WHERE name='base'\n        "
ERROR: relation "ir_module_module" does not exist
LINE 3:             FROM ir_module_module
                         ^
 
2026-07-02 11:42:45,456 1 WARNING my_database odoo.addons.base.models.ir_cron: Tried to poll an undefined table on database my_database. 
2026-07-02 11:43:32,537 1 ERROR my_database odoo.sql_db: bad query: b"\n            SELECT latest_version\n            FROM ir_module_module\n             WHERE name='base'\n        "
ERROR: relation "ir_module_module" does not exist
LINE 3:             FROM ir_module_module
                         ^
 
2026-07-02 11:43:32,538 1 WARNING my_database odoo.addons.base.models.ir_cron: Tried to poll an undefined table on database my_database. 
2026-07-02 11:43:46,583 1 ERROR my_database odoo.sql_db: bad query: b"\n            SELECT latest_version\n            FROM ir_module_module\n             WHERE name='base'\n        "
ERROR: relation "ir_module_module" does not exist
LINE 3:             FROM ir_module_module
                         ^
 
2026-07-02 11:43:46,585 1 WARNING my_database odoo.addons.base.models.ir_cron: Tried to poll an undefined table on database my_database. 
2026-07-02 11:44:32,661 1 ERROR my_database odoo.sql_db: bad query: b"\n            SELECT latest_version\n            FROM ir_module_module\n             WHERE name='base'\n        "
ERROR: relation "ir_module_module" does not exist
LINE 3:             FROM ir_module_module
                         ^
 
2026-07-02 11:44:32,663 1 WARNING my_database odoo.addons.base.models.ir_cron: Tried to poll an undefined table on database my_database. 
2026-07-02 11:44:47,698 1 ERROR my_database odoo.sql_db: bad query: b"\n            SELECT latest_version\n            FROM ir_module_module\n             WHERE name='base'\n        "
ERROR: relation "ir_module_module" does not exist
LINE 3:             FROM ir_module_module
                         ^
 
2026-07-02 11:44:47,700 1 WARNING my_database odoo.addons.base.models.ir_cron: Tried to poll an undefined table on database my_database. 
2026-07-02 11:45:32,772 1 ERROR my_database odoo.sql_db: bad query: b"\n            SELECT latest_version\n            FROM ir_module_module\n             WHERE name='base'\n        "
ERROR: relation "ir_module_module" does not exist
LINE 3:             FROM ir_module_module
                         ^
 
2026-07-02 11:45:32,774 1 WARNING my_database odoo.addons.base.models.ir_cron: Tried to poll an undefined table on database my_database. 
2026-07-02 11:45:48,791 1 ERROR my_database odoo.sql_db: bad query: b"\n            SELECT latest_version\n            FROM ir_module_module\n             WHERE name='base'\n        "
ERROR: relation "ir_module_module" does not exist
LINE 3:             FROM ir_module_module
                         ^
 
2026-07-02 11:45:48,792 1 WARNING my_database odoo.addons.base.models.ir_cron: Tried to poll an undefined table on database my_database. 
2026-07-02 11:46:32,886 1 ERROR my_database odoo.sql_db: bad query: b"\n            SELECT latest_version\n            FROM ir_module_module\n             WHERE name='base'\n        "
ERROR: relation "ir_module_module" does not exist
LINE 3:             FROM ir_module_module
                         ^
 
2026-07-02 11:46:32,887 1 WARNING my_database odoo.addons.base.models.ir_cron: Tried to poll an undefined table on database my_database. 
2026-07-02 11:46:49,894 1 ERROR my_database odoo.sql_db: bad query: b"\n            SELECT latest_version\n            FROM ir_module_module\n             WHERE name='base'\n        "
ERROR: relation "ir_module_module" does not exist
LINE 3:             FROM ir_module_module
                         ^
 
2026-07-02 11:46:49,896 1 WARNING my_database odoo.addons.base.models.ir_cron: Tried to poll an undefined table on database my_database. 
2026-07-02 11:47:32,994 1 ERROR my_database odoo.sql_db: bad query: b"\n            SELECT latest_version\n            FROM ir_module_module\n             WHERE name='base'\n        "
ERROR: relation "ir_module_module" does not exist
LINE 3:             FROM ir_module_module
                         ^
 
2026-07-02 11:47:32,996 1 WARNING my_database odoo.addons.base.models.ir_cron: Tried to poll an undefined table on database my_database. 
2026-07-02 11:47:51,029 1 ERROR my_database odoo.sql_db: bad query: b"\n            SELECT latest_version\n            FROM ir_module_module\n             WHERE name='base'\n        "
ERROR: relation "ir_module_module" does not exist
LINE 3:             FROM ir_module_module
                         ^
 
2026-07-02 11:47:51,030 1 WARNING my_database odoo.addons.base.models.ir_cron: Tried to poll an undefined table on database my_database. 
2026-07-02 11:48:33,104 1 ERROR my_database odoo.sql_db: bad query: b"\n            SELECT latest_version\n            FROM ir_module_module\n             WHERE name='base'\n        "
ERROR: relation "ir_module_module" does not exist
LINE 3:             FROM ir_module_module
                         ^
 
2026-07-02 11:48:33,106 1 WARNING my_database odoo.addons.base.models.ir_cron: Tried to poll an undefined table on database my_database. 
2026-07-02 11:48:52,152 1 ERROR my_database odoo.sql_db: bad query: b"\n            SELECT latest_version\n            FROM ir_module_module\n             WHERE name='base'\n        "
ERROR: relation "ir_module_module" does not exist
LINE 3:             FROM ir_module_module
                         ^
 
2026-07-02 11:48:52,154 1 WARNING my_database odoo.addons.base.models.ir_cron: Tried to poll an undefined table on database my_database. 
2026-07-02 11:49:33,217 1 ERROR my_database odoo.sql_db: bad query: b"\n            SELECT latest_version\n            FROM ir_module_module\n             WHERE name='base'\n        "
ERROR: relation "ir_module_module" does not exist
LINE 3:             FROM ir_module_module
                         ^
 
2026-07-02 11:49:33,219 1 WARNING my_database odoo.addons.base.models.ir_cron: Tried to poll an undefined table on database my_database. 
2026-07-02 11:49:53,284 1 ERROR my_database odoo.sql_db: bad query: b"\n            SELECT latest_version\n            FROM ir_module_module\n             WHERE name='base'\n        "
ERROR: relation "ir_module_module" does not exist
LINE 3:             FROM ir_module_module
                         ^
 
2026-07-02 11:49:53,285 1 WARNING my_database odoo.addons.base.models.ir_cron: Tried to poll an undefined table on database my_database. 
2026-07-02 11:50:33,323 1 ERROR my_database odoo.sql_db: bad query: b"\n            SELECT latest_version\n            FROM ir_module_module\n             WHERE name='base'\n        "
ERROR: relation "ir_module_module" does not exist
LINE 3:             FROM ir_module_module
                         ^
 
2026-07-02 11:50:33,325 1 WARNING my_database odoo.addons.base.models.ir_cron: Tried to poll an undefined table on database my_database. 
2026-07-02 11:50:54,406 1 ERROR my_database odoo.sql_db: bad query: b"\n            SELECT latest_version\n            FROM ir_module_module\n             WHERE name='base'\n        "
ERROR: relation "ir_module_module" does not exist
LINE 3:             FROM ir_module_module
                         ^
 
2026-07-02 11:50:54,407 1 WARNING my_database odoo.addons.base.models.ir_cron: Tried to poll an undefined table on database my_database. 
2026-07-02 11:51:33,437 1 ERROR my_database odoo.sql_db: bad query: b"\n            SELECT latest_version\n            FROM ir_module_module\n             WHERE name='base'\n        "
ERROR: relation "ir_module_module" does not exist
LINE 3:             FROM ir_module_module
                         ^
 
2026-07-02 11:51:33,439 1 WARNING my_database odoo.addons.base.models.ir_cron: Tried to poll an undefined table on database my_database. 
2026-07-02 11:51:55,525 1 ERROR my_database odoo.sql_db: bad query: b"\n            SELECT latest_version\n            FROM ir_module_module\n             WHERE name='base'\n        "
ERROR: relation "ir_module_module" does not exist
LINE 3:             FROM ir_module_module
                         ^
 
2026-07-02 11:51:55,527 1 WARNING my_database odoo.addons.base.models.ir_cron: Tried to poll an undefined table on database my_database. 
2026-07-02 11:52:33,518 1 ERROR my_database odoo.sql_db: bad query: b"\n            SELECT latest_version\n            FROM ir_module_module\n             WHERE name='base'\n        "
ERROR: relation "ir_module_module" does not exist
LINE 3:             FROM ir_module_module
                         ^
 
2026-07-02 11:52:33,520 1 WARNING my_database odoo.addons.base.models.ir_cron: Tried to poll an undefined table on database my_database. 
2026-07-02 11:52:56,648 1 ERROR my_database odoo.sql_db: bad query: b"\n            SELECT latest_version\n            FROM ir_module_module\n             WHERE name='base'\n        "
ERROR: relation "ir_module_module" does not exist
LINE 3:             FROM ir_module_module
                         ^
 
2026-07-02 11:52:56,649 1 WARNING my_database odoo.addons.base.models.ir_cron: Tried to poll an undefined table on database my_database. 
2026-07-02 11:53:33,627 1 ERROR my_database odoo.sql_db: bad query: b"\n            SELECT latest_version\n            FROM ir_module_module\n             WHERE name='base'\n        "
ERROR: relation "ir_module_module" does not exist
LINE 3:             FROM ir_module_module
                         ^
 
2026-07-02 11:53:33,629 1 WARNING my_database odoo.addons.base.models.ir_cron: Tried to poll an undefined table on database my_database. 
2026-07-02 11:53:57,768 1 ERROR my_database odoo.sql_db: bad query: b"\n            SELECT latest_version\n            FROM ir_module_module\n             WHERE name='base'\n        "
ERROR: relation "ir_module_module" does not exist
LINE 3:             FROM ir_module_module
                         ^
 
2026-07-02 11:53:57,770 1 WARNING my_database odoo.addons.base.models.ir_cron: Tried to poll an undefined table on database my_database. 
2026-07-02 11:54:33,736 1 ERROR my_database odoo.sql_db: bad query: b"\n            SELECT latest_version\n            FROM ir_module_module\n             WHERE name='base'\n        "
ERROR: relation "ir_module_module" does not exist
LINE 3:             FROM ir_module_module
                         ^
 
2026-07-02 11:54:33,738 1 WARNING my_database odoo.addons.base.models.ir_cron: Tried to poll an undefined table on database my_database. 
2026-07-02 11:54:58,886 1 ERROR my_database odoo.sql_db: bad query: b"\n            SELECT latest_version\n            FROM ir_module_module\n             WHERE name='base'\n        "
ERROR: relation "ir_module_module" does not exist
LINE 3:             FROM ir_module_module
                         ^
 
2026-07-02 11:54:58,888 1 WARNING my_database odoo.addons.base.models.ir_cron: Tried to poll an undefined table on database my_database. 
2026-07-02 11:55:33,845 1 ERROR my_database odoo.sql_db: bad query: b"\n            SELECT latest_version\n            FROM ir_module_module\n             WHERE name='base'\n        "
ERROR: relation "ir_module_module" does not exist
LINE 3:             FROM ir_module_module
                         ^
 
2026-07-02 11:55:33,848 1 WARNING my_database odoo.addons.base.models.ir_cron: Tried to poll an undefined table on database my_database. 
2026-07-02 11:55:59,978 1 ERROR my_database odoo.sql_db: bad query: b"\n            SELECT latest_version\n            FROM ir_module_module\n             WHERE name='base'\n        "
ERROR: relation "ir_module_module" does not exist
LINE 3:             FROM ir_module_module
                         ^
 
2026-07-02 11:55:59,979 1 WARNING my_database odoo.addons.base.models.ir_cron: Tried to poll an undefined table on database my_database. 
2026-07-02 11:56:33,957 1 ERROR my_database odoo.sql_db: bad query: b"\n            SELECT latest_version\n            FROM ir_module_module\n             WHERE name='base'\n        "
ERROR: relation "ir_module_module" does not exist
LINE 3:             FROM ir_module_module
                         ^
 
2026-07-02 11:56:33,959 1 WARNING my_database odoo.addons.base.models.ir_cron: Tried to poll an undefined table on database my_database. 
2026-07-02 11:57:01,094 1 ERROR my_database odoo.sql_db: bad query: b"\n            SELECT latest_version\n            FROM ir_module_module\n             WHERE name='base'\n        "
ERROR: relation "ir_module_module" does not exist
LINE 3:             FROM ir_module_module
                         ^
 
2026-07-02 11:57:01,096 1 WARNING my_database odoo.addons.base.models.ir_cron: Tried to poll an undefined table on database my_database. 
2026-07-02 11:57:34,035 1 ERROR my_database odoo.sql_db: bad query: b"\n            SELECT latest_version\n            FROM ir_module_module\n             WHERE name='base'\n        "
ERROR: relation "ir_module_module" does not exist
LINE 3:             FROM ir_module_module
                         ^
 
2026-07-02 11:57:34,037 1 WARNING my_database odoo.addons.base.models.ir_cron: Tried to poll an undefined table on database my_database. 
2026-07-02 11:58:02,227 1 ERROR my_database odoo.sql_db: bad query: b"\n            SELECT latest_version\n            FROM ir_module_module\n             WHERE name='base'\n        "
ERROR: relation "ir_module_module" does not exist
LINE 3:             FROM ir_module_module
                         ^
 
2026-07-02 11:58:02,229 1 WARNING my_database odoo.addons.base.models.ir_cron: Tried to poll an undefined table on database my_database. 
2026-07-02 11:58:34,138 1 ERROR my_database odoo.sql_db: bad query: b"\n            SELECT latest_version\n            FROM ir_module_module\n             WHERE name='base'\n        "
ERROR: relation "ir_module_module" does not exist
LINE 3:             FROM ir_module_module
                         ^
 
2026-07-02 11:58:34,140 1 WARNING my_database odoo.addons.base.models.ir_cron: Tried to poll an undefined table on database my_database. 
2026-07-02 11:59:03,330 1 ERROR my_database odoo.sql_db: bad query: b"\n            SELECT latest_version\n            FROM ir_module_module\n             WHERE name='base'\n        "
ERROR: relation "ir_module_module" does not exist
LINE 3:             FROM ir_module_module
                         ^
 
2026-07-02 11:59:03,332 1 WARNING my_database odoo.addons.base.models.ir_cron: Tried to poll an undefined table on database my_database. 
2026-07-02 11:59:26,555 1 ERROR my_database odoo.http: Exception during request handling. 
Traceback (most recent call last):
  File "/opt/odoo/odoo/http.py", line 2702, in __call__
    response = request._serve_db()
               ^^^^^^^^^^^^^^^^^^^
  File "/opt/odoo/odoo/http.py", line 2186, in _serve_db
    rule, args = self.registry['ir.http']._match(self.httprequest.path)
                 ~~~~~~~~~~~~~^^^^^^^^^^^
  File "/opt/odoo/odoo/orm/registry.py", line 305, in __getitem__
    return self.models[model_name]
           ~~~~~~~~~~~^^^^^^^^^^^^
KeyError: 'ir.http'
2026-07-02 11:59:26,560 1 INFO my_database werkzeug: 172.18.0.1 - - [02/Jul/2026 11:59:26] "GET /web HTTP/1.1" 500 - 2 0.009 0.049
2026-07-02 11:59:26,627 1 ERROR my_database odoo.http: Exception during request handling. 
Traceback (most recent call last):
  File "/opt/odoo/odoo/http.py", line 2702, in __call__
    response = request._serve_db()
               ^^^^^^^^^^^^^^^^^^^
  File "/opt/odoo/odoo/http.py", line 2186, in _serve_db
    rule, args = self.registry['ir.http']._match(self.httprequest.path)
                 ~~~~~~~~~~~~~^^^^^^^^^^^
  File "/opt/odoo/odoo/orm/registry.py", line 305, in __getitem__
    return self.models[model_name]
           ~~~~~~~~~~~^^^^^^^^^^^^
KeyError: 'ir.http'
2026-07-02 11:59:26,632 1 INFO my_database werkzeug: 172.18.0.1 - - [02/Jul/2026 11:59:26] "GET /favicon.ico HTTP/1.1" 500 - 2 0.008 0.044
2026-07-02 11:59:27,356 1 ERROR my_database odoo.http: Exception during request handling. 
Traceback (most recent call last):
  File "/opt/odoo/odoo/http.py", line 2702, in __call__
    response = request._serve_db()
               ^^^^^^^^^^^^^^^^^^^
  File "/opt/odoo/odoo/http.py", line 2186, in _serve_db
    rule, args = self.registry['ir.http']._match(self.httprequest.path)
                 ~~~~~~~~~~~~~^^^^^^^^^^^
  File "/opt/odoo/odoo/orm/registry.py", line 305, in __getitem__
    return self.models[model_name]
           ~~~~~~~~~~~^^^^^^^^^^^^
KeyError: 'ir.http'
2026-07-02 11:59:27,362 1 INFO my_database werkzeug: 172.18.0.1 - - [02/Jul/2026 11:59:27] "GET /web HTTP/1.1" 500 - 2 0.009 0.047
2026-07-02 11:59:27,436 1 ERROR my_database odoo.http: Exception during request handling. 
Traceback (most recent call last):
  File "/opt/odoo/odoo/http.py", line 2702, in __call__
    response = request._serve_db()
               ^^^^^^^^^^^^^^^^^^^
  File "/opt/odoo/odoo/http.py", line 2186, in _serve_db
    rule, args = self.registry['ir.http']._match(self.httprequest.path)
                 ~~~~~~~~~~~~~^^^^^^^^^^^
  File "/opt/odoo/odoo/orm/registry.py", line 305, in __getitem__
    return self.models[model_name]
           ~~~~~~~~~~~^^^^^^^^^^^^
KeyError: 'ir.http'
2026-07-02 11:59:27,440 1 INFO my_database werkzeug: 172.18.0.1 - - [02/Jul/2026 11:59:27] "GET /favicon.ico HTTP/1.1" 500 - 2 0.009 0.044
2026-07-02 11:59:27,534 1 ERROR my_database odoo.http: Exception during request handling. 
Traceback (most recent call last):
  File "/opt/odoo/odoo/http.py", line 2702, in __call__
    response = request._serve_db()
               ^^^^^^^^^^^^^^^^^^^
  File "/opt/odoo/odoo/http.py", line 2186, in _serve_db
    rule, args = self.registry['ir.http']._match(self.httprequest.path)
                 ~~~~~~~~~~~~~^^^^^^^^^^^
  File "/opt/odoo/odoo/orm/registry.py", line 305, in __getitem__
    return self.models[model_name]
           ~~~~~~~~~~~^^^^^^^^^^^^
KeyError: 'ir.http'
2026-07-02 11:59:27,537 1 INFO my_database werkzeug: 172.18.0.1 - - [02/Jul/2026 11:59:27] "GET /web HTTP/1.1" 500 - 2 0.008 0.047
2026-07-02 11:59:27,603 1 ERROR my_database odoo.http: Exception during request handling. 
Traceback (most recent call last):
  File "/opt/odoo/odoo/http.py", line 2702, in __call__
    response = request._serve_db()
               ^^^^^^^^^^^^^^^^^^^
  File "/opt/odoo/odoo/http.py", line 2186, in _serve_db
    rule, args = self.registry['ir.http']._match(self.httprequest.path)
                 ~~~~~~~~~~~~~^^^^^^^^^^^
  File "/opt/odoo/odoo/orm/registry.py", line 305, in __getitem__
    return self.models[model_name]
           ~~~~~~~~~~~^^^^^^^^^^^^
KeyError: 'ir.http'
2026-07-02 11:59:27,607 1 INFO my_database werkzeug: 172.18.0.1 - - [02/Jul/2026 11:59:27] "GET /favicon.ico HTTP/1.1" 500 - 2 0.008 0.041
2026-07-02 11:59:27,712 1 ERROR my_database odoo.http: Exception during request handling. 
Traceback (most recent call last):
  File "/opt/odoo/odoo/http.py", line 2702, in __call__
    response = request._serve_db()
               ^^^^^^^^^^^^^^^^^^^
  File "/opt/odoo/odoo/http.py", line 2186, in _serve_db
    rule, args = self.registry['ir.http']._match(self.httprequest.path)
                 ~~~~~~~~~~~~~^^^^^^^^^^^
  File "/opt/odoo/odoo/orm/registry.py", line 305, in __getitem__
    return self.models[model_name]
           ~~~~~~~~~~~^^^^^^^^^^^^
KeyError: 'ir.http'
2026-07-02 11:59:27,716 1 INFO my_database werkzeug: 172.18.0.1 - - [02/Jul/2026 11:59:27] "GET /web HTTP/1.1" 500 - 2 0.008 0.044
2026-07-02 11:59:27,784 1 ERROR my_database odoo.http: Exception during request handling. 
Traceback (most recent call last):
  File "/opt/odoo/odoo/http.py", line 2702, in __call__
    response = request._serve_db()
               ^^^^^^^^^^^^^^^^^^^
  File "/opt/odoo/odoo/http.py", line 2186, in _serve_db
    rule, args = self.registry['ir.http']._match(self.httprequest.path)
                 ~~~~~~~~~~~~~^^^^^^^^^^^
  File "/opt/odoo/odoo/orm/registry.py", line 305, in __getitem__
    return self.models[model_name]
           ~~~~~~~~~~~^^^^^^^^^^^^
KeyError: 'ir.http'
2026-07-02 11:59:27,788 1 INFO my_database werkzeug: 172.18.0.1 - - [02/Jul/2026 11:59:27] "GET /favicon.ico HTTP/1.1" 500 - 2 0.008 0.043
2026-07-02 11:59:28,018 1 ERROR my_database odoo.http: Exception during request handling. 
Traceback (most recent call last):
  File "/opt/odoo/odoo/http.py", line 2702, in __call__
    response = request._serve_db()
               ^^^^^^^^^^^^^^^^^^^
  File "/opt/odoo/odoo/http.py", line 2186, in _serve_db
    rule, args = self.registry['ir.http']._match(self.httprequest.path)
                 ~~~~~~~~~~~~~^^^^^^^^^^^
  File "/opt/odoo/odoo/orm/registry.py", line 305, in __getitem__
    return self.models[model_name]
           ~~~~~~~~~~~^^^^^^^^^^^^
KeyError: 'ir.http'
2026-07-02 11:59:28,022 1 INFO my_database werkzeug: 172.18.0.1 - - [02/Jul/2026 11:59:28] "GET /web HTTP/1.1" 500 - 2 0.009 0.158
2026-07-02 11:59:28,092 1 ERROR my_database odoo.http: Exception during request handling. 
Traceback (most recent call last):
  File "/opt/odoo/odoo/http.py", line 2702, in __call__
    response = request._serve_db()
               ^^^^^^^^^^^^^^^^^^^
  File "/opt/odoo/odoo/http.py", line 2186, in _serve_db
    rule, args = self.registry['ir.http']._match(self.httprequest.path)
                 ~~~~~~~~~~~~~^^^^^^^^^^^
  File "/opt/odoo/odoo/orm/registry.py", line 305, in __getitem__
    return self.models[model_name]
           ~~~~~~~~~~~^^^^^^^^^^^^
KeyError: 'ir.http'
2026-07-02 11:59:28,097 1 INFO my_database werkzeug: 172.18.0.1 - - [02/Jul/2026 11:59:28] "GET /favicon.ico HTTP/1.1" 500 - 2 0.007 0.047
2026-07-02 11:59:28,306 1 ERROR my_database odoo.http: Exception during request handling. 
Traceback (most recent call last):
  File "/opt/odoo/odoo/http.py", line 2702, in __call__
    response = request._serve_db()
               ^^^^^^^^^^^^^^^^^^^
  File "/opt/odoo/odoo/http.py", line 2186, in _serve_db
    rule, args = self.registry['ir.http']._match(self.httprequest.path)
                 ~~~~~~~~~~~~~^^^^^^^^^^^
  File "/opt/odoo/odoo/orm/registry.py", line 305, in __getitem__
    return self.models[model_name]
           ~~~~~~~~~~~^^^^^^^^^^^^
KeyError: 'ir.http'
2026-07-02 11:59:28,311 1 INFO my_database werkzeug: 172.18.0.1 - - [02/Jul/2026 11:59:28] "GET /web HTTP/1.1" 500 - 2 0.007 0.042
2026-07-02 11:59:28,375 1 ERROR my_database odoo.http: Exception during request handling. 
Traceback (most recent call last):
  File "/opt/odoo/odoo/http.py", line 2702, in __call__
    response = request._serve_db()
               ^^^^^^^^^^^^^^^^^^^
  File "/opt/odoo/odoo/http.py", line 2186, in _serve_db
    rule, args = self.registry['ir.http']._match(self.httprequest.path)
                 ~~~~~~~~~~~~~^^^^^^^^^^^
  File "/opt/odoo/odoo/orm/registry.py", line 305, in __getitem__
    return self.models[model_name]
           ~~~~~~~~~~~^^^^^^^^^^^^
KeyError: 'ir.http'
2026-07-02 11:59:28,379 1 INFO my_database werkzeug: 172.18.0.1 - - [02/Jul/2026 11:59:28] "GET /favicon.ico HTTP/1.1" 500 - 2 0.007 0.041
2026-07-02 11:59:28,526 1 ERROR my_database odoo.http: Exception during request handling. 
Traceback (most recent call last):
  File "/opt/odoo/odoo/http.py", line 2702, in __call__
    response = request._serve_db()
               ^^^^^^^^^^^^^^^^^^^
  File "/opt/odoo/odoo/http.py", line 2186, in _serve_db
    rule, args = self.registry['ir.http']._match(self.httprequest.path)
                 ~~~~~~~~~~~~~^^^^^^^^^^^
  File "/opt/odoo/odoo/orm/registry.py", line 305, in __getitem__
    return self.models[model_name]
           ~~~~~~~~~~~^^^^^^^^^^^^
KeyError: 'ir.http'
2026-07-02 11:59:28,530 1 INFO my_database werkzeug: 172.18.0.1 - - [02/Jul/2026 11:59:28] "GET /web HTTP/1.1" 500 - 2 0.007 0.042
2026-07-02 11:59:28,708 1 ERROR my_database odoo.http: Exception during request handling. 
Traceback (most recent call last):
  File "/opt/odoo/odoo/http.py", line 2702, in __call__
    response = request._serve_db()
               ^^^^^^^^^^^^^^^^^^^
  File "/opt/odoo/odoo/http.py", line 2186, in _serve_db
    rule, args = self.registry['ir.http']._match(self.httprequest.path)
                 ~~~~~~~~~~~~~^^^^^^^^^^^
  File "/opt/odoo/odoo/orm/registry.py", line 305, in __getitem__
    return self.models[model_name]
           ~~~~~~~~~~~^^^^^^^^^^^^
KeyError: 'ir.http'
2026-07-02 11:59:28,713 1 INFO my_database werkzeug: 172.18.0.1 - - [02/Jul/2026 11:59:28] "GET /favicon.ico HTTP/1.1" 500 - 2 0.007 0.152
2026-07-02 11:59:34,247 1 ERROR my_database odoo.sql_db: bad query: b"\n            SELECT latest_version\n            FROM ir_module_module\n             WHERE name='base'\n        "
ERROR: relation "ir_module_module" does not exist
LINE 3:             FROM ir_module_module
                         ^
 
2026-07-02 11:59:34,249 1 WARNING my_database odoo.addons.base.models.ir_cron: Tried to poll an undefined table on database my_database. 
2026-07-02 12:00:04,464 1 ERROR my_database odoo.sql_db: bad query: b"\n            SELECT latest_version\n            FROM ir_module_module\n             WHERE name='base'\n        "
ERROR: relation "ir_module_module" does not exist
LINE 3:             FROM ir_module_module
                         ^
 
2026-07-02 12:00:04,466 1 WARNING my_database odoo.addons.base.models.ir_cron: Tried to poll an undefined table on database my_database. 
2026-07-02 12:00:34,351 1 ERROR my_database odoo.sql_db: bad query: b"\n            SELECT latest_version\n            FROM ir_module_module\n             WHERE name='base'\n        "
ERROR: relation "ir_module_module" does not exist
LINE 3:             FROM ir_module_module
                         ^
 
2026-07-02 12:00:34,353 1 WARNING my_database odoo.addons.base.models.ir_cron: Tried to poll an undefined table on database my_database. 
2026-07-02 12:01:05,541 1 ERROR my_database odoo.sql_db: bad query: b"\n            SELECT latest_version\n            FROM ir_module_module\n             WHERE name='base'\n        "
ERROR: relation "ir_module_module" does not exist
LINE 3:             FROM ir_module_module
                         ^
 
2026-07-02 12:01:05,543 1 WARNING my_database odoo.addons.base.models.ir_cron: Tried to poll an undefined table on database my_database. 
2026-07-02 12:01:34,468 1 ERROR my_database odoo.sql_db: bad query: b"\n            SELECT latest_version\n            FROM ir_module_module\n             WHERE name='base'\n        "
ERROR: relation "ir_module_module" does not exist
LINE 3:             FROM ir_module_module
                         ^
 
2026-07-02 12:01:34,469 1 WARNING my_database odoo.addons.base.models.ir_cron: Tried to poll an undefined table on database my_database. 
2026-07-02 12:02:06,657 1 ERROR my_database odoo.sql_db: bad query: b"\n            SELECT latest_version\n            FROM ir_module_module\n             WHERE name='base'\n        "
ERROR: relation "ir_module_module" does not exist
LINE 3:             FROM ir_module_module
                         ^
 
2026-07-02 12:02:06,658 1 WARNING my_database odoo.addons.base.models.ir_cron: Tried to poll an undefined table on database my_database. 
2026-07-02 12:02:34,579 1 ERROR my_database odoo.sql_db: bad query: b"\n            SELECT latest_version\n            FROM ir_module_module\n             WHERE name='base'\n        "
ERROR: relation "ir_module_module" does not exist
LINE 3:             FROM ir_module_module
                         ^
 
2026-07-02 12:02:34,581 1 WARNING my_database odoo.addons.base.models.ir_cron: Tried to poll an undefined table on database my_database. 
2026-07-02 12:03:07,781 1 ERROR my_database odoo.sql_db: bad query: b"\n            SELECT latest_version\n            FROM ir_module_module\n             WHERE name='base'\n        "
ERROR: relation "ir_module_module" does not exist
LINE 3:             FROM ir_module_module
                         ^
 
2026-07-02 12:03:07,782 1 WARNING my_database odoo.addons.base.models.ir_cron: Tried to poll an undefined table on database my_database. 
2026-07-02 12:03:34,695 1 ERROR my_database odoo.sql_db: bad query: b"\n            SELECT latest_version\n            FROM ir_module_module\n             WHERE name='base'\n        "
ERROR: relation "ir_module_module" does not exist
LINE 3:             FROM ir_module_module
                         ^
 
2026-07-02 12:03:34,697 1 WARNING my_database odoo.addons.base.models.ir_cron: Tried to poll an undefined table on database my_database. 
2026-07-02 12:04:08,895 1 ERROR my_database odoo.sql_db: bad query: b"\n            SELECT latest_version\n            FROM ir_module_module\n             WHERE name='base'\n        "
ERROR: relation "ir_module_module" does not exist
LINE 3:             FROM ir_module_module
                         ^
 
2026-07-02 12:04:08,896 1 WARNING my_database odoo.addons.base.models.ir_cron: Tried to poll an undefined table on database my_database. 
2026-07-02 12:04:34,783 1 ERROR my_database odoo.sql_db: bad query: b"\n            SELECT latest_version\n            FROM ir_module_module\n             WHERE name='base'\n        "
ERROR: relation "ir_module_module" does not exist
LINE 3:             FROM ir_module_module
                         ^
 
2026-07-02 12:04:34,786 1 WARNING my_database odoo.addons.base.models.ir_cron: Tried to poll an undefined table on database my_database. 
2026-07-02 12:05:10,013 1 ERROR my_database odoo.sql_db: bad query: b"\n            SELECT latest_version\n            FROM ir_module_module\n             WHERE name='base'\n        "
ERROR: relation "ir_module_module" does not exist
LINE 3:             FROM ir_module_module
                         ^
 
2026-07-02 12:05:10,015 1 WARNING my_database odoo.addons.base.models.ir_cron: Tried to poll an undefined table on database my_database. 
2026-07-02 12:05:34,843 1 ERROR my_database odoo.sql_db: bad query: b"\n            SELECT latest_version\n            FROM ir_module_module\n             WHERE name='base'\n        "
ERROR: relation "ir_module_module" does not exist
LINE 3:             FROM ir_module_module
                         ^
 
2026-07-02 12:05:34,845 1 WARNING my_database odoo.addons.base.models.ir_cron: Tried to poll an undefined table on database my_database. 
2026-07-02 12:06:11,141 1 ERROR my_database odoo.sql_db: bad query: b"\n            SELECT latest_version\n            FROM ir_module_module\n             WHERE name='base'\n        "
ERROR: relation "ir_module_module" does not exist
LINE 3:             FROM ir_module_module
                         ^
 
2026-07-02 12:06:11,143 1 WARNING my_database odoo.addons.base.models.ir_cron: Tried to poll an undefined table on database my_database. 
2026-07-02 12:06:34,954 1 ERROR my_database odoo.sql_db: bad query: b"\n            SELECT latest_version\n            FROM ir_module_module\n             WHERE name='base'\n        "
ERROR: relation "ir_module_module" does not exist
LINE 3:             FROM ir_module_module
                         ^
 
2026-07-02 12:06:34,955 1 WARNING my_database odoo.addons.base.models.ir_cron: Tried to poll an undefined table on database my_database. 
2026-07-02 12:07:12,269 1 ERROR my_database odoo.sql_db: bad query: b"\n            SELECT latest_version\n            FROM ir_module_module\n             WHERE name='base'\n        "
ERROR: relation "ir_module_module" does not exist
LINE 3:             FROM ir_module_module
                         ^
 
2026-07-02 12:07:12,272 1 WARNING my_database odoo.addons.base.models.ir_cron: Tried to poll an undefined table on database my_database. 
2026-07-02 12:07:35,055 1 ERROR my_database odoo.sql_db: bad query: b"\n            SELECT latest_version\n            FROM ir_module_module\n             WHERE name='base'\n        "
ERROR: relation "ir_module_module" does not exist
LINE 3:             FROM ir_module_module
                         ^
 
2026-07-02 12:07:35,057 1 WARNING my_database odoo.addons.base.models.ir_cron: Tried to poll an undefined table on database my_database. 
2026-07-02 12:07:46,646 1 ERROR my_database odoo.http: Exception during request handling. 
Traceback (most recent call last):
  File "/opt/odoo/odoo/http.py", line 2702, in __call__
    response = request._serve_db()
               ^^^^^^^^^^^^^^^^^^^
  File "/opt/odoo/odoo/http.py", line 2186, in _serve_db
    rule, args = self.registry['ir.http']._match(self.httprequest.path)
                 ~~~~~~~~~~~~~^^^^^^^^^^^
  File "/opt/odoo/odoo/orm/registry.py", line 305, in __getitem__
    return self.models[model_name]
           ~~~~~~~~~~~^^^^^^^^^^^^
KeyError: 'ir.http'
2026-07-02 12:07:46,651 1 INFO my_database werkzeug: 172.18.0.1 - - [02/Jul/2026 12:07:46] "GET /web HTTP/1.1" 500 - 2 0.008 0.044
2026-07-02 12:07:46,713 1 ERROR my_database odoo.http: Exception during request handling. 
Traceback (most recent call last):
  File "/opt/odoo/odoo/http.py", line 2702, in __call__
    response = request._serve_db()
               ^^^^^^^^^^^^^^^^^^^
  File "/opt/odoo/odoo/http.py", line 2186, in _serve_db
    rule, args = self.registry['ir.http']._match(self.httprequest.path)
                 ~~~~~~~~~~~~~^^^^^^^^^^^
  File "/opt/odoo/odoo/orm/registry.py", line 305, in __getitem__
    return self.models[model_name]
           ~~~~~~~~~~~^^^^^^^^^^^^
KeyError: 'ir.http'
2026-07-02 12:07:46,718 1 INFO my_database werkzeug: 172.18.0.1 - - [02/Jul/2026 12:07:46] "GET /favicon.ico HTTP/1.1" 500 - 2 0.007 0.042
2026-07-02 12:07:51,240 1 ERROR my_database odoo.http: Exception during request handling. 
Traceback (most recent call last):
  File "/opt/odoo/odoo/http.py", line 2702, in __call__
    response = request._serve_db()
               ^^^^^^^^^^^^^^^^^^^
  File "/opt/odoo/odoo/http.py", line 2186, in _serve_db
    rule, args = self.registry['ir.http']._match(self.httprequest.path)
                 ~~~~~~~~~~~~~^^^^^^^^^^^
  File "/opt/odoo/odoo/orm/registry.py", line 305, in __getitem__
    return self.models[model_name]
           ~~~~~~~~~~~^^^^^^^^^^^^
KeyError: 'ir.http'
2026-07-02 12:07:51,245 1 INFO my_database werkzeug: 172.18.0.1 - - [02/Jul/2026 12:07:51] "GET / HTTP/1.1" 500 - 2 0.008 0.160
2026-07-02 12:07:51,310 1 ERROR my_database odoo.http: Exception during request handling. 
Traceback (most recent call last):
  File "/opt/odoo/odoo/http.py", line 2702, in __call__
    response = request._serve_db()
               ^^^^^^^^^^^^^^^^^^^
  File "/opt/odoo/odoo/http.py", line 2186, in _serve_db
    rule, args = self.registry['ir.http']._match(self.httprequest.path)
                 ~~~~~~~~~~~~~^^^^^^^^^^^
  File "/opt/odoo/odoo/orm/registry.py", line 305, in __getitem__
    return self.models[model_name]
           ~~~~~~~~~~~^^^^^^^^^^^^
KeyError: 'ir.http'
2026-07-02 12:07:51,316 1 INFO my_database werkzeug: 172.18.0.1 - - [02/Jul/2026 12:07:51] "GET /favicon.ico HTTP/1.1" 500 - 2 0.007 0.042
2026-07-02 12:08:13,391 1 ERROR my_database odoo.sql_db: bad query: b"\n            SELECT latest_version\n            FROM ir_module_module\n             WHERE name='base'\n        "
ERROR: relation "ir_module_module" does not exist
LINE 3:             FROM ir_module_module
                         ^
 
2026-07-02 12:08:13,393 1 WARNING my_database odoo.addons.base.models.ir_cron: Tried to poll an undefined table on database my_database. 
2026-07-02 12:08:35,161 1 ERROR my_database odoo.sql_db: bad query: b"\n            SELECT latest_version\n            FROM ir_module_module\n             WHERE name='base'\n        "
ERROR: relation "ir_module_module" does not exist
LINE 3:             FROM ir_module_module
                         ^
 
2026-07-02 12:08:35,163 1 WARNING my_database odoo.addons.base.models.ir_cron: Tried to poll an undefined table on database my_database. 
2026-07-02 12:09:14,492 1 ERROR my_database odoo.sql_db: bad query: b"\n            SELECT latest_version\n            FROM ir_module_module\n             WHERE name='base'\n        "
ERROR: relation "ir_module_module" does not exist
LINE 3:             FROM ir_module_module
                         ^
 
2026-07-02 12:09:14,494 1 WARNING my_database odoo.addons.base.models.ir_cron: Tried to poll an undefined table on database my_database. 
2026-07-02 12:09:35,271 1 ERROR my_database odoo.sql_db: bad query: b"\n            SELECT latest_version\n            FROM ir_module_module\n             WHERE name='base'\n        "
ERROR: relation "ir_module_module" does not exist
LINE 3:             FROM ir_module_module
                         ^
 
2026-07-02 12:09:35,272 1 WARNING my_database odoo.addons.base.models.ir_cron: Tried to poll an undefined table on database my_database. 
2026-07-02 12:10:15,603 1 ERROR my_database odoo.sql_db: bad query: b"\n            SELECT latest_version\n            FROM ir_module_module\n             WHERE name='base'\n        "
ERROR: relation "ir_module_module" does not exist
LINE 3:             FROM ir_module_module
                         ^
 
2026-07-02 12:10:15,605 1 WARNING my_database odoo.addons.base.models.ir_cron: Tried to poll an undefined table on database my_database. 
2026-07-02 12:10:35,383 1 ERROR my_database odoo.sql_db: bad query: b"\n            SELECT latest_version\n            FROM ir_module_module\n             WHERE name='base'\n        "
ERROR: relation "ir_module_module" does not exist
LINE 3:             FROM ir_module_module
                         ^
 
2026-07-02 12:10:35,385 1 WARNING my_database odoo.addons.base.models.ir_cron: Tried to poll an undefined table on database my_database. 
2026-07-02 12:11:16,723 1 ERROR my_database odoo.sql_db: bad query: b"\n            SELECT latest_version\n            FROM ir_module_module\n             WHERE name='base'\n        "
ERROR: relation "ir_module_module" does not exist
LINE 3:             FROM ir_module_module
                         ^
 
2026-07-02 12:11:16,725 1 WARNING my_database odoo.addons.base.models.ir_cron: Tried to poll an undefined table on database my_database. 
2026-07-02 12:11:35,597 1 ERROR my_database odoo.sql_db: bad query: b"\n            SELECT latest_version\n            FROM ir_module_module\n             WHERE name='base'\n        "
ERROR: relation "ir_module_module" does not exist
LINE 3:             FROM ir_module_module
                         ^
 
2026-07-02 12:11:35,599 1 WARNING my_database odoo.addons.base.models.ir_cron: Tried to poll an undefined table on database my_database. 
2026-07-02 12:12:17,781 1 ERROR my_database odoo.sql_db: bad query: b"\n            SELECT latest_version\n            FROM ir_module_module\n             WHERE name='base'\n        "
ERROR: relation "ir_module_module" does not exist
LINE 3:             FROM ir_module_module
                         ^
 
2026-07-02 12:12:17,783 1 WARNING my_database odoo.addons.base.models.ir_cron: Tried to poll an undefined table on database my_database. 
2026-07-02 12:12:35,685 1 ERROR my_database odoo.sql_db: bad query: b"\n            SELECT latest_version\n            FROM ir_module_module\n             WHERE name='base'\n        "
ERROR: relation "ir_module_module" does not exist
LINE 3:             FROM ir_module_module
                         ^
 
2026-07-02 12:12:35,686 1 WARNING my_database odoo.addons.base.models.ir_cron: Tried to poll an undefined table on database my_database. 
2026-07-02 12:13:18,903 1 ERROR my_database odoo.sql_db: bad query: b"\n            SELECT latest_version\n            FROM ir_module_module\n             WHERE name='base'\n        "
ERROR: relation "ir_module_module" does not exist
LINE 3:             FROM ir_module_module
                         ^
 
2026-07-02 12:13:18,905 1 WARNING my_database odoo.addons.base.models.ir_cron: Tried to poll an undefined table on database my_database. 
2026-07-02 12:13:35,770 1 ERROR my_database odoo.sql_db: bad query: b"\n            SELECT latest_version\n            FROM ir_module_module\n             WHERE name='base'\n        "
ERROR: relation "ir_module_module" does not exist
LINE 3:             FROM ir_module_module
                         ^
 
2026-07-02 12:13:35,771 1 WARNING my_database odoo.addons.base.models.ir_cron: Tried to poll an undefined table on database my_database. 
2026-07-02 12:14:20,024 1 ERROR my_database odoo.sql_db: bad query: b"\n            SELECT latest_version\n            FROM ir_module_module\n             WHERE name='base'\n        "
ERROR: relation "ir_module_module" does not exist
LINE 3:             FROM ir_module_module
                         ^
 
2026-07-02 12:14:20,026 1 WARNING my_database odoo.addons.base.models.ir_cron: Tried to poll an undefined table on database my_database. 
2026-07-02 12:14:35,838 1 ERROR my_database odoo.sql_db: bad query: b"\n            SELECT latest_version\n            FROM ir_module_module\n             WHERE name='base'\n        "
ERROR: relation "ir_module_module" does not exist
LINE 3:             FROM ir_module_module
                         ^
 
2026-07-02 12:14:35,840 1 WARNING my_database odoo.addons.base.models.ir_cron: Tried to poll an undefined table on database my_database. 
2026-07-02 12:15:21,142 1 ERROR my_database odoo.sql_db: bad query: b"\n            SELECT latest_version\n            FROM ir_module_module\n             WHERE name='base'\n        "
ERROR: relation "ir_module_module" does not exist
LINE 3:             FROM ir_module_module
                         ^
 
2026-07-02 12:15:21,144 1 WARNING my_database odoo.addons.base.models.ir_cron: Tried to poll an undefined table on database my_database. 
2026-07-02 12:15:35,942 1 ERROR my_database odoo.sql_db: bad query: b"\n            SELECT latest_version\n            FROM ir_module_module\n             WHERE name='base'\n        "
ERROR: relation "ir_module_module" does not exist
LINE 3:             FROM ir_module_module
                         ^
 
2026-07-02 12:15:35,944 1 WARNING my_database odoo.addons.base.models.ir_cron: Tried to poll an undefined table on database my_database. 
2026-07-02 12:16:22,295 1 ERROR my_database odoo.sql_db: bad query: b"\n            SELECT latest_version\n            FROM ir_module_module\n             WHERE name='base'\n        "
ERROR: relation "ir_module_module" does not exist
LINE 3:             FROM ir_module_module
                         ^
 
2026-07-02 12:16:22,307 1 WARNING my_database odoo.addons.base.models.ir_cron: Tried to poll an undefined table on database my_database. 
2026-07-02 12:16:36,045 1 ERROR my_database odoo.sql_db: bad query: b"\n            SELECT latest_version\n            FROM ir_module_module\n             WHERE name='base'\n        "
ERROR: relation "ir_module_module" does not exist
LINE 3:             FROM ir_module_module
                         ^
 
2026-07-02 12:16:36,047 1 WARNING my_database odoo.addons.base.models.ir_cron: Tried to poll an undefined table on database my_database. 
2026-07-02 12:17:23,426 1 ERROR my_database odoo.sql_db: bad query: b"\n            SELECT latest_version\n            FROM ir_module_module\n             WHERE name='base'\n        "
ERROR: relation "ir_module_module" does not exist
LINE 3:             FROM ir_module_module
                         ^
 
2026-07-02 12:17:23,427 1 WARNING my_database odoo.addons.base.models.ir_cron: Tried to poll an undefined table on database my_database. 
2026-07-02 12:17:36,149 1 ERROR my_database odoo.sql_db: bad query: b"\n            SELECT latest_version\n            FROM ir_module_module\n             WHERE name='base'\n        "
ERROR: relation "ir_module_module" does not exist
LINE 3:             FROM ir_module_module
                         ^
 
2026-07-02 12:17:36,152 1 WARNING my_database odoo.addons.base.models.ir_cron: Tried to poll an undefined table on database my_database. 
2026-07-02 12:18:24,543 1 ERROR my_database odoo.sql_db: bad query: b"\n            SELECT latest_version\n            FROM ir_module_module\n             WHERE name='base'\n        "
ERROR: relation "ir_module_module" does not exist
LINE 3:             FROM ir_module_module
                         ^
 
2026-07-02 12:18:24,545 1 WARNING my_database odoo.addons.base.models.ir_cron: Tried to poll an undefined table on database my_database. 
2026-07-02 12:18:36,266 1 ERROR my_database odoo.sql_db: bad query: b"\n            SELECT latest_version\n            FROM ir_module_module\n             WHERE name='base'\n        "
ERROR: relation "ir_module_module" does not exist
LINE 3:             FROM ir_module_module
                         ^
 
2026-07-02 12:18:36,267 1 WARNING my_database odoo.addons.base.models.ir_cron: Tried to poll an undefined table on database my_database. 
2026-07-02 12:19:25,635 1 ERROR my_database odoo.sql_db: bad query: b"\n            SELECT latest_version\n            FROM ir_module_module\n             WHERE name='base'\n        "
ERROR: relation "ir_module_module" does not exist
LINE 3:             FROM ir_module_module
                         ^
 
2026-07-02 12:19:25,637 1 WARNING my_database odoo.addons.base.models.ir_cron: Tried to poll an undefined table on database my_database. 
2026-07-02 12:19:36,382 1 ERROR my_database odoo.sql_db: bad query: b"\n            SELECT latest_version\n            FROM ir_module_module\n             WHERE name='base'\n        "
ERROR: relation "ir_module_module" does not exist
LINE 3:             FROM ir_module_module
                         ^
 
2026-07-02 12:19:36,384 1 WARNING my_database odoo.addons.base.models.ir_cron: Tried to poll an undefined table on database my_database. 
2026-07-02 12:20:26,725 1 ERROR my_database odoo.sql_db: bad query: b"\n            SELECT latest_version\n            FROM ir_module_module\n             WHERE name='base'\n        "
ERROR: relation "ir_module_module" does not exist
LINE 3:             FROM ir_module_module
                         ^
 
2026-07-02 12:20:26,726 1 WARNING my_database odoo.addons.base.models.ir_cron: Tried to poll an undefined table on database my_database. 
2026-07-02 12:20:36,497 1 ERROR my_database odoo.sql_db: bad query: b"\n            SELECT latest_version\n            FROM ir_module_module\n             WHERE name='base'\n        "
ERROR: relation "ir_module_module" does not exist
LINE 3:             FROM ir_module_module
                         ^
 
2026-07-02 12:20:36,499 1 WARNING my_database odoo.addons.base.models.ir_cron: Tried to poll an undefined table on database my_database. 
2026-07-02 12:21:27,832 1 ERROR my_database odoo.sql_db: bad query: b"\n            SELECT latest_version\n            FROM ir_module_module\n             WHERE name='base'\n        "
ERROR: relation "ir_module_module" does not exist
LINE 3:             FROM ir_module_module
                         ^
 
2026-07-02 12:21:27,834 1 WARNING my_database odoo.addons.base.models.ir_cron: Tried to poll an undefined table on database my_database. 
2026-07-02 12:21:36,601 1 ERROR my_database odoo.sql_db: bad query: b"\n            SELECT latest_version\n            FROM ir_module_module\n             WHERE name='base'\n        "
ERROR: relation "ir_module_module" does not exist
LINE 3:             FROM ir_module_module
                         ^
 
2026-07-02 12:21:36,603 1 WARNING my_database odoo.addons.base.models.ir_cron: Tried to poll an undefined table on database my_database. 
2026-07-02 12:22:19,345 1 INFO ? odoo.service.server: Initiating shutdown 
2026-07-02 12:22:19,345 1 INFO ? odoo.service.server: Hit CTRL-C again or send a second signal to force the shutdown. 
2026-07-02 12:22:19,799 1 INFO ? odoo.sql_db: ConnectionPool(read/write;used=0/count=0/max=64): Closed 3 connections  
2026-07-02 12:22:19,804 1 INFO ? odoo.service.server: cron0 max age (0s) reached, releasing connection. 
2026-07-02 12:35:08,169 1 INFO ? odoo: Odoo version saas~18.4 
2026-07-02 12:35:08,170 1 INFO ? odoo: Using configuration file at /opt/odoo/odoo.conf 
2026-07-02 12:35:08,171 1 INFO ? odoo: addons paths: _NamespacePath(['/opt/odoo/odoo/addons', '/opt/odoo/.local/share/Odoo/addons/saas~18.4', '/opt/odoo/addons']) 
2026-07-02 12:35:08,171 1 INFO ? odoo: database: odoo@host.docker.internal:5432 
2026-07-02 12:35:11,050 1 INFO ? odoo.service.server: HTTP service (werkzeug) running on cb091d39208c:8069 
2026-07-02 12:35:49,520 1 ERROR ? odoo.modules.loading: Database my_database not initialized, you can force it with `-i base` 
2026-07-02 12:35:49,522 1 INFO ? odoo.registry: Registry loaded in 0.179s 
2026-07-02 12:35:49,529 1 ERROR my_database odoo.http: Exception during request handling. 
Traceback (most recent call last):
  File "/opt/odoo/odoo/http.py", line 2702, in __call__
    response = request._serve_db()
               ^^^^^^^^^^^^^^^^^^^
  File "/opt/odoo/odoo/http.py", line 2186, in _serve_db
    rule, args = self.registry['ir.http']._match(self.httprequest.path)
                 ~~~~~~~~~~~~~^^^^^^^^^^^
  File "/opt/odoo/odoo/orm/registry.py", line 305, in __getitem__
    return self.models[model_name]
           ~~~~~~~~~~~^^^^^^^^^^^^
KeyError: 'ir.http'
2026-07-02 12:35:49,550 1 INFO my_database werkzeug: 172.18.0.1 - - [02/Jul/2026 12:35:49] "GET / HTTP/1.1" 500 - 9 0.063 0.285
2026-07-02 12:35:49,669 1 ERROR my_database odoo.http: Exception during request handling. 
Traceback (most recent call last):
  File "/opt/odoo/odoo/http.py", line 2702, in __call__
    response = request._serve_db()
               ^^^^^^^^^^^^^^^^^^^
  File "/opt/odoo/odoo/http.py", line 2186, in _serve_db
    rule, args = self.registry['ir.http']._match(self.httprequest.path)
                 ~~~~~~~~~~~~~^^^^^^^^^^^
  File "/opt/odoo/odoo/orm/registry.py", line 305, in __getitem__
    return self.models[model_name]
           ~~~~~~~~~~~^^^^^^^^^^^^
KeyError: 'ir.http'
2026-07-02 12:35:49,674 1 INFO my_database werkzeug: 172.18.0.1 - - [02/Jul/2026 12:35:49] "GET /favicon.ico HTTP/1.1" 500 - 2 0.012 0.063
2026-07-02 12:36:11,274 1 ERROR my_database odoo.sql_db: bad query: b"\n            SELECT latest_version\n            FROM ir_module_module\n             WHERE name='base'\n        "
ERROR: relation "ir_module_module" does not exist
LINE 3:             FROM ir_module_module
                         ^
 
2026-07-02 12:36:11,276 1 WARNING my_database odoo.addons.base.models.ir_cron: Tried to poll an undefined table on database my_database. 
2026-07-02 12:36:12,302 1 ERROR my_database odoo.sql_db: bad query: b"\n            SELECT latest_version\n            FROM ir_module_module\n             WHERE name='base'\n        "
ERROR: relation "ir_module_module" does not exist
LINE 3:             FROM ir_module_module
                         ^
 
2026-07-02 12:36:12,304 1 WARNING my_database odoo.addons.base.models.ir_cron: Tried to poll an undefined table on database my_database. 
2026-07-02 12:37:11,429 1 ERROR my_database odoo.sql_db: bad query: b"\n            SELECT latest_version\n            FROM ir_module_module\n             WHERE name='base'\n        "
ERROR: relation "ir_module_module" does not exist
LINE 3:             FROM ir_module_module
                         ^
 
2026-07-02 12:37:11,433 1 WARNING my_database odoo.addons.base.models.ir_cron: Tried to poll an undefined table on database my_database. 
2026-07-02 12:37:13,544 1 ERROR my_database odoo.sql_db: bad query: b"\n            SELECT latest_version\n            FROM ir_module_module\n             WHERE name='base'\n        "
ERROR: relation "ir_module_module" does not exist
LINE 3:             FROM ir_module_module
                         ^
 
2026-07-02 12:37:13,549 1 WARNING my_database odoo.addons.base.models.ir_cron: Tried to poll an undefined table on database my_database. 
2026-07-02 12:38:11,568 1 ERROR my_database odoo.sql_db: bad query: b"\n            SELECT latest_version\n            FROM ir_module_module\n             WHERE name='base'\n        "
ERROR: relation "ir_module_module" does not exist
LINE 3:             FROM ir_module_module
                         ^
 
2026-07-02 12:38:11,570 1 WARNING my_database odoo.addons.base.models.ir_cron: Tried to poll an undefined table on database my_database. 
2026-07-02 12:38:14,701 1 ERROR my_database odoo.sql_db: bad query: b"\n            SELECT latest_version\n            FROM ir_module_module\n             WHERE name='base'\n        "
ERROR: relation "ir_module_module" does not exist
LINE 3:             FROM ir_module_module
                         ^
 
2026-07-02 12:38:14,703 1 WARNING my_database odoo.addons.base.models.ir_cron: Tried to poll an undefined table on database my_database. 
2026-07-02 12:39:11,678 1 ERROR my_database odoo.sql_db: bad query: b"\n            SELECT latest_version\n            FROM ir_module_module\n             WHERE name='base'\n        "
ERROR: relation "ir_module_module" does not exist
LINE 3:             FROM ir_module_module
                         ^
 
2026-07-02 12:39:11,680 1 WARNING my_database odoo.addons.base.models.ir_cron: Tried to poll an undefined table on database my_database. 
2026-07-02 12:39:15,844 1 ERROR my_database odoo.sql_db: bad query: b"\n            SELECT latest_version\n            FROM ir_module_module\n             WHERE name='base'\n        "
ERROR: relation "ir_module_module" does not exist
LINE 3:             FROM ir_module_module
                         ^
 
2026-07-02 12:39:15,845 1 WARNING my_database odoo.addons.base.models.ir_cron: Tried to poll an undefined table on database my_database. 
2026-07-02 12:39:59,256 19 INFO ? odoo: Odoo version saas~18.4 
2026-07-02 12:39:59,258 19 INFO ? odoo: Using configuration file at /opt/odoo/odoo.conf 
2026-07-02 12:39:59,258 19 INFO ? odoo: addons paths: _NamespacePath(['/opt/odoo/odoo/addons', '/opt/odoo/.local/share/Odoo/addons/saas~18.4', '/opt/odoo/addons']) 
2026-07-02 12:39:59,259 19 INFO ? odoo: database: odoo@host.docker.internal:5432 
2026-07-02 12:40:01,908 19 INFO my_database odoo.modules.loading: Initializing database my_database 
2026-07-02 12:40:11,801 1 ERROR my_database odoo.sql_db: bad query: b"\n            SELECT latest_version\n            FROM ir_module_module\n             WHERE name='base'\n        "
ERROR: relation "ir_module_module" does not exist
LINE 3:             FROM ir_module_module
                         ^
 
2026-07-02 12:40:11,803 1 WARNING my_database odoo.addons.base.models.ir_cron: Tried to poll an undefined table on database my_database. 
2026-07-02 12:40:16,975 1 ERROR my_database odoo.sql_db: bad query: b"\n            SELECT latest_version\n            FROM ir_module_module\n             WHERE name='base'\n        "
ERROR: relation "ir_module_module" does not exist
LINE 3:             FROM ir_module_module
                         ^
 
2026-07-02 12:40:16,977 1 WARNING my_database odoo.addons.base.models.ir_cron: Tried to poll an undefined table on database my_database. 
2026-07-02 12:40:20,072 19 INFO my_database odoo.modules.loading: loading 1 modules... 
2026-07-02 12:40:20,073 19 INFO my_database odoo.modules.loading: Loading module base (1/1) 
2026-07-02 12:40:20,106 19 INFO my_database odoo.registry: module base: creating or updating database tables 
2026-07-02 12:40:21,102 19 INFO my_database odoo.models: Prepare computation of ir.module.module.menus_by_module 
2026-07-02 12:40:21,103 19 INFO my_database odoo.models: Prepare computation of ir.module.module.reports_by_module 
2026-07-02 12:40:21,104 19 INFO my_database odoo.models: Prepare computation of ir.module.module.views_by_module 
2026-07-02 12:40:21,401 19 INFO my_database odoo.models: Prepare computation of res.partner.user_id 
2026-07-02 12:40:21,402 19 INFO my_database odoo.models: Prepare computation of res.partner.commercial_partner_id 
2026-07-02 12:40:21,402 19 INFO my_database odoo.models: Prepare computation of res.partner.complete_name 
2026-07-02 12:40:21,403 19 INFO my_database odoo.models: Prepare computation of res.partner.lang 
2026-07-02 12:40:21,403 19 INFO my_database odoo.models: Prepare computation of res.partner.company_registry 
2026-07-02 12:40:21,404 19 INFO my_database odoo.models: Prepare computation of res.partner.commercial_company_name 
2026-07-02 12:40:21,404 19 INFO my_database odoo.models: Prepare computation of res.partner.partner_share 
2026-07-02 12:40:21,498 19 INFO my_database odoo.models: Prepare computation of res.currency.decimal_places 
2026-07-02 12:40:21,577 19 INFO my_database odoo.models: Prepare computation of res.company.uses_default_logo 
2026-07-02 12:40:21,578 19 INFO my_database odoo.models: Prepare computation of res.company.logo_web 
2026-07-02 12:40:21,586 19 INFO my_database odoo.models: Computing parent_path for table res_company... 
2026-07-02 12:40:21,683 19 INFO my_database odoo.models: Prepare computation of res.users.signature 
2026-07-02 12:40:21,684 19 INFO my_database odoo.models: Prepare computation of res.users.share 
2026-07-02 12:40:25,915 19 INFO my_database odoo.modules.loading: loading base/data/res_bank.xml 
2026-07-02 12:40:25,981 19 INFO my_database odoo.modules.loading: loading base/data/res.lang.csv 
2026-07-02 12:40:26,107 19 INFO my_database odoo.modules.loading: loading base/data/res_lang_data.xml 
2026-07-02 12:40:26,364 19 INFO my_database odoo.modules.loading: loading base/data/res_partner_data.xml 
2026-07-02 12:40:26,554 19 INFO my_database odoo.modules.loading: loading base/data/res_currency_data.xml 
2026-07-02 12:40:28,265 19 INFO my_database odoo.modules.loading: loading base/data/res_company_data.xml 
2026-07-02 12:40:28,308 19 INFO my_database odoo.modules.loading: loading base/data/res_users_data.xml 
2026-07-02 12:40:29,344 19 INFO my_database odoo.modules.loading: loading base/data/report_paperformat_data.xml 
2026-07-02 12:40:29,406 19 INFO my_database odoo.modules.loading: loading base/data/res_country_data.xml 
2026-07-02 12:40:30,661 19 INFO my_database odoo.modules.loading: loading base/data/ir_demo_data.xml 
2026-07-02 12:40:30,711 19 INFO my_database odoo.modules.loading: loading base/security/base_groups.xml 
2026-07-02 12:40:31,354 19 INFO my_database odoo.modules.loading: loading base/security/base_security.xml 
2026-07-02 12:40:31,778 19 INFO my_database odoo.modules.loading: loading base/wizard/wizard_ir_model_menu_create_views.xml 
2026-07-02 12:40:31,831 19 INFO my_database odoo.modules.loading: loading base/views/base_menus.xml 
2026-07-02 12:40:32,186 19 INFO my_database odoo.modules.loading: loading base/views/decimal_precision_views.xml 
2026-07-02 12:40:32,302 19 INFO my_database odoo.modules.loading: loading base/views/res_config_views.xml 
2026-07-02 12:40:32,352 19 INFO my_database odoo.modules.loading: loading base/data/res.country.state.csv 
2026-07-02 12:40:32,884 19 INFO my_database odoo.modules.loading: loading base/views/ir_actions_views.xml 
2026-07-02 12:40:33,345 19 INFO my_database odoo.modules.loading: loading base/views/ir_asset_views.xml 
2026-07-02 12:40:33,426 19 INFO my_database odoo.modules.loading: loading base/views/ir_config_parameter_views.xml 
2026-07-02 12:40:33,493 19 INFO my_database odoo.modules.loading: loading base/views/ir_cron_views.xml 
2026-07-02 12:40:33,608 19 INFO my_database odoo.modules.loading: loading base/views/ir_cron_trigger_views.xml 
2026-07-02 12:40:33,690 19 INFO my_database odoo.modules.loading: loading base/views/ir_filters_views.xml 
2026-07-02 12:40:33,790 19 INFO my_database odoo.modules.loading: loading base/views/ir_mail_server_views.xml 
2026-07-02 12:40:33,881 19 INFO my_database odoo.modules.loading: loading base/views/ir_model_views.xml 
2026-07-02 12:40:34,312 19 INFO my_database odoo.modules.loading: loading base/views/ir_attachment_views.xml 
2026-07-02 12:40:34,385 19 INFO my_database odoo.modules.loading: loading base/views/ir_rule_views.xml 
2026-07-02 12:40:34,456 19 INFO my_database odoo.modules.loading: loading base/views/ir_sequence_views.xml 
2026-07-02 12:40:34,532 19 INFO my_database odoo.modules.loading: loading base/views/ir_ui_menu_views.xml 
2026-07-02 12:40:34,605 19 INFO my_database odoo.modules.loading: loading base/views/ir_ui_view_views.xml 
2026-07-02 12:40:34,762 19 INFO my_database odoo.modules.loading: loading base/views/ir_default_views.xml 
2026-07-02 12:40:34,842 19 INFO my_database odoo.modules.loading: loading base/data/ir_config_parameter_data.xml 
2026-07-02 12:40:34,879 19 INFO my_database odoo.modules.loading: loading base/data/ir_cron_data.xml 
2026-07-02 12:40:34,941 19 INFO my_database odoo.modules.loading: loading base/report/ir_model_report.xml 
2026-07-02 12:40:34,973 19 INFO my_database odoo.modules.loading: loading base/report/ir_model_templates.xml 
2026-07-02 12:40:35,018 19 INFO my_database odoo.modules.loading: loading base/views/ir_logging_views.xml 
2026-07-02 12:40:35,096 19 INFO my_database odoo.modules.loading: loading base/views/ir_qweb_widget_templates.xml 
2026-07-02 12:40:35,176 19 INFO my_database odoo.modules.loading: loading base/views/ir_module_views.xml 
2026-07-02 12:40:35,359 19 INFO my_database odoo.modules.loading: loading base/data/ir_module_category_data.xml 
2026-07-02 12:40:35,541 19 INFO my_database odoo.modules.loading: loading base/data/ir_module_module.xml 
2026-07-02 12:40:35,712 19 INFO my_database odoo.modules.loading: loading base/report/ir_module_reports.xml 
2026-07-02 12:40:35,744 19 INFO my_database odoo.modules.loading: loading base/report/ir_module_report_templates.xml 
2026-07-02 12:40:35,782 19 INFO my_database odoo.modules.loading: loading base/wizard/base_module_update_views.xml 
2026-07-02 12:40:35,839 19 INFO my_database odoo.modules.loading: loading base/wizard/base_language_install_views.xml 
2026-07-02 12:40:35,896 19 INFO my_database odoo.modules.loading: loading base/wizard/base_import_language_views.xml 
2026-07-02 12:40:35,998 19 INFO my_database odoo.modules.loading: loading base/wizard/base_module_upgrade_views.xml 
2026-07-02 12:40:36,111 19 INFO my_database odoo.modules.loading: loading base/wizard/base_module_uninstall_views.xml 
2026-07-02 12:40:36,167 19 INFO my_database odoo.modules.loading: loading base/wizard/base_export_language_views.xml 
2026-07-02 12:40:36,226 19 INFO my_database odoo.modules.loading: loading base/wizard/base_partner_merge_views.xml 
2026-07-02 12:40:36,283 19 INFO my_database odoo.modules.loading: loading base/data/ir_demo_failure_data.xml 
2026-07-02 12:40:36,354 19 INFO my_database odoo.modules.loading: loading base/views/ir_profile_views.xml 
2026-07-02 12:40:36,435 19 INFO my_database odoo.modules.loading: loading base/views/res_company_views.xml 
2026-07-02 12:40:36,525 19 INFO my_database odoo.modules.loading: loading base/views/res_lang_views.xml 
2026-07-02 12:40:36,597 19 INFO my_database odoo.modules.loading: loading base/views/res_partner_views.xml 
2026-07-02 12:40:36,822 19 INFO my_database odoo.modules.loading: loading base/views/res_bank_views.xml 
2026-07-02 12:40:36,920 19 INFO my_database odoo.modules.loading: loading base/views/res_country_views.xml 
2026-07-02 12:40:37,063 19 INFO my_database odoo.modules.loading: loading base/views/res_currency_views.xml 
2026-07-02 12:40:37,200 19 INFO my_database odoo.modules.loading: loading base/views/res_groups_views.xml 
2026-07-02 12:40:37,335 19 INFO my_database odoo.modules.loading: loading base/views/res_users_views.xml 
2026-07-02 12:40:37,601 19 INFO my_database odoo.modules.loading: loading base/views/res_device_views.xml 
2026-07-02 12:40:37,684 19 INFO my_database odoo.modules.loading: loading base/views/res_users_identitycheck_views.xml 
2026-07-02 12:40:37,728 19 INFO my_database odoo.modules.loading: loading base/views/res_config_settings_views.xml 
2026-07-02 12:40:37,772 19 INFO my_database odoo.modules.loading: loading base/views/report_paperformat_views.xml 
2026-07-02 12:40:37,865 19 INFO my_database odoo.modules.loading: loading base/security/ir.model.access.csv 
2026-07-02 12:40:38,817 19 INFO my_database odoo.modules.loading: Module base loaded in 18.74s, 8129 queries (+8129 other) 
2026-07-02 12:40:38,838 19 INFO my_database odoo.modules.loading: 1 modules loaded in 18.77s, 8129 queries (+8129 extra) 
2026-07-02 12:40:38,853 19 INFO my_database odoo.modules.loading: updating modules list 
2026-07-02 12:40:38,860 19 INFO my_database odoo.addons.base.models.ir_module: ALLOW access to module.update_list on [] to user __system__ #1 via n/a 
2026-07-02 12:40:41,677 19 INFO my_database odoo.modules.loading: loading 13 modules... 
2026-07-02 12:40:41,678 19 INFO my_database odoo.modules.loading: Loading module rpc (2/13) 
2026-07-02 12:40:41,728 19 INFO my_database odoo.modules.loading: Module rpc loaded in 0.05s, 9 queries (+9 other) 
2026-07-02 12:40:41,729 19 INFO my_database odoo.modules.loading: Loading module web (3/13) 
2026-07-02 12:40:41,804 19 INFO my_database odoo.registry: module web: creating or updating database tables 
2026-07-02 12:40:43,172 19 INFO my_database odoo.modules.loading: loading web/security/ir.model.access.csv 
2026-07-02 12:40:43,229 19 INFO my_database odoo.modules.loading: loading web/views/webclient_templates.xml 
2026-07-02 12:40:43,516 19 INFO my_database odoo.modules.loading: loading web/views/report_templates.xml 
2026-07-02 12:40:43,859 19 INFO my_database odoo.modules.loading: loading web/views/base_document_layout_views.xml 
2026-07-02 12:40:43,948 19 INFO my_database odoo.modules.loading: loading web/views/partner_view.xml 
2026-07-02 12:40:43,972 19 INFO my_database odoo.modules.loading: loading web/views/speedscope_template.xml 
2026-07-02 12:40:43,995 19 INFO my_database odoo.modules.loading: loading web/views/speedscope_config_wizard.xml 
2026-07-02 12:40:44,078 19 INFO my_database odoo.modules.loading: loading web/views/neutralize_views.xml 
2026-07-02 12:40:44,128 19 INFO my_database odoo.modules.loading: loading web/views/ir_ui_view_views.xml 
2026-07-02 12:40:44,202 19 INFO my_database odoo.modules.loading: loading web/data/ir_attachment.xml 
2026-07-02 12:40:44,238 19 INFO my_database odoo.modules.loading: loading web/data/report_layout.xml 
2026-07-02 12:40:44,458 19 INFO my_database odoo.modules.loading: Module web loaded in 2.73s, 1146 queries (+1146 other) 
2026-07-02 12:40:44,459 19 INFO my_database odoo.modules.loading: Loading module auth_totp (4/13) 
2026-07-02 12:40:44,586 19 INFO my_database odoo.registry: module auth_totp: creating or updating database tables 
2026-07-02 12:40:44,799 19 INFO my_database odoo.modules.loading: loading auth_totp/security/security.xml 
2026-07-02 12:40:44,903 19 INFO my_database odoo.modules.loading: loading auth_totp/security/ir.model.access.csv 
2026-07-02 12:40:44,947 19 INFO my_database odoo.modules.loading: loading auth_totp/data/ir_action_data.xml 
2026-07-02 12:40:44,990 19 INFO my_database odoo.modules.loading: loading auth_totp/views/res_users_views.xml 
2026-07-02 12:40:45,101 19 INFO my_database odoo.modules.loading: loading auth_totp/views/templates.xml 
2026-07-02 12:40:45,147 19 INFO my_database odoo.modules.loading: loading auth_totp/wizard/auth_totp_wizard_views.xml 
2026-07-02 12:40:45,295 19 INFO my_database odoo.modules.loading: Module auth_totp loaded in 0.84s, 218 queries (+218 other) 
2026-07-02 12:40:45,296 19 INFO my_database odoo.modules.loading: Loading module base_import (5/13) 
2026-07-02 12:40:45,475 19 INFO my_database odoo.registry: module base_import: creating or updating database tables 
2026-07-02 12:40:46,846 19 INFO my_database odoo.modules.loading: loading base_import/security/ir.model.access.csv 
2026-07-02 12:40:46,909 19 INFO my_database odoo.modules.loading: Module base_import loaded in 1.61s, 918 queries (+918 other) 
2026-07-02 12:40:46,910 19 INFO my_database odoo.modules.loading: Loading module base_import_module (6/13) 
2026-07-02 12:40:47,084 19 INFO my_database odoo.registry: module base_import_module: creating or updating database tables 
2026-07-02 12:40:47,251 19 INFO my_database odoo.modules.loading: loading base_import_module/security/ir.model.access.csv 
2026-07-02 12:40:47,289 19 INFO my_database odoo.modules.loading: loading base_import_module/views/base_import_module_view.xml 
2026-07-02 12:40:47,378 19 INFO my_database odoo.modules.loading: loading base_import_module/views/ir_module_views.xml 
2026-07-02 12:40:47,536 19 INFO my_database odoo.modules.loading: Module base_import_module loaded in 0.63s, 165 queries (+165 other) 
2026-07-02 12:40:47,537 19 INFO my_database odoo.modules.loading: Loading module base_setup (7/13) 
2026-07-02 12:40:47,667 19 INFO my_database odoo.registry: module base_setup: creating or updating database tables 
2026-07-02 12:40:47,814 19 INFO my_database odoo.modules.loading: loading base_setup/data/base_setup_data.xml 
2026-07-02 12:40:47,853 19 INFO my_database odoo.modules.loading: loading base_setup/views/res_config_settings_views.xml 
2026-07-02 12:40:47,958 19 INFO my_database odoo.modules.loading: loading base_setup/views/res_partner_views.xml 
2026-07-02 12:40:48,036 19 INFO my_database odoo.modules.loading: Module base_setup loaded in 0.50s, 150 queries (+150 other) 
2026-07-02 12:40:48,036 19 INFO my_database odoo.modules.loading: Loading module bus (8/13) 
2026-07-02 12:40:48,303 19 INFO my_database odoo.registry: module bus: creating or updating database tables 
2026-07-02 12:40:48,560 19 INFO my_database odoo.modules.loading: loading bus/security/ir.model.access.csv 
2026-07-02 12:40:48,639 19 INFO my_database odoo.modules.loading: Module bus loaded in 0.60s, 154 queries (+154 other) 
2026-07-02 12:40:48,640 19 INFO my_database odoo.modules.loading: Loading module web_tour (9/13) 
2026-07-02 12:40:48,764 19 INFO my_database odoo.registry: module web_tour: creating or updating database tables 
2026-07-02 12:40:48,779 19 INFO my_database odoo.models: Prepare computation of res.users.tour_enabled 
2026-07-02 12:40:48,982 19 INFO my_database odoo.modules.loading: loading web_tour/security/ir.model.access.csv 
2026-07-02 12:40:49,018 19 INFO my_database odoo.modules.loading: loading web_tour/views/tour_views.xml 
2026-07-02 12:40:49,096 19 INFO my_database odoo.modules.loading: loading web_tour/views/res_users_views.xml 
2026-07-02 12:40:49,198 19 INFO my_database odoo.modules.loading: Module web_tour loaded in 0.56s, 193 queries (+193 other) 
2026-07-02 12:40:49,198 19 INFO my_database odoo.modules.loading: Loading module html_editor (10/13) 
2026-07-02 12:40:53,821 19 INFO my_database odoo.registry: module html_editor: creating or updating database tables 
2026-07-02 12:40:53,931 19 INFO my_database odoo.modules.loading: Module html_editor loaded in 4.73s, 51 queries (+51 other) 
2026-07-02 12:40:53,931 19 INFO my_database odoo.modules.loading: Loading module iap (11/13) 
2026-07-02 12:40:53,938 19 INFO my_database odoo.registry: module iap: creating or updating database tables 
2026-07-02 12:40:54,142 19 INFO my_database odoo.modules.loading: loading iap/data/services.xml 
2026-07-02 12:40:54,176 19 INFO my_database odoo.modules.loading: loading iap/security/ir.model.access.csv 
2026-07-02 12:40:54,213 19 INFO my_database odoo.modules.loading: loading iap/security/ir_rule.xml 
2026-07-02 12:40:54,262 19 INFO my_database odoo.modules.loading: loading iap/views/iap_views.xml 
2026-07-02 12:40:54,343 19 INFO my_database odoo.modules.loading: loading iap/views/res_config_settings.xml 
2026-07-02 12:40:54,443 19 INFO my_database odoo.modules.loading: Module iap loaded in 0.51s, 180 queries (+180 other) 
2026-07-02 12:40:54,443 19 INFO my_database odoo.modules.loading: Loading module web_editor (12/13) 
2026-07-02 12:40:54,954 19 INFO my_database odoo.registry: module web_editor: creating or updating database tables 
2026-07-02 12:40:56,512 19 INFO my_database odoo.modules.loading: loading web_editor/security/ir.model.access.csv 
2026-07-02 12:40:56,561 19 INFO my_database odoo.modules.loading: loading web_editor/data/editor_assets.xml 
2026-07-02 12:40:56,594 19 INFO my_database odoo.modules.loading: loading web_editor/views/editor.xml 
2026-07-02 12:40:56,649 19 INFO my_database odoo.modules.loading: loading web_editor/views/snippets.xml 
2026-07-02 12:40:56,860 19 INFO my_database odoo.modules.loading: Module web_editor loaded in 2.42s, 1043 queries (+1043 other) 
2026-07-02 12:40:56,861 19 INFO my_database odoo.modules.loading: Loading module web_unsplash (13/13) 
2026-07-02 12:40:57,112 19 INFO my_database odoo.registry: module web_unsplash: creating or updating database tables 
2026-07-02 12:40:57,259 19 INFO my_database odoo.modules.loading: loading web_unsplash/views/res_config_settings_view.xml 
2026-07-02 12:40:57,382 19 INFO my_database odoo.modules.loading: Module web_unsplash loaded in 0.52s, 90 queries (+90 other) 
2026-07-02 12:40:57,382 19 INFO my_database odoo.modules.loading: 13 modules loaded in 15.70s, 4317 queries (+4317 extra) 
2026-07-02 12:40:57,968 19 INFO my_database odoo.modules.loading: Modules loaded. 
2026-07-02 12:40:57,982 19 INFO my_database odoo.registry: Registry changed, signaling through the database 
2026-07-02 12:40:57,987 19 INFO my_database odoo.registry: Registry loaded in 56.191s 
2026-07-02 12:40:57,988 19 INFO my_database odoo.service.server: Initiating shutdown 
2026-07-02 12:40:57,988 19 INFO my_database odoo.service.server: Hit CTRL-C again or send a second signal to force the shutdown. 
2026-07-02 12:40:57,989 19 INFO my_database odoo.sql_db: ConnectionPool(read/write;used=0/count=0/max=64): Closed 1 connections  
2026-07-02 12:41:12,185 1 INFO my_database odoo.registry: Reloading the model registry after database signaling. 
2026-07-02 12:41:12,280 1 INFO my_database odoo.modules.loading: loading 1 modules... 
2026-07-02 12:41:12,287 1 INFO my_database odoo.modules.loading: 1 modules loaded in 0.01s, 0 queries (+0 extra) 
2026-07-02 12:41:12,498 1 INFO my_database odoo.modules.loading: loading 13 modules... 
2026-07-02 12:41:15,367 1 INFO my_database odoo.modules.loading: 13 modules loaded in 2.87s, 0 queries (+0 extra) 
2026-07-02 12:41:15,433 1 INFO my_database odoo.modules.loading: Modules loaded. 
2026-07-02 12:41:15,479 1 INFO my_database odoo.registry: Registry loaded in 3.294s 
2026-07-02 12:41:15,488 1 INFO my_database odoo.addons.base.models.ir_cron: Job 'Base: Auto-vacuum internal data' (1) starting 
2026-07-02 12:41:15,768 1 INFO my_database odoo.addons.base.models.ir_attachment: filestore gc 10 checked, 0 removed 
2026-07-02 12:41:15,795 1 INFO my_database odoo.addons.base.models.res_users: GC'd 0 user log entries 
2026-07-02 12:41:15,877 1 INFO my_database odoo.addons.base.models.res_device: GC device logs delete 0 entries 
2026-07-02 12:41:16,139 1 INFO my_database odoo.addons.base.models.res_users: GC 'res.users.apikeys' delete 0 entries 
2026-07-02 12:41:16,178 1 INFO my_database odoo.addons.base.models.res_device: GC device logs delete 0 entries 
2026-07-02 12:41:16,284 1 INFO my_database odoo.addons.base.models.res_users: GC 'auth_totp.device' delete 0 entries 
2026-07-02 12:41:16,322 1 INFO my_database odoo.addons.base.models.ir_cron: Job 'Base: Auto-vacuum internal data' (1) fully done (#loop 1; done 0; remaining 0; duration 0.83s) 
2026-07-02 12:41:16,362 1 INFO my_database odoo.addons.base.models.ir_cron: Job 'Base: Portal Users Deletion' (2) starting 
2026-07-02 12:41:16,407 1 INFO my_database odoo.addons.base.models.ir_cron: Job 'Base: Portal Users Deletion' (2) fully done (#loop 1; done 0; remaining 0; duration 0.05s) 
2026-07-02 12:41:43,066 20 DEBUG ? odoo.netsvc: logger level set: "odoo.http.rpc.request:INFO" 
2026-07-02 12:41:43,067 20 DEBUG ? odoo.netsvc: logger level set: "odoo.http.rpc.response:INFO" 
2026-07-02 12:41:43,067 20 DEBUG ? odoo.netsvc: logger level set: ":INFO" 
2026-07-02 12:41:43,068 20 DEBUG ? odoo.netsvc: logger level set: "odoo:DEBUG" 
2026-07-02 12:41:43,068 20 DEBUG ? odoo.netsvc: logger level set: "odoo.sql_db:INFO" 
2026-07-02 12:41:43,068 20 DEBUG ? odoo.netsvc: logger level set: ":INFO" 
2026-07-02 12:41:43,074 20 INFO ? odoo: Odoo version saas~18.4 
2026-07-02 12:41:43,075 20 INFO ? odoo: Using configuration file at /opt/odoo/odoo.conf 
2026-07-02 12:41:43,076 20 INFO ? odoo: addons paths: _NamespacePath(['/opt/odoo/odoo/addons', '/opt/odoo/.local/share/Odoo/addons/saas~18.4', '/opt/odoo/addons']) 
2026-07-02 12:41:43,076 20 INFO ? odoo: database: odoo@host.docker.internal:5432 
2026-07-02 12:41:45,181 20 DEBUG ? odoo.service.server: Setting signal handlers 
2026-07-02 12:41:45,250 20 DEBUG my_database odoo.registry: Multiprocess load registry signaling: [Registry: 2] [Cache default: 1] [Cache assets: 1] [Cache templates: 1] [Cache routing: 1] [Cache groups: 1] 
2026-07-02 12:41:45,341 20 INFO my_database odoo.modules.loading: loading 1 modules... 
2026-07-02 12:41:45,342 20 DEBUG my_database odoo.modules.loading: Loading module base (1/1) 
2026-07-02 12:41:45,347 20 DEBUG my_database odoo.modules.loading: Module base loaded in 0.00s, 0 queries 
2026-07-02 12:41:45,347 20 INFO my_database odoo.modules.loading: 1 modules loaded in 0.01s, 0 queries (+0 extra) 
2026-07-02 12:41:45,381 20 INFO my_database odoo.modules.loading: updating modules list 
2026-07-02 12:41:45,385 20 INFO my_database odoo.addons.base.models.ir_module: ALLOW access to module.update_list on [] to user __system__ #1 via n/a 
2026-07-02 12:41:57,260 20 DEBUG my_database odoo.modules.loading: Updating graph with 12 more modules 
2026-07-02 12:41:57,261 20 INFO my_database odoo.modules.loading: loading 13 modules... 
2026-07-02 12:41:57,261 20 DEBUG my_database odoo.modules.loading: Loading module rpc (2/13) 
2026-07-02 12:41:57,262 20 DEBUG my_database odoo.modules.loading: Module rpc loaded in 0.00s, 0 queries 
2026-07-02 12:41:57,262 20 DEBUG my_database odoo.modules.loading: Loading module web (3/13) 
2026-07-02 12:41:57,265 20 DEBUG my_database odoo.modules.loading: Module web loaded in 0.00s, 0 queries 
2026-07-02 12:41:57,265 20 DEBUG my_database odoo.modules.loading: Loading module auth_totp (4/13) 
2026-07-02 12:41:57,419 20 DEBUG my_database odoo.modules.loading: Module auth_totp loaded in 0.15s, 0 queries 
2026-07-02 12:41:57,419 20 DEBUG my_database odoo.modules.loading: Loading module base_import (5/13) 
2026-07-02 12:41:57,488 20 DEBUG my_database odoo.modules.loading: Module base_import loaded in 0.07s, 0 queries 
2026-07-02 12:41:57,488 20 DEBUG my_database odoo.modules.loading: Loading module base_import_module (6/13) 
2026-07-02 12:41:57,588 20 DEBUG my_database odoo.modules.loading: Module base_import_module loaded in 0.10s, 0 queries 
2026-07-02 12:41:57,589 20 DEBUG my_database odoo.modules.loading: Loading module base_setup (7/13) 
2026-07-02 12:41:57,671 20 DEBUG my_database odoo.modules.loading: Module base_setup loaded in 0.08s, 0 queries 
2026-07-02 12:41:57,671 20 DEBUG my_database odoo.modules.loading: Loading module bus (8/13) 
2026-07-02 12:41:57,922 20 DEBUG my_database odoo.modules.loading: Module bus loaded in 0.25s, 0 queries 
2026-07-02 12:41:57,923 20 DEBUG my_database odoo.modules.loading: Loading module web_tour (9/13) 
2026-07-02 12:41:57,971 20 DEBUG my_database odoo.modules.loading: Module web_tour loaded in 0.05s, 0 queries 
2026-07-02 12:41:57,972 20 DEBUG my_database odoo.modules.loading: Loading module html_editor (10/13) 
2026-07-02 12:41:59,520 20 DEBUG my_database odoo.modules.loading: Module html_editor loaded in 1.55s, 0 queries 
2026-07-02 12:41:59,521 20 DEBUG my_database odoo.modules.loading: Loading module iap (11/13) 
2026-07-02 12:41:59,521 20 DEBUG my_database odoo.modules.loading: Module iap loaded in 0.00s, 0 queries 
2026-07-02 12:41:59,522 20 DEBUG my_database odoo.modules.loading: Loading module web_editor (12/13) 
2026-07-02 12:41:59,678 20 DEBUG my_database odoo.modules.loading: Module web_editor loaded in 0.16s, 0 queries 
2026-07-02 12:41:59,679 20 DEBUG my_database odoo.modules.loading: Loading module web_unsplash (13/13) 
2026-07-02 12:41:59,752 20 DEBUG my_database odoo.modules.loading: Module web_unsplash loaded in 0.07s, 0 queries 
2026-07-02 12:41:59,753 20 INFO my_database odoo.modules.loading: 13 modules loaded in 2.49s, 0 queries (+0 extra) 
2026-07-02 12:42:00,312 20 INFO my_database odoo.modules.loading: Modules loaded. 
2026-07-02 12:42:00,331 20 INFO my_database odoo.registry: Registry changed, signaling through the database 
2026-07-02 12:42:00,334 20 INFO my_database odoo.registry: Registry loaded in 15.152s 
2026-07-02 12:42:00,335 20 INFO my_database odoo.service.server: Initiating shutdown 
2026-07-02 12:42:00,336 20 INFO my_database odoo.service.server: Hit CTRL-C again or send a second signal to force the shutdown. 
2026-07-02 12:42:00,336 20 DEBUG my_database odoo.service.server: on_close call <bound method Event.set of <threading.Event at 0x7f234d2b56d0: unset>> 
2026-07-02 12:42:00,336 20 DEBUG my_database odoo.service.server: on_close call <function _kick_all at 0x7f234cd80720> 
2026-07-02 12:42:00,337 20 DEBUG my_database odoo.service.server: current thread: <_MainThread(MainThread, started 139789683858304)> 
2026-07-02 12:42:00,337 20 DEBUG my_database odoo.service.server: process <_MainThread(MainThread, started 139789683858304)> (False) 
2026-07-02 12:42:00,338 20 INFO my_database odoo.sql_db: ConnectionPool(read/write;used=0/count=0/max=64): Closed 1 connections  
2026-07-02 12:42:00,339 20 DEBUG my_database odoo.service.server: -- 
2026-07-02 12:42:16,572 1 INFO my_database odoo.registry: Reloading the model registry after database signaling. 
2026-07-02 12:42:16,613 1 INFO my_database odoo.modules.loading: loading 1 modules... 
2026-07-02 12:42:16,620 1 INFO my_database odoo.modules.loading: 1 modules loaded in 0.01s, 0 queries (+0 extra) 
2026-07-02 12:42:16,625 1 INFO my_database odoo.modules.loading: loading 13 modules... 
2026-07-02 12:42:16,633 1 INFO my_database odoo.modules.loading: 13 modules loaded in 0.01s, 0 queries (+0 extra) 
2026-07-02 12:42:16,879 1 INFO my_database odoo.modules.loading: Modules loaded. 
2026-07-02 12:42:16,897 1 INFO my_database odoo.registry: Registry loaded in 0.324s 
2026-07-02 12:42:16,902 1 INFO my_database odoo.addons.base.models.ir_cron: Job 'Base: Auto-vacuum internal data' (1) starting 
2026-07-02 12:42:17,008 1 INFO my_database odoo.addons.base.models.res_users: GC'd 0 user log entries 
2026-07-02 12:42:17,033 1 INFO my_database odoo.addons.base.models.res_users: GC 'res.users.apikeys' delete 0 entries 
2026-07-02 12:42:17,091 1 INFO my_database odoo.addons.base.models.res_device: GC device logs delete 0 entries 
2026-07-02 12:42:17,184 1 INFO my_database odoo.addons.base.models.res_users: GC 'auth_totp.device' delete 0 entries 
2026-07-02 12:42:17,355 1 INFO my_database odoo.addons.base.models.ir_attachment: filestore gc 0 checked, 0 removed 
2026-07-02 12:42:17,373 1 INFO my_database odoo.addons.base.models.res_device: GC device logs delete 0 entries 
2026-07-02 12:42:17,414 1 INFO my_database odoo.addons.base.models.ir_cron: Job 'Base: Auto-vacuum internal data' (1) fully done (#loop 1; done 0; remaining 0; duration 0.51s) 
2026-07-02 12:46:12,261 1 INFO ? odoo.service.server: Initiating shutdown 
2026-07-02 12:46:12,263 1 INFO ? odoo.service.server: Hit CTRL-C again or send a second signal to force the shutdown. 
2026-07-02 12:46:12,690 1 INFO ? odoo.sql_db: ConnectionPool(read/write;used=0/count=0/max=64): Closed 5 connections  
2026-07-02 12:46:12,712 1 INFO ? odoo.service.server: cron0 max age (0s) reached, releasing connection. 
2026-07-02 12:46:12,723 1 INFO ? odoo.service.server: cron1 max age (0s) reached, releasing connection. 
2026-07-03 07:18:46,182 1 INFO ? odoo: Odoo version saas~18.4 
2026-07-03 07:18:46,183 1 INFO ? odoo: Using configuration file at /opt/odoo/odoo.conf 
2026-07-03 07:18:46,184 1 INFO ? odoo: addons paths: _NamespacePath(['/opt/odoo/odoo/addons', '/opt/odoo/.local/share/Odoo/addons/saas~18.4', '/opt/odoo/addons']) 
2026-07-03 07:18:46,184 1 INFO ? odoo: database: odoo@host.docker.internal:5432 
2026-07-03 07:18:50,147 1 INFO ? odoo.service.server: HTTP service (werkzeug) running on 1b919a8af630:8069 
2026-07-03 07:21:40,325 1 INFO ? odoo.modules.loading: loading 1 modules... 
2026-07-03 07:21:40,331 1 INFO ? odoo.modules.loading: 1 modules loaded in 0.00s, 0 queries (+0 extra) 
2026-07-03 07:21:40,889 1 INFO ? odoo.modules.loading: loading 13 modules... 
2026-07-03 07:21:48,990 1 INFO ? odoo.modules.loading: 13 modules loaded in 8.10s, 0 queries (+0 extra) 
2026-07-03 07:21:49,063 1 INFO ? odoo.modules.loading: Modules loaded. 
2026-07-03 07:21:49,117 1 INFO ? odoo.registry: Registry loaded in 9.039s 
2026-07-03 07:21:49,123 1 INFO my_database odoo.addons.base.models.ir_http: Generating routing map for key None 
2026-07-03 07:21:49,151 1 INFO my_database werkzeug: 172.18.0.1 - - [03/Jul/2026 07:21:49] "GET / HTTP/1.1" 303 - 23 0.196 8.950
2026-07-03 07:21:49,223 1 INFO my_database werkzeug: 172.18.0.1 - - [03/Jul/2026 07:21:49] "GET /odoo HTTP/1.1" 303 - 2 0.009 0.055
2026-07-03 07:21:58,067 1 INFO my_database werkzeug: 172.18.0.1 - - [03/Jul/2026 07:21:58] "GET /web/login?redirect=%2Fodoo%3F HTTP/1.1" 200 - 53 0.143 8.688
2026-07-03 07:21:58,321 1 INFO my_database werkzeug: 172.18.0.1 - - [03/Jul/2026 07:21:58] "GET /web/binary/company_logo HTTP/1.1" 200 - 3 0.038 0.137
2026-07-03 07:22:06,893 1 INFO my_database odoo.addons.base.models.assetsbundle: Generating a new asset bundle attachment /web/assets/f26f355/web.assets_frontend.min.css (id:14) 
2026-07-03 07:22:06,914 1 INFO my_database werkzeug: 172.18.0.1 - - [03/Jul/2026 07:22:06] "GET /web/assets/f26f355/web.assets_frontend.min.css HTTP/1.1" 200 - 13 0.119 8.656
2026-07-03 07:22:07,535 1 INFO my_database odoo.addons.base.models.assetsbundle: Generating a new asset bundle attachment /web/assets/de29240/web.assets_frontend_minimal.min.js (id:15) 
2026-07-03 07:22:07,571 1 INFO my_database werkzeug: 172.18.0.1 - - [03/Jul/2026 07:22:07] "GET /web/assets/de29240/web.assets_frontend_minimal.min.js HTTP/1.1" 200 - 10 0.021 0.603
2026-07-03 07:22:25,355 1 INFO ? werkzeug: 172.18.0.1 - - [03/Jul/2026 07:22:25] "GET /web/static/src/libs/fontawesome/fonts/fontawesome-webfont.woff2?v=4.7.0 HTTP/1.1" 200 - 1 0.007 27.203
2026-07-03 07:22:25,680 1 INFO ? werkzeug: 172.18.0.1 - - [03/Jul/2026 07:22:25] "GET /web/static/img/favicon.ico HTTP/1.1" 200 - 1 0.011 0.240
2026-07-03 07:22:44,456 1 INFO my_database odoo.addons.base.models.assetsbundle: Generating a new asset bundle attachment /web/assets/d1383cb/web.assets_frontend_lazy.min.js (id:16) 
2026-07-03 07:22:45,075 1 INFO my_database werkzeug: 172.18.0.1 - - [03/Jul/2026 07:22:45] "GET /web/assets/d1383cb/web.assets_frontend_lazy.min.js HTTP/1.1" 200 - 10 0.034 19.653
2026-07-03 07:22:45,528 1 INFO my_database werkzeug: 172.18.0.1 - - [03/Jul/2026 07:22:45] "GET /web/webclient/translations?hash=&lang= HTTP/1.1" 200 - 3 0.013 0.122
2026-07-03 07:24:05,379 1 INFO my_database werkzeug: 172.18.0.1 - - [03/Jul/2026 07:24:05] "GET / HTTP/1.1" 303 - 2 0.024 0.106
2026-07-03 07:24:05,459 1 INFO my_database werkzeug: 172.18.0.1 - - [03/Jul/2026 07:24:05] "GET /odoo HTTP/1.1" 303 - 2 0.010 0.057
2026-07-03 07:24:05,589 1 INFO my_database werkzeug: 172.18.0.1 - - [03/Jul/2026 07:24:05] "GET /web/login?redirect=%2Fodoo%3F HTTP/1.1" 200 - 5 0.022 0.100
2026-07-03 07:24:05,717 1 INFO my_database werkzeug: 172.18.0.1 - - [03/Jul/2026 07:24:05] "GET /web/binary/company_logo HTTP/1.1" 304 - 3 0.015 0.089
2026-07-03 07:24:05,942 1 INFO my_database werkzeug: 172.18.0.1 - - [03/Jul/2026 07:24:05] "GET /web/webclient/translations?hash=ccbafffc52dbe5d681c9c0db5ecd01820a0e0caf&lang= HTTP/1.1" 200 - 3 0.012 0.077
2026-07-03 07:24:42,621 1 INFO my_database odoo.addons.base.models.res_users: Login successful for login:admin from 172.18.0.1 
2026-07-03 07:24:42,704 1 INFO my_database odoo.registry: Caches invalidated, signaling through the database: ['default'] 
2026-07-03 07:24:42,715 1 INFO my_database werkzeug: 172.18.0.1 - - [03/Jul/2026 07:24:42] "POST /web/login HTTP/1.1" 303 - 31 0.121 0.638
2026-07-03 07:24:42,750 1 INFO my_database odoo.addons.base.models.res_device: User 2 inserts device log (JiT1kZ-xBEcmJ352R-Xo3-TlxSdp9jI_hwP3RW1-dd) 
2026-07-03 07:25:05,728 1 INFO my_database werkzeug: 172.18.0.1 - - [03/Jul/2026 07:25:05] "GET /odoo HTTP/1.1" 200 - 57 0.138 22.870
2026-07-03 07:25:05,941 1 INFO my_database werkzeug: 172.18.0.1 - - [03/Jul/2026 07:25:05] "GET /web/manifest.webmanifest HTTP/1.1" 200 - 11 0.050 0.114
2026-07-03 07:25:06,009 1 INFO my_database werkzeug: 172.18.0.1 - - [03/Jul/2026 07:25:06] "GET /web/webclient/load_menus HTTP/1.1" 200 - 10 0.058 0.183
2026-07-03 07:25:13,499 1 INFO my_database odoo.addons.base.models.assetsbundle: Generating a new asset bundle attachment /web/assets/5b7c69a/web.assets_web.min.css (id:17) 
2026-07-03 07:25:13,590 1 INFO my_database werkzeug: 172.18.0.1 - - [03/Jul/2026 07:25:13] "GET /web/assets/5b7c69a/web.assets_web.min.css HTTP/1.1" 200 - 15 0.129 7.695
2026-07-03 07:25:18,444 1 INFO my_database odoo.addons.base.models.assetsbundle: Generating a new asset bundle attachment /web/assets/e642f30/web.assets_web_print.min.css (id:18) 
2026-07-03 07:25:18,467 1 INFO my_database werkzeug: 172.18.0.1 - - [03/Jul/2026 07:25:18] "GET /web/assets/e642f30/web.assets_web_print.min.css HTTP/1.1" 200 - 8 0.103 4.705
2026-07-03 07:25:33,951 1 INFO my_database werkzeug: 172.18.0.1 - - [03/Jul/2026 07:25:33] "GET /odoo HTTP/1.1" 200 - 8 0.014 0.089
2026-07-03 07:25:34,014 1 INFO my_database werkzeug: 172.18.0.1 - - [03/Jul/2026 07:25:34] "GET /web/webclient/load_menus HTTP/1.1" 200 - 1 0.004 0.023
2026-07-03 07:25:39,443 1 INFO my_database odoo.addons.base.models.assetsbundle: Generating a new asset bundle attachment /web/assets/b4216a4/web.assets_web.min.js (id:19) 
2026-07-03 07:25:41,104 1 INFO my_database werkzeug: 172.18.0.1 - - [03/Jul/2026 07:25:41] "GET /web/assets/b4216a4/web.assets_web.min.js HTTP/1.1" 200 - 11 0.043 35.287
2026-07-03 07:25:41,509 1 INFO my_database werkzeug: 172.18.0.1 - - [03/Jul/2026 07:25:41] "GET /web/webclient/translations?hash=&lang=en_US HTTP/1.1" 200 - 1 0.003 0.015
2026-07-03 07:25:41,569 1 INFO ? werkzeug: 172.18.0.1 - - [03/Jul/2026 07:25:41] "GET /web/static/img/odoo-icon-192x192.png HTTP/1.1" 200 - 0 0.000 0.076
2026-07-03 07:25:41,671 1 INFO my_database werkzeug: 172.18.0.1 - - [03/Jul/2026 07:25:41] "GET /web/service-worker.js HTTP/1.1" 200 - 1 0.004 0.105
2026-07-03 07:25:41,834 1 INFO my_database odoo.addons.base.models.assetsbundle: Generating a new asset bundle attachment /web/assets/139abb3/bus.websocket_worker_assets.min.js (id:20) 
2026-07-03 07:25:41,847 1 INFO my_database werkzeug: 172.18.0.1 - - [03/Jul/2026 07:25:41] "GET /odoo/offline HTTP/1.1" 200 - 6 0.037 0.110
2026-07-03 07:25:41,868 1 INFO my_database werkzeug: 172.18.0.1 - - [03/Jul/2026 07:25:41] "GET /web/image/res.partner/3/avatar_128?unique=1783043682000 HTTP/1.1" 200 - 11 0.090 0.041
2026-07-03 07:25:41,869 1 INFO ? werkzeug: 172.18.0.1 - - [03/Jul/2026 07:25:41] "GET /web/static/lib/odoo_ui_icons/fonts/odoo_ui_icons.woff2 HTTP/1.1" 200 - 0 0.000 0.095
2026-07-03 07:25:41,870 1 INFO my_database werkzeug: 172.18.0.1 - - [03/Jul/2026 07:25:41] "GET /web/image?model=res.users&field=avatar_128&id=2 HTTP/1.1" 200 - 15 0.093 0.050
2026-07-03 07:25:41,893 1 INFO my_database werkzeug: 172.18.0.1 - - [03/Jul/2026 07:25:41] "GET /bus/websocket_worker_bundle?v=saas-18.4-2 HTTP/1.1" 200 - 8 0.023 0.323
2026-07-03 07:25:41,993 1 INFO my_database werkzeug: 172.18.0.1 - - [03/Jul/2026 07:25:41] "POST /web/action/load HTTP/1.1" 200 - 10 0.126 0.118
2026-07-03 07:25:42,008 1 INFO my_database werkzeug: 172.18.0.1 - - [03/Jul/2026 07:25:42] "GET /websocket?version=saas-18.4-2 HTTP/1.1" 101 - 1 0.004 0.060
2026-07-03 07:25:42,265 1 INFO my_database werkzeug: 172.18.0.1 - - [03/Jul/2026 07:25:42] "POST /web/dataset/call_kw/ir.module.module/get_views#ir.module.module.get_views HTTP/1.1" 200 - 45 0.122 0.087
2026-07-03 07:25:42,307 1 INFO my_database werkzeug: 172.18.0.1 - - [03/Jul/2026 07:25:42] "POST /web/dataset/call_kw/ir.module.module/search_panel_select_range#ir.module.module.search_panel_select_range HTTP/1.1" 200 - 1 0.004 0.015
2026-07-03 07:25:42,360 1 INFO ? odoo.addons.bus.models.bus: Bus.loop listen imbus on db postgres 
2026-07-03 07:25:42,533 1 INFO my_database werkzeug: 172.18.0.1 - - [03/Jul/2026 07:25:42] "POST /web/dataset/call_kw/ir.module.module/search_panel_select_range#ir.module.module.search_panel_select_range HTTP/1.1" 200 - 43 0.129 0.116
2026-07-03 07:25:44,584 1 INFO my_database werkzeug: 172.18.0.1 - - [03/Jul/2026 07:25:44] "POST /web/dataset/call_kw/ir.module.module/web_search_read#ir.module.module.web_search_read HTTP/1.1" 200 - 4 0.055 2.226
2026-07-03 07:25:45,753 1 INFO ? werkzeug: 172.18.0.1 - - [03/Jul/2026 07:25:45] "GET /account/static/description/icon.png HTTP/1.1" 200 - 0 0.000 0.064
2026-07-03 07:25:45,754 1 INFO ? werkzeug: 172.18.0.1 - - [03/Jul/2026 07:25:45] "GET /pos_restaurant/static/description/icon.png HTTP/1.1" 200 - 0 0.000 0.075
2026-07-03 07:25:45,755 1 INFO ? werkzeug: 172.18.0.1 - - [03/Jul/2026 07:25:45] "GET /website/static/description/icon.png HTTP/1.1" 200 - 0 0.000 0.070
2026-07-03 07:25:45,755 1 INFO ? werkzeug: 172.18.0.1 - - [03/Jul/2026 07:25:45] "GET /crm/static/description/icon.png HTTP/1.1" 200 - 0 0.000 0.066
2026-07-03 07:25:45,755 1 INFO ? werkzeug: 172.18.0.1 - - [03/Jul/2026 07:25:45] "GET /sale_management/static/description/icon.png HTTP/1.1" 200 - 0 0.000 0.073
2026-07-03 07:25:45,769 1 INFO ? werkzeug: 172.18.0.1 - - [03/Jul/2026 07:25:45] "GET /base/static/img/icons/mrp_workorder.png HTTP/1.1" 200 - 0 0.000 0.082
2026-07-03 07:25:45,843 1 INFO ? werkzeug: 172.18.0.1 - - [03/Jul/2026 07:25:45] "GET /base/static/img/icons/account_accountant.png HTTP/1.1" 200 - 0 0.000 0.040
2026-07-03 07:25:45,844 1 INFO ? werkzeug: 172.18.0.1 - - [03/Jul/2026 07:25:45] "GET /base/static/img/icons/knowledge.png HTTP/1.1" 200 - 0 0.000 0.040
2026-07-03 07:25:45,874 1 INFO ? werkzeug: 172.18.0.1 - - [03/Jul/2026 07:25:45] "GET /purchase/static/description/icon.png HTTP/1.1" 200 - 0 0.000 0.076
2026-07-03 07:25:45,876 1 INFO ? werkzeug: 172.18.0.1 - - [03/Jul/2026 07:25:45] "GET /stock/static/description/icon.png HTTP/1.1" 200 - 0 0.000 0.075
2026-07-03 07:25:45,889 1 INFO ? werkzeug: 172.18.0.1 - - [03/Jul/2026 07:25:45] "GET /project/static/description/icon.png HTTP/1.1" 200 - 0 0.000 0.090
2026-07-03 07:25:45,890 1 INFO ? werkzeug: 172.18.0.1 - - [03/Jul/2026 07:25:45] "GET /point_of_sale/static/description/icon.png HTTP/1.1" 200 - 0 0.000 0.088
2026-07-03 07:25:45,923 1 INFO ? werkzeug: 172.18.0.1 - - [03/Jul/2026 07:25:45] "GET /website_sale/static/description/icon.png HTTP/1.1" 200 - 0 0.000 0.059
2026-07-03 07:25:45,934 1 INFO ? werkzeug: 172.18.0.1 - - [03/Jul/2026 07:25:45] "GET /mrp/static/description/icon.png HTTP/1.1" 200 - 0 0.000 0.075
2026-07-03 07:25:45,940 1 INFO ? werkzeug: 172.18.0.1 - - [03/Jul/2026 07:25:45] "GET /base/static/img/icons/timesheet_grid.png HTTP/1.1" 200 - 0 0.000 0.050
2026-07-03 07:25:45,942 1 INFO ? werkzeug: 172.18.0.1 - - [03/Jul/2026 07:25:45] "GET /base/static/img/icons/web_studio.png HTTP/1.1" 200 - 0 0.000 0.040
2026-07-03 07:25:45,964 1 INFO ? werkzeug: 172.18.0.1 - - [03/Jul/2026 07:25:45] "GET /mass_mailing/static/description/icon.png HTTP/1.1" 200 - 0 0.000 0.079
2026-07-03 07:25:45,978 1 INFO ? werkzeug: 172.18.0.1 - - [03/Jul/2026 07:25:45] "GET /hr_expense/static/description/icon.png HTTP/1.1" 200 - 0 0.000 0.080
2026-07-03 07:25:45,991 1 INFO ? werkzeug: 172.18.0.1 - - [03/Jul/2026 07:25:45] "GET /hr_holidays/static/description/icon.png HTTP/1.1" 200 - 0 0.000 0.057
2026-07-03 07:25:45,996 1 INFO ? werkzeug: 172.18.0.1 - - [03/Jul/2026 07:25:45] "GET /hr_recruitment/static/description/icon.png HTTP/1.1" 200 - 0 0.000 0.053
2026-07-03 07:25:46,010 1 INFO ? werkzeug: 172.18.0.1 - - [03/Jul/2026 07:25:46] "GET /base/static/img/icons/industry_fsm.png HTTP/1.1" 200 - 0 0.000 0.057
2026-07-03 07:25:46,011 1 INFO ? werkzeug: 172.18.0.1 - - [03/Jul/2026 07:25:46] "GET /hr/static/description/icon.png HTTP/1.1" 200 - 0 0.000 0.051
2026-07-03 07:25:46,028 1 INFO ? werkzeug: 172.18.0.1 - - [03/Jul/2026 07:25:46] "GET /data_recycle/static/description/icon.png HTTP/1.1" 200 - 0 0.000 0.056
2026-07-03 07:25:46,040 1 INFO ? werkzeug: 172.18.0.1 - - [03/Jul/2026 07:25:46] "GET /base/static/img/icons/sign.png HTTP/1.1" 200 - 0 0.000 0.032
2026-07-03 07:25:46,042 1 INFO ? werkzeug: 172.18.0.1 - - [03/Jul/2026 07:25:46] "GET /base/static/img/icons/helpdesk.png HTTP/1.1" 200 - 0 0.000 0.022
2026-07-03 07:25:46,043 1 INFO ? werkzeug: 172.18.0.1 - - [03/Jul/2026 07:25:46] "GET /maintenance/static/description/icon.png HTTP/1.1" 200 - 0 0.000 0.056
2026-07-03 07:25:46,044 1 INFO ? werkzeug: 172.18.0.1 - - [03/Jul/2026 07:25:46] "GET /base/static/img/icons/sale_subscription.png HTTP/1.1" 200 - 0 0.000 0.021
2026-07-03 07:25:46,058 1 INFO ? werkzeug: 172.18.0.1 - - [03/Jul/2026 07:25:46] "GET /marketing_card/static/description/icon.png HTTP/1.1" 200 - 0 0.000 0.059
2026-07-03 07:25:46,085 1 INFO ? werkzeug: 172.18.0.1 - - [03/Jul/2026 07:25:46] "GET /base/static/img/icons/quality_control.png HTTP/1.1" 200 - 0 0.000 0.050
2026-07-03 07:25:46,087 1 INFO ? werkzeug: 172.18.0.1 - - [03/Jul/2026 07:25:46] "GET /base/static/img/icons/planning.png HTTP/1.1" 200 - 0 0.000 0.032
2026-07-03 07:25:46,102 1 INFO ? werkzeug: 172.18.0.1 - - [03/Jul/2026 07:25:46] "GET /website_slides/static/description/icon.png HTTP/1.1" 200 - 0 0.000 0.052
2026-07-03 07:25:46,104 1 INFO ? werkzeug: 172.18.0.1 - - [03/Jul/2026 07:25:46] "GET /website_event/static/description/icon.png HTTP/1.1" 200 - 0 0.000 0.044
2026-07-03 07:25:46,104 1 INFO ? werkzeug: 172.18.0.1 - - [03/Jul/2026 07:25:46] "GET /mail/static/description/icon.png HTTP/1.1" 200 - 0 0.000 0.043
2026-07-03 07:25:46,130 1 INFO ? werkzeug: 172.18.0.1 - - [03/Jul/2026 07:25:46] "GET /contacts/static/description/icon.png HTTP/1.1" 200 - 0 0.000 0.056
2026-07-03 07:25:46,141 1 INFO ? werkzeug: 172.18.0.1 - - [03/Jul/2026 07:25:46] "GET /base/static/img/icons/mrp_plm.png HTTP/1.1" 200 - 0 0.000 0.047
2026-07-03 07:25:46,149 1 INFO ? werkzeug: 172.18.0.1 - - [03/Jul/2026 07:25:46] "GET /base/static/img/icons/hr_appraisal.png HTTP/1.1" 200 - 0 0.000 0.033
2026-07-03 07:25:46,153 1 INFO ? werkzeug: 172.18.0.1 - - [03/Jul/2026 07:25:46] "GET /base/static/img/icons/social.png HTTP/1.1" 200 - 0 0.000 0.039
2026-07-03 07:25:46,154 1 INFO ? werkzeug: 172.18.0.1 - - [03/Jul/2026 07:25:46] "GET /calendar/static/description/icon.png HTTP/1.1" 200 - 0 0.000 0.058
2026-07-03 07:25:46,167 1 INFO ? werkzeug: 172.18.0.1 - - [03/Jul/2026 07:25:46] "GET /fleet/static/description/icon.png HTTP/1.1" 200 - 0 0.000 0.050
2026-07-03 07:25:46,186 1 INFO ? werkzeug: 172.18.0.1 - - [03/Jul/2026 07:25:46] "GET /base/static/img/icons/marketing_automation.png HTTP/1.1" 200 - 0 0.000 0.048
2026-07-03 07:25:46,187 1 INFO ? werkzeug: 172.18.0.1 - - [03/Jul/2026 07:25:46] "GET /base/static/img/icons/appointment.png HTTP/1.1" 200 - 0 0.000 0.027
2026-07-03 07:25:46,187 1 INFO ? werkzeug: 172.18.0.1 - - [03/Jul/2026 07:25:46] "GET /base/static/img/icons/web_mobile.png HTTP/1.1" 200 - 0 0.000 0.021
2026-07-03 07:25:46,201 1 INFO ? werkzeug: 172.18.0.1 - - [03/Jul/2026 07:25:46] "GET /im_livechat/static/description/icon.png HTTP/1.1" 200 - 0 0.000 0.050
2026-07-03 07:25:46,206 1 INFO ? werkzeug: 172.18.0.1 - - [03/Jul/2026 07:25:46] "GET /survey/static/description/icon.png HTTP/1.1" 200 - 0 0.000 0.043
2026-07-03 07:25:46,227 1 INFO ? werkzeug: 172.18.0.1 - - [03/Jul/2026 07:25:46] "GET /repair/static/description/icon.png HTTP/1.1" 200 - 0 0.000 0.053
2026-07-03 07:25:46,240 1 INFO ? werkzeug: 172.18.0.1 - - [03/Jul/2026 07:25:46] "GET /hr_attendance/static/description/icon.png HTTP/1.1" 200 - 0 0.000 0.046
2026-07-03 07:25:46,241 1 INFO ? werkzeug: 172.18.0.1 - - [03/Jul/2026 07:25:46] "GET /mass_mailing_sms/static/description/icon.png HTTP/1.1" 200 - 0 0.000 0.043
2026-07-03 07:25:46,262 1 INFO ? werkzeug: 172.18.0.1 - - [03/Jul/2026 07:25:46] "GET /base/static/img/icons/stock_barcode.png HTTP/1.1" 200 - 0 0.000 0.061
2026-07-03 07:25:46,267 1 INFO ? werkzeug: 172.18.0.1 - - [03/Jul/2026 07:25:46] "GET /hr_skills/static/description/icon.png HTTP/1.1" 200 - 0 0.000 0.053
2026-07-03 07:25:46,277 1 INFO ? werkzeug: 172.18.0.1 - - [03/Jul/2026 07:25:46] "GET /project_todo/static/description/icon.png HTTP/1.1" 200 - 0 0.000 0.067
2026-07-03 07:25:46,296 1 INFO ? werkzeug: 172.18.0.1 - - [03/Jul/2026 07:25:46] "GET /base/static/img/icons/voip.png HTTP/1.1" 200 - 0 0.000 0.060
2026-07-03 07:25:46,304 1 INFO ? werkzeug: 172.18.0.1 - - [03/Jul/2026 07:25:46] "GET /lunch/static/description/icon.png HTTP/1.1" 200 - 0 0.000 0.048
2026-07-03 07:25:46,305 1 INFO ? werkzeug: 172.18.0.1 - - [03/Jul/2026 07:25:46] "GET /base/static/img/icons/sale_amazon.png HTTP/1.1" 200 - 0 0.000 0.030
2026-07-03 07:25:46,305 1 INFO ? werkzeug: 172.18.0.1 - - [03/Jul/2026 07:25:46] "GET /website_hr_recruitment/static/description/icon.png HTTP/1.1" 200 - 0 0.000 0.048
2026-07-03 07:28:17,377 1 INFO my_database werkzeug: 172.18.0.1 - - [03/Jul/2026 07:28:17] "POST /web/dataset/call_kw/ir.module.module/web_search_read#ir.module.module.web_search_read HTTP/1.1" 200 - 4 0.012 0.029
2026-07-03 07:28:17,447 1 INFO my_database werkzeug: 172.18.0.1 - - [03/Jul/2026 07:28:17] "POST /web/dataset/call_kw/ir.module.module/search_panel_select_range#ir.module.module.search_panel_select_range HTTP/1.1" 200 - 39 0.069 0.044
2026-07-03 07:28:18,422 1 INFO my_database werkzeug: 172.18.0.1 - - [03/Jul/2026 07:28:18] "POST /web/dataset/call_kw/ir.module.module/web_search_read#ir.module.module.web_search_read HTTP/1.1" 200 - 4 0.014 0.034
2026-07-03 07:28:18,474 1 INFO my_database werkzeug: 172.18.0.1 - - [03/Jul/2026 07:28:18] "POST /web/dataset/call_kw/ir.module.module/search_panel_select_range#ir.module.module.search_panel_select_range HTTP/1.1" 200 - 39 0.061 0.034
2026-07-03 07:28:20,218 1 INFO my_database werkzeug: 172.18.0.1 - - [03/Jul/2026 07:28:20] "POST /web/dataset/call_kw/ir.module.module/web_search_read#ir.module.module.web_search_read HTTP/1.1" 200 - 6 0.013 0.039
2026-07-03 07:28:20,257 1 INFO my_database werkzeug: 172.18.0.1 - - [03/Jul/2026 07:28:20] "POST /web/dataset/call_kw/ir.module.module/search_panel_select_range#ir.module.module.search_panel_select_range HTTP/1.1" 200 - 39 0.057 0.033
2026-07-03 07:28:21,205 1 INFO my_database werkzeug: 172.18.0.1 - - [03/Jul/2026 07:28:21] "POST /web/dataset/call_kw/ir.module.module/web_search_read#ir.module.module.web_search_read HTTP/1.1" 200 - 4 0.010 0.028
2026-07-03 07:28:21,263 1 INFO my_database werkzeug: 172.18.0.1 - - [03/Jul/2026 07:28:21] "POST /web/dataset/call_kw/ir.module.module/search_panel_select_range#ir.module.module.search_panel_select_range HTTP/1.1" 200 - 39 0.062 0.033
2026-07-03 07:37:45,412 1 INFO my_database werkzeug: 172.18.0.1 - - [03/Jul/2026 07:37:45] "POST /web/dataset/call_kw/ir.module.module/search_panel_select_range#ir.module.module.search_panel_select_range HTTP/1.1" 200 - 1 0.006 0.092
2026-07-03 07:37:45,523 1 INFO my_database werkzeug: 172.18.0.1 - - [03/Jul/2026 07:37:45] "POST /web/dataset/call_kw/ir.module.module/search_panel_select_range#ir.module.module.search_panel_select_range HTTP/1.1" 200 - 39 0.101 0.098
2026-07-03 07:37:46,030 1 INFO my_database werkzeug: 172.18.0.1 - - [03/Jul/2026 07:37:46] "POST /web/dataset/call_kw/ir.module.module/web_search_read#ir.module.module.web_search_read HTTP/1.1" 200 - 3 0.032 0.678
2026-07-03 07:37:50,744 1 INFO my_database werkzeug: 172.18.0.1 - - [03/Jul/2026 07:37:50] "POST /web/dataset/call_kw/ir.module.module/search_panel_select_range#ir.module.module.search_panel_select_range HTTP/1.1" 200 - 39 0.070 0.049
2026-07-03 07:37:50,765 1 INFO my_database werkzeug: 172.18.0.1 - - [03/Jul/2026 07:37:50] "POST /web/dataset/call_kw/ir.module.module/web_search_read#ir.module.module.web_search_read HTTP/1.1" 200 - 5 0.014 0.127
2026-07-03 07:56:08,641 1 INFO my_database werkzeug: 172.18.0.1 - - [03/Jul/2026 07:56:08] "GET /odoo/apps HTTP/1.1" 200 - 8 0.026 0.062
2026-07-03 07:56:08,696 1 INFO my_database werkzeug: 172.18.0.1 - - [03/Jul/2026 07:56:08] "GET /web/webclient/load_menus HTTP/1.1" 200 - 1 0.006 0.024
2026-07-03 07:56:08,751 1 INFO my_database werkzeug: 172.18.0.1 - - [03/Jul/2026 07:56:08] "GET /web/manifest.webmanifest HTTP/1.1" 200 - 4 0.012 0.028
2026-07-03 07:56:09,406 1 INFO my_database werkzeug: 172.18.0.1 - - [03/Jul/2026 07:56:09] "GET /web/webclient/translations?hash=11d2a10fdbaf2d3e26504fc7315b934321d9630c&lang=en_US HTTP/1.1" 200 - 1 0.004 0.420
2026-07-03 07:56:09,480 1 INFO my_database werkzeug: 172.18.0.1 - - [03/Jul/2026 07:56:09] "POST /web/dataset/call_kw/ir.module.module/search_panel_select_range#ir.module.module.search_panel_select_range HTTP/1.1" 200 - 1 0.006 0.384
2026-07-03 07:56:09,518 1 INFO my_database werkzeug: 172.18.0.1 - - [03/Jul/2026 07:56:09] "GET /bus/websocket_worker_bundle?v=saas-18.4-2 HTTP/1.1" 304 - 3 0.050 0.481
2026-07-03 07:56:09,519 1 INFO my_database werkzeug: 172.18.0.1 - - [03/Jul/2026 07:56:09] "POST /web/dataset/call_kw/ir.module.module/get_views#ir.module.module.get_views HTTP/1.1" 200 - 2 0.064 0.401
2026-07-03 07:56:09,560 1 INFO my_database werkzeug: 172.18.0.1 - - [03/Jul/2026 07:56:09] "GET /web/image?model=res.users&field=avatar_128&id=2 HTTP/1.1" 304 - 8 0.121 0.393
2026-07-03 07:56:09,624 1 INFO my_database werkzeug: 172.18.0.1 - - [03/Jul/2026 07:56:09] "GET /websocket?version=saas-18.4-2 HTTP/1.1" 101 - 1 0.005 0.068
2026-07-03 07:56:09,660 1 INFO my_database werkzeug: 172.18.0.1 - - [03/Jul/2026 07:56:09] "POST /web/dataset/call_kw/ir.module.module/search_panel_select_range#ir.module.module.search_panel_select_range HTTP/1.1" 200 - 39 0.187 0.380
2026-07-03 07:56:10,448 1 INFO my_database werkzeug: 172.18.0.1 - - [03/Jul/2026 07:56:10] "POST /web/dataset/call_kw/ir.module.module/web_search_read#ir.module.module.web_search_read HTTP/1.1" 200 - 3 0.033 0.994
2026-07-03 07:56:11,183 1 INFO my_database werkzeug: 172.18.0.1 - - [03/Jul/2026 07:56:11] "GET /web/service-worker.js HTTP/1.1" 200 - 1 0.004 0.032
2026-07-03 07:56:11,217 1 INFO my_database werkzeug: 172.18.0.1 - - [03/Jul/2026 07:56:11] "POST /web/dataset/call_kw/ir.module.module/web_search_read#ir.module.module.web_search_read HTTP/1.1" 200 - 5 0.020 0.079
2026-07-03 07:56:11,243 1 INFO my_database werkzeug: 172.18.0.1 - - [03/Jul/2026 07:56:11] "POST /web/dataset/call_kw/ir.module.module/search_panel_select_range#ir.module.module.search_panel_select_range HTTP/1.1" 200 - 39 0.083 0.046
2026-07-03 07:56:36,252 1 INFO ? odoo.service.server: Initiating shutdown 
2026-07-03 07:56:36,253 1 INFO ? odoo.service.server: Hit CTRL-C again or send a second signal to force the shutdown. 
2026-07-03 07:56:36,727 1 INFO ? odoo.sql_db: ConnectionPool(read/write;used=0/count=0/max=64): Closed 8 connections  
2026-07-03 07:56:36,738 1 INFO ? odoo.service.server: cron0 max age (0s) reached, releasing connection. 
2026-07-03 07:57:44,020 1 INFO ? odoo: Odoo version saas~18.4 
2026-07-03 07:57:44,021 1 INFO ? odoo: Using configuration file at /opt/odoo/odoo.conf 
2026-07-03 07:57:44,022 1 INFO ? odoo: addons paths: _NamespacePath(['/opt/odoo/odoo/addons', '/opt/odoo/.local/share/Odoo/addons/saas~18.4', '/opt/odoo/addons']) 
2026-07-03 07:57:44,022 1 INFO ? odoo: database: odoo@host.docker.internal:5432 
2026-07-03 07:57:46,517 1 INFO ? odoo.service.server: HTTP service (werkzeug) running on 1b919a8af630:8069 
2026-07-03 07:57:48,670 1 INFO ? odoo.modules.loading: loading 1 modules... 
2026-07-03 07:57:48,676 1 INFO ? odoo.modules.loading: 1 modules loaded in 0.01s, 0 queries (+0 extra) 
2026-07-03 07:57:48,853 1 INFO ? odoo.modules.loading: loading 13 modules... 
2026-07-03 07:57:52,024 1 INFO ? odoo.modules.loading: 13 modules loaded in 3.17s, 0 queries (+0 extra) 
2026-07-03 07:57:52,088 1 INFO ? odoo.modules.loading: Modules loaded. 
2026-07-03 07:57:52,115 1 INFO ? odoo.registry: Registry loaded in 3.623s 
2026-07-03 07:57:52,122 1 INFO my_database odoo.addons.base.models.ir_http: Generating routing map for key None 
2026-07-03 07:57:52,345 1 INFO my_database werkzeug: 172.18.0.1 - - [03/Jul/2026 07:57:52] "POST /web/dataset/call_kw/ir.module.module/web_search_read#ir.module.module.web_search_read HTTP/1.1" 200 - 14 0.090 2.495
2026-07-03 07:57:52,390 1 INFO my_database werkzeug: 172.18.0.1 - - [03/Jul/2026 07:57:52] "POST /web/dataset/call_kw/ir.module.module/search_panel_select_range#ir.module.module.search_panel_select_range HTTP/1.1" 200 - 52 0.141 3.782
2026-07-03 07:57:52,532 1 INFO my_database werkzeug: 172.18.0.1 - - [03/Jul/2026 07:57:52] "POST /web/dataset/call_kw/ir.module.module/web_search_read#ir.module.module.web_search_read HTTP/1.1" 200 - 36 0.197 3.866
2026-07-03 07:57:55,178 1 INFO my_database werkzeug: 172.18.0.1 - - [03/Jul/2026 07:57:55] "GET /websocket?version=saas-18.4-2 HTTP/1.1" 101 - 2 0.009 0.051
2026-07-03 07:57:55,210 1 INFO my_database werkzeug: 172.18.0.1 - - [03/Jul/2026 07:57:55] "POST /bus/has_missed_notifications HTTP/1.1" 200 - 2 0.008 0.016
2026-07-03 07:57:55,515 1 INFO ? odoo.addons.bus.models.bus: Bus.loop listen imbus on db postgres 
2026-07-03 07:57:55,671 1 INFO my_database werkzeug: 172.18.0.1 - - [03/Jul/2026 07:57:55] "POST /web/dataset/call_kw/ir.module.module/web_search_read#ir.module.module.web_search_read HTTP/1.1" 200 - 6 0.013 0.078
2026-07-03 07:57:55,676 1 INFO my_database werkzeug: 172.18.0.1 - - [03/Jul/2026 07:57:55] "POST /web/dataset/call_kw/ir.module.module/search_panel_select_range#ir.module.module.search_panel_select_range HTTP/1.1" 200 - 39 0.056 0.036
2026-07-03 07:57:56,161 1 INFO my_database werkzeug: 172.18.0.1 - - [03/Jul/2026 07:57:56] "POST /web/webclient/version_info HTTP/1.1" 200 - 1 0.004 0.017
2026-07-03 07:58:06,101 1 INFO my_database werkzeug: 172.18.0.1 - - [03/Jul/2026 07:58:06] "POST /web/dataset/call_kw/ir.module.module/search_panel_select_range#ir.module.module.search_panel_select_range HTTP/1.1" 200 - 39 0.046 0.039
2026-07-03 07:58:06,142 1 INFO my_database werkzeug: 172.18.0.1 - - [03/Jul/2026 07:58:06] "POST /web/dataset/call_kw/ir.module.module/web_search_read#ir.module.module.web_search_read HTTP/1.1" 200 - 5 0.015 0.112
2026-07-03 07:58:15,695 1 INFO my_database werkzeug: 172.18.0.1 - - [03/Jul/2026 07:58:15] "POST /web/dataset/call_kw/ir.module.module/web_search_read#ir.module.module.web_search_read HTTP/1.1" 200 - 6 0.018 0.050
2026-07-03 07:58:15,732 1 INFO my_database werkzeug: 172.18.0.1 - - [03/Jul/2026 07:58:15] "POST /web/dataset/call_kw/ir.module.module/search_panel_select_range#ir.module.module.search_panel_select_range HTTP/1.1" 200 - 39 0.062 0.041
2026-07-03 07:58:17,561 1 INFO my_database werkzeug: 172.18.0.1 - - [03/Jul/2026 07:58:17] "POST /web/dataset/call_kw/ir.module.module/web_search_read#ir.module.module.web_search_read HTTP/1.1" 200 - 4 0.008 0.042
2026-07-03 07:58:17,611 1 INFO my_database werkzeug: 172.18.0.1 - - [03/Jul/2026 07:58:17] "POST /web/dataset/call_kw/ir.module.module/search_panel_select_range#ir.module.module.search_panel_select_range HTTP/1.1" 200 - 39 0.069 0.032
2026-07-03 07:58:19,481 1 INFO my_database werkzeug: 172.18.0.1 - - [03/Jul/2026 07:58:19] "POST /web/dataset/call_kw/ir.module.module/search_panel_select_range#ir.module.module.search_panel_select_range HTTP/1.1" 200 - 39 0.045 0.026
2026-07-03 07:58:20,497 1 INFO my_database werkzeug: 172.18.0.1 - - [03/Jul/2026 07:58:20] "POST /web/dataset/call_kw/ir.module.module/web_search_read#ir.module.module.web_search_read HTTP/1.1" 200 - 3 0.015 1.074
2026-07-03 08:00:41,730 1 INFO ? odoo.service.server: Initiating shutdown 
2026-07-03 08:00:41,732 1 INFO ? odoo.service.server: Hit CTRL-C again or send a second signal to force the shutdown. 
2026-07-03 08:00:42,141 1 INFO ? odoo.sql_db: ConnectionPool(read/write;used=0/count=0/max=64): Closed 6 connections  
2026-07-03 08:00:42,152 1 INFO ? odoo.service.server: cron0 max age (0s) reached, releasing connection. 
2026-07-03 09:22:41,430 1 INFO ? odoo: Odoo version saas~18.4 
2026-07-03 09:22:41,431 1 INFO ? odoo: Using configuration file at /opt/odoo/odoo.conf 
2026-07-03 09:22:41,432 1 INFO ? odoo: addons paths: _NamespacePath(['/opt/odoo/odoo/addons', '/opt/odoo/.local/share/Odoo/addons/saas~18.4', '/opt/odoo/addons']) 
2026-07-03 09:22:41,432 1 INFO ? odoo: database: odoo@host.docker.internal:5432 
2026-07-03 09:22:43,424 1 INFO ? odoo.service.server: HTTP service (werkzeug) running on 95bc12ab6337:8069 
2026-07-03 09:23:03,365 1 INFO ? odoo.modules.loading: loading 1 modules... 
2026-07-03 09:23:03,369 1 INFO ? odoo.modules.loading: 1 modules loaded in 0.00s, 0 queries (+0 extra) 
2026-07-03 09:23:03,473 1 INFO ? odoo.modules.loading: loading 13 modules... 
2026-07-03 09:23:06,466 1 INFO ? odoo.modules.loading: 13 modules loaded in 2.99s, 0 queries (+0 extra) 
2026-07-03 09:23:06,511 1 INFO ? odoo.modules.loading: Modules loaded. 
2026-07-03 09:23:06,530 1 INFO ? odoo.registry: Registry loaded in 3.309s 
2026-07-03 09:23:06,534 1 INFO my_database odoo.addons.base.models.ir_http: Generating routing map for key None 
2026-07-03 09:23:06,578 1 INFO my_database odoo.addons.base.models.res_device: User 2 inserts device log (JiT1kZ-xBEcmJ352R-Xo3-TlxSdp9jI_hwP3RW1-dd) 
2026-07-03 09:23:06,581 1 INFO my_database odoo.addons.base.models.res_device: User 2 inserts device log (JiT1kZ-xBEcmJ352R-Xo3-TlxSdp9jI_hwP3RW1-dd) 
2026-07-03 09:23:06,612 1 INFO my_database werkzeug: 172.18.0.1 - - [03/Jul/2026 09:23:06] "GET /websocket?version=saas-18.4-2 HTTP/1.1" 101 - 24 0.086 3.317
2026-07-03 09:23:06,637 1 INFO my_database werkzeug: 172.18.0.1 - - [03/Jul/2026 09:23:06] "GET / HTTP/1.1" 303 - 11 0.039 1.179
2026-07-03 09:23:06,652 1 INFO my_database werkzeug: 172.18.0.1 - - [03/Jul/2026 09:23:06] "POST /bus/has_missed_notifications HTTP/1.1" 200 - 2 0.007 0.014
2026-07-03 09:23:06,952 1 INFO ? odoo.addons.bus.models.bus: Bus.loop listen imbus on db postgres 
2026-07-03 09:23:29,990 1 INFO my_database werkzeug: 172.18.0.1 - - [03/Jul/2026 09:23:29] "GET /odoo HTTP/1.1" 200 - 57 0.096 23.246
2026-07-03 09:23:30,113 1 INFO my_database werkzeug: 172.18.0.1 - - [03/Jul/2026 09:23:30] "GET /web/webclient/load_menus HTTP/1.1" 200 - 12 0.039 0.050
2026-07-03 09:23:30,131 1 INFO my_database werkzeug: 172.18.0.1 - - [03/Jul/2026 09:23:30] "GET /web/manifest.webmanifest HTTP/1.1" 200 - 6 0.017 0.012
2026-07-03 09:23:30,346 1 INFO my_database werkzeug: 172.18.0.1 - - [03/Jul/2026 09:23:30] "GET /web/webclient/translations?hash=11d2a10fdbaf2d3e26504fc7315b934321d9630c&lang=en_US HTTP/1.1" 200 - 1 0.002 0.102
2026-07-03 09:23:32,303 1 INFO my_database werkzeug: 172.18.0.1 - - [03/Jul/2026 09:23:32] "GET /web/service-worker.js HTTP/1.1" 200 - 1 0.006 0.034
2026-07-03 09:24:01,807 1 INFO my_database werkzeug: 172.18.0.1 - - [03/Jul/2026 09:24:01] "GET /web/image?model=res.users&field=avatar_128&id=2 HTTP/1.1" 304 - 15 0.051 0.246
2026-07-03 09:24:01,808 1 INFO my_database werkzeug: 172.18.0.1 - - [03/Jul/2026 09:24:01] "POST /web/action/load HTTP/1.1" 200 - 10 0.081 0.220
2026-07-03 09:24:01,867 1 INFO my_database werkzeug: 172.18.0.1 - - [03/Jul/2026 09:24:01] "POST /web/dataset/call_kw/ir.module.module/search_panel_select_range#ir.module.module.search_panel_select_range HTTP/1.1" 200 - 5 0.053 0.252
2026-07-03 09:24:01,946 1 INFO my_database werkzeug: 172.18.0.1 - - [03/Jul/2026 09:24:01] "POST /web/dataset/call_kw/ir.module.module/search_panel_select_range#ir.module.module.search_panel_select_range HTTP/1.1" 200 - 43 0.120 0.259
2026-07-03 09:24:01,985 1 INFO my_database werkzeug: 172.18.0.1 - - [03/Jul/2026 09:24:01] "POST /web/dataset/call_kw/ir.module.module/get_views#ir.module.module.get_views HTTP/1.1" 200 - 41 0.132 0.304
2026-07-03 09:24:03,194 1 INFO my_database werkzeug: 172.18.0.1 - - [03/Jul/2026 09:24:03] "POST /web/dataset/call_kw/ir.module.module/web_search_read#ir.module.module.web_search_read HTTP/1.1" 200 - 4 0.058 1.564
2026-07-03 09:25:02,788 1 INFO my_database werkzeug: 172.18.0.1 - - [03/Jul/2026 09:25:02] "POST /web/dataset/call_button/ir.module.module/more_info#ir.module.module.more_info HTTP/1.1" 200 - 1 0.002 0.018
2026-07-03 09:25:02,819 1 INFO my_database werkzeug: 172.18.0.1 - - [03/Jul/2026 09:25:02] "POST /web/dataset/call_kw/ir.module.module/get_views#ir.module.module.get_views HTTP/1.1" 200 - 1 0.004 0.019
2026-07-03 09:25:02,928 1 INFO my_database werkzeug: 172.18.0.1 - - [03/Jul/2026 09:25:02] "POST /web/dataset/call_kw/ir.module.module/web_read#ir.module.module.web_read HTTP/1.1" 200 - 9 0.040 0.057
2026-07-03 09:25:03,012 1 INFO my_database werkzeug: 172.18.0.1 - - [03/Jul/2026 09:25:03] "GET /web/image/ir.module.module/657/icon_image?unique=1782996001000 HTTP/1.1" 200 - 3 0.009 0.033
2026-07-03 09:25:13,019 1 INFO ? werkzeug: 172.18.0.1 - - [03/Jul/2026 09:25:13] "GET /base/static/src/css/description.css HTTP/1.1" 200 - 0 0.000 10.063
2026-07-03 09:25:15,947 1 INFO my_database werkzeug: 172.18.0.1 - - [03/Jul/2026 09:25:15] "POST /web/action/load HTTP/1.1" 200 - 11 0.028 0.023
2026-07-03 09:25:16,511 1 INFO my_database werkzeug: 172.18.0.1 - - [03/Jul/2026 09:25:16] "POST /web/dataset/call_kw/ir.module.module/web_search_read#ir.module.module.web_search_read HTTP/1.1" 200 - 3 0.013 0.540
2026-07-03 09:25:22,479 1 INFO my_database werkzeug: 172.18.0.1 - - [03/Jul/2026 09:25:22] "POST /web/dataset/call_button/ir.module.module/more_info#ir.module.module.more_info HTTP/1.1" 200 - 1 0.002 0.016
2026-07-03 09:25:22,554 1 INFO my_database werkzeug: 172.18.0.1 - - [03/Jul/2026 09:25:22] "POST /web/dataset/call_kw/ir.module.module/web_read#ir.module.module.web_read HTTP/1.1" 200 - 13 0.020 0.044
2026-07-03 09:25:22,624 1 INFO my_database werkzeug: 172.18.0.1 - - [03/Jul/2026 09:25:22] "GET /web/image/ir.module.module/521/icon_image?unique=1782996001000 HTTP/1.1" 200 - 3 0.006 0.036
2026-07-03 09:25:33,528 1 INFO my_database odoo.addons.base.models.ir_module: ALLOW access to module.button_immediate_install on ['Inventory'] to user admin #2 via 172.18.0.1 
2026-07-03 09:25:33,529 1 INFO my_database odoo.addons.base.models.ir_module: User #2 triggered module installation 
2026-07-03 09:25:33,540 1 INFO my_database odoo.addons.base.models.ir_module: ALLOW access to module.button_install on ['Inventory'] to user admin #2 via 172.18.0.1 
2026-07-03 09:25:33,784 1 INFO my_database odoo.modules.loading: loading 1 modules... 
2026-07-03 09:25:33,788 1 INFO my_database odoo.modules.loading: 1 modules loaded in 0.00s, 0 queries (+0 extra) 
2026-07-03 09:25:33,815 1 INFO my_database odoo.modules.loading: updating modules list 
2026-07-03 09:25:33,820 1 INFO my_database odoo.addons.base.models.ir_module: ALLOW access to module.update_list on [] to user __system__ #1 via 172.18.0.1 
2026-07-03 09:25:36,505 1 INFO my_database odoo.modules.loading: loading 37 modules... 
2026-07-03 09:25:36,511 1 INFO my_database odoo.modules.loading: Loading module uom (14/37) 
2026-07-03 09:25:36,636 1 INFO my_database odoo.registry: module uom: creating or updating database tables 
2026-07-03 09:25:37,072 1 INFO my_database odoo.modules.loading: loading uom/data/uom_data.xml 
2026-07-03 09:25:37,295 1 INFO my_database odoo.modules.loading: loading uom/security/uom_security.xml 
2026-07-03 09:25:37,342 1 INFO my_database odoo.modules.loading: loading uom/security/ir.model.access.csv 
2026-07-03 09:25:37,410 1 INFO my_database odoo.modules.loading: loading uom/views/uom_uom_views.xml 
2026-07-03 09:25:37,642 1 INFO my_database odoo.modules.loading: Module uom loaded in 1.13s, 229 queries (+229 other) 
2026-07-03 09:25:37,642 1 INFO my_database odoo.modules.loading: Loading module barcodes (15/37) 
2026-07-03 09:25:37,863 1 INFO my_database odoo.registry: module barcodes: creating or updating database tables 
2026-07-03 09:25:38,073 1 INFO my_database odoo.modules.loading: loading barcodes/data/barcodes_data.xml 
2026-07-03 09:25:38,126 1 INFO my_database odoo.modules.loading: loading barcodes/views/barcodes_view.xml 
2026-07-03 09:25:38,193 1 INFO my_database odoo.modules.loading: loading barcodes/security/ir.model.access.csv 
2026-07-03 09:25:38,288 1 INFO my_database odoo.modules.loading: Module barcodes loaded in 0.65s, 152 queries (+152 other) 
2026-07-03 09:25:38,288 1 INFO my_database odoo.modules.loading: Loading module http_routing (16/37) 
2026-07-03 09:25:38,515 1 INFO my_database odoo.registry: module http_routing: creating or updating database tables 
2026-07-03 09:25:38,561 1 INFO my_database odoo.modules.loading: loading http_routing/views/http_routing_template.xml 
2026-07-03 09:25:38,713 1 INFO my_database odoo.modules.loading: loading http_routing/views/res_lang_views.xml 
2026-07-03 09:25:38,821 1 INFO my_database odoo.modules.loading: Module http_routing loaded in 0.53s, 112 queries (+112 other) 
2026-07-03 09:25:38,822 1 INFO my_database odoo.modules.loading: Loading module resource (17/37) 
2026-07-03 09:25:39,226 1 INFO my_database odoo.registry: module resource: creating or updating database tables 
2026-07-03 09:25:39,620 1 INFO my_database odoo.modules.loading: loading resource/data/resource_data.xml 
2026-07-03 09:25:39,675 1 INFO my_database odoo.modules.loading: loading resource/security/ir.model.access.csv 
2026-07-03 09:25:39,719 1 INFO my_database odoo.modules.loading: loading resource/security/resource_security.xml 
2026-07-03 09:25:39,849 1 INFO my_database odoo.modules.loading: loading resource/views/resource_resource_views.xml 
2026-07-03 09:25:39,928 1 INFO my_database odoo.modules.loading: loading resource/views/resource_calendar_leaves_views.xml 
2026-07-03 09:25:40,055 1 INFO my_database odoo.modules.loading: loading resource/views/resource_calendar_attendance_views.xml 
2026-07-03 09:25:40,126 1 INFO my_database odoo.modules.loading: loading resource/views/resource_calendar_views.xml 
2026-07-03 09:25:40,202 1 INFO my_database odoo.modules.loading: loading resource/views/menuitems.xml 
2026-07-03 09:25:40,415 1 INFO my_database odoo.modules.loading: Module resource loaded in 1.59s, 416 queries (+416 other) 
2026-07-03 09:25:40,415 1 INFO my_database odoo.modules.loading: Loading module barcodes_gs1_nomenclature (18/37) 
2026-07-03 09:25:40,573 1 INFO my_database odoo.registry: module barcodes_gs1_nomenclature: creating or updating database tables 
2026-07-03 09:25:40,636 1 INFO my_database odoo.modules.loading: loading barcodes_gs1_nomenclature/data/barcodes_gs1_rules.xml 
2026-07-03 09:25:40,768 1 INFO my_database odoo.modules.loading: loading barcodes_gs1_nomenclature/views/barcodes_view.xml 
2026-07-03 09:25:40,915 1 INFO my_database odoo.modules.loading: Module barcodes_gs1_nomenclature loaded in 0.50s, 194 queries (+194 other) 
2026-07-03 09:25:40,915 1 INFO my_database odoo.modules.loading: Loading module mail (19/37) 
2026-07-03 09:25:40,980 1 INFO my_database odoo.registry: module mail: creating or updating database tables 
2026-07-03 09:25:41,716 1 INFO my_database odoo.models: Prepare computation of ir.actions.server.partner_ids 
2026-07-03 09:25:41,717 1 INFO my_database odoo.models: Prepare computation of ir.actions.server.activity_user_id 
2026-07-03 09:25:41,718 1 INFO my_database odoo.models: Prepare computation of ir.actions.server.activity_type_id 
2026-07-03 09:25:41,718 1 INFO my_database odoo.models: Prepare computation of ir.actions.server.template_id 
2026-07-03 09:25:41,718 1 INFO my_database odoo.models: Prepare computation of ir.actions.server.activity_date_deadline_range 
2026-07-03 09:25:41,719 1 INFO my_database odoo.models: Prepare computation of ir.actions.server.activity_summary 
2026-07-03 09:25:41,719 1 INFO my_database odoo.models: Prepare computation of ir.actions.server.followers_type 
2026-07-03 09:25:41,720 1 INFO my_database odoo.models: Prepare computation of ir.actions.server.followers_partner_field_name 
2026-07-03 09:25:41,720 1 INFO my_database odoo.models: Prepare computation of ir.actions.server.mail_post_method 
2026-07-03 09:25:41,720 1 INFO my_database odoo.models: Prepare computation of ir.actions.server.activity_date_deadline_range_type 
2026-07-03 09:25:41,721 1 INFO my_database odoo.models: Prepare computation of ir.actions.server.activity_user_type 
2026-07-03 09:25:41,721 1 INFO my_database odoo.models: Prepare computation of ir.actions.server.activity_user_field_name 
2026-07-03 09:25:41,721 1 INFO my_database odoo.models: Prepare computation of ir.actions.server.activity_note 
2026-07-03 09:25:41,722 1 INFO my_database odoo.models: Prepare computation of ir.actions.server.mail_post_autofollow 
2026-07-03 09:25:41,930 1 INFO my_database odoo.models: Prepare computation of res.users.notification_type 
2026-07-03 09:25:42,137 1 INFO my_database odoo.models: Prepare computation of res.partner.email_normalized 
2026-07-03 09:25:46,065 1 INFO my_database odoo.modules.loading: loading mail/data/mail_groups.xml 
2026-07-03 09:25:46,168 1 INFO my_database odoo.modules.loading: loading mail/wizard/mail_activity_schedule_views.xml 
2026-07-03 09:25:46,231 1 INFO my_database odoo.modules.loading: loading mail/wizard/mail_blacklist_remove_views.xml 
2026-07-03 09:25:46,280 1 INFO my_database odoo.modules.loading: loading mail/wizard/mail_compose_message_views.xml 
2026-07-03 09:25:46,364 1 INFO my_database odoo.modules.loading: loading mail/wizard/mail_template_preview_views.xml 
2026-07-03 09:25:46,424 1 INFO my_database odoo.modules.loading: loading mail/wizard/mail_followers_edit_views.xml 
2026-07-03 09:25:46,476 1 INFO my_database odoo.modules.loading: loading mail/wizard/mail_template_reset_views.xml 
2026-07-03 09:25:46,531 1 INFO my_database odoo.modules.loading: loading mail/views/fetchmail_views.xml 
2026-07-03 09:25:46,616 1 INFO my_database odoo.modules.loading: loading mail/views/ir_cron_views.xml 
2026-07-03 09:25:46,696 1 INFO my_database odoo.modules.loading: loading mail/views/ir_filters_views.xml 
2026-07-03 09:25:46,772 1 INFO my_database odoo.modules.loading: loading mail/views/mail_message_subtype_views.xml 
2026-07-03 09:25:46,836 1 INFO my_database odoo.modules.loading: loading mail/views/mail_tracking_value_views.xml 
2026-07-03 09:25:46,896 1 INFO my_database odoo.modules.loading: loading mail/views/mail_notification_views.xml 
2026-07-03 09:25:46,954 1 INFO my_database odoo.modules.loading: loading mail/views/mail_message_views.xml 
2026-07-03 09:25:47,114 1 INFO my_database odoo.modules.loading: loading mail/views/mail_message_schedule_views.xml 
2026-07-03 09:25:47,174 1 INFO my_database odoo.modules.loading: loading mail/views/mail_mail_views.xml 
2026-07-03 09:25:47,266 1 INFO my_database odoo.modules.loading: loading mail/views/mail_followers_views.xml 
2026-07-03 09:25:47,322 1 INFO my_database odoo.modules.loading: loading mail/views/mail_ice_server_views.xml 
2026-07-03 09:25:47,387 1 INFO my_database odoo.modules.loading: loading mail/views/discuss_channel_member_views.xml 
2026-07-03 09:25:47,447 1 INFO my_database odoo.modules.loading: loading mail/views/discuss_channel_rtc_session_views.xml 
2026-07-03 09:25:47,520 1 INFO my_database odoo.modules.loading: loading mail/views/mail_link_preview_views.xml 
2026-07-03 09:25:47,591 1 INFO my_database odoo.modules.loading: loading mail/views/discuss/discuss_gif_favorite_views.xml 
2026-07-03 09:25:47,644 1 INFO my_database odoo.modules.loading: loading mail/views/discuss_channel_views.xml 
2026-07-03 09:25:47,749 1 INFO my_database odoo.modules.loading: loading mail/views/mail_canned_response_views.xml 
2026-07-03 09:25:47,824 1 INFO my_database odoo.modules.loading: loading mail/views/res_role_views.xml 
2026-07-03 09:25:47,887 1 INFO my_database odoo.modules.loading: loading mail/views/mail_activity_views.xml 
2026-07-03 09:25:48,106 1 INFO my_database odoo.modules.loading: loading mail/views/mail_activity_plan_views.xml 
2026-07-03 09:25:48,234 1 INFO my_database odoo.modules.loading: loading mail/views/mail_activity_plan_template_views.xml 
2026-07-03 09:25:48,279 1 INFO my_database odoo.modules.loading: loading mail/views/res_config_settings_views.xml 
2026-07-03 09:25:48,388 1 INFO my_database odoo.modules.loading: loading mail/data/ir_config_parameter_data.xml 
2026-07-03 09:25:48,436 1 INFO my_database odoo.modules.loading: loading mail/data/res_partner_data.xml 
2026-07-03 09:25:48,811 1 INFO my_database odoo.modules.loading: loading mail/data/mail_message_subtype_data.xml 
2026-07-03 09:25:48,854 1 INFO my_database odoo.modules.loading: loading mail/data/mail_templates_chatter.xml 
2026-07-03 09:25:48,960 1 INFO my_database odoo.modules.loading: loading mail/data/mail_templates_email_layouts.xml 
2026-07-03 09:25:49,040 1 INFO my_database odoo.modules.loading: loading mail/data/mail_templates_mailgateway.xml 
2026-07-03 09:25:49,109 1 INFO my_database odoo.modules.loading: loading mail/data/discuss_channel_data.xml 
2026-07-03 09:25:49,207 1 INFO my_database odoo.modules.loading: loading mail/data/mail_activity_type_data.xml 
2026-07-03 09:25:49,269 1 INFO my_database odoo.modules.loading: loading mail/data/security_notifications_templates.xml 
2026-07-03 09:25:49,344 1 INFO my_database odoo.modules.loading: loading mail/data/ir_cron_data.xml 
2026-07-03 09:25:49,597 1 INFO my_database odoo.modules.loading: loading mail/data/ir_actions_client.xml 
2026-07-03 09:25:49,638 1 INFO my_database odoo.modules.loading: loading mail/security/mail_security.xml 
2026-07-03 09:25:50,058 1 INFO my_database odoo.modules.loading: loading mail/security/ir.model.access.csv 
2026-07-03 09:25:50,186 1 INFO my_database odoo.modules.loading: loading mail/views/discuss_public_templates.xml 
2026-07-03 09:25:50,248 1 INFO my_database odoo.modules.loading: loading mail/views/mail_alias_domain_views.xml 
2026-07-03 09:25:50,298 1 INFO my_database odoo.modules.loading: loading mail/views/mail_alias_views.xml 
2026-07-03 09:25:50,357 1 INFO my_database odoo.modules.loading: loading mail/views/mail_gateway_allowed_views.xml 
2026-07-03 09:25:50,412 1 INFO my_database odoo.modules.loading: loading mail/views/mail_guest_views.xml 
2026-07-03 09:25:50,466 1 INFO my_database odoo.modules.loading: loading mail/views/mail_message_reaction_views.xml 
2026-07-03 09:25:50,522 1 INFO my_database odoo.modules.loading: loading mail/views/mail_templates_public.xml 
2026-07-03 09:25:50,563 1 INFO my_database odoo.modules.loading: loading mail/views/res_users_views.xml 
2026-07-03 09:25:50,629 1 INFO my_database odoo.modules.loading: loading mail/views/res_users_settings_views.xml 
2026-07-03 09:25:50,677 1 INFO my_database odoo.modules.loading: loading mail/views/mail_template_views.xml 
2026-07-03 09:25:50,733 1 INFO my_database odoo.modules.loading: loading mail/views/ir_actions_server_views.xml 
2026-07-03 09:25:50,796 1 INFO my_database odoo.modules.loading: loading mail/views/ir_model_views.xml 
2026-07-03 09:25:50,920 1 INFO my_database odoo.modules.loading: loading mail/views/res_partner_views.xml 
2026-07-03 09:25:51,094 1 INFO my_database odoo.modules.loading: loading mail/views/mail_blacklist_views.xml 
2026-07-03 09:25:51,182 1 INFO my_database odoo.modules.loading: loading mail/views/mail_menus.xml 
2026-07-03 09:25:51,680 1 INFO my_database odoo.modules.loading: loading mail/views/discuss/discuss_menus.xml 
2026-07-03 09:25:51,718 1 INFO my_database odoo.modules.loading: loading mail/views/discuss/discuss_call_history_views.xml 
2026-07-03 09:25:51,785 1 INFO my_database odoo.modules.loading: loading mail/views/res_company_views.xml 
2026-07-03 09:25:51,844 1 INFO my_database odoo.modules.loading: loading mail/views/mail_scheduled_message_views.xml 
2026-07-03 09:25:51,890 1 INFO my_database odoo.modules.loading: loading mail/data/mail_canned_response_data.xml 
2026-07-03 09:25:51,941 1 INFO my_database odoo.modules.loading: loading mail/data/mail_templates_invite.xml 
2026-07-03 09:25:52,004 1 INFO my_database odoo.modules.loading: loading mail/data/web_tour_tour.xml 
2026-07-03 09:25:52,503 1 INFO my_database odoo.modules.loading: Module mail loaded in 11.59s, 4936 queries (+4945 other) 
2026-07-03 09:25:52,504 1 INFO my_database odoo.modules.loading: Loading module auth_signup (20/37) 
2026-07-03 09:25:52,833 1 INFO my_database odoo.registry: module auth_signup: creating or updating database tables 
2026-07-03 09:25:53,034 1 INFO my_database odoo.modules.loading: loading auth_signup/data/ir_config_parameter_data.xml 
2026-07-03 09:25:53,074 1 INFO my_database odoo.modules.loading: loading auth_signup/data/ir_cron_data.xml 
2026-07-03 09:25:53,148 1 INFO my_database odoo.modules.loading: loading auth_signup/data/mail_template_data.xml 
2026-07-03 09:25:53,296 1 INFO my_database odoo.modules.loading: loading auth_signup/views/res_config_settings_views.xml 
2026-07-03 09:25:53,354 1 INFO my_database odoo.modules.loading: loading auth_signup/views/res_users_views.xml 
2026-07-03 09:25:53,461 1 INFO my_database odoo.modules.loading: loading auth_signup/views/auth_signup_login_templates.xml 
2026-07-03 09:25:53,545 1 INFO my_database odoo.modules.loading: loading auth_signup/views/auth_signup_templates_email.xml 
2026-07-03 09:25:53,594 1 INFO my_database odoo.modules.loading: loading auth_signup/views/webclient_templates.xml 
2026-07-03 09:25:53,779 1 INFO my_database odoo.modules.loading: Module auth_signup loaded in 1.27s, 242 queries (+242 other) 
2026-07-03 09:25:53,779 1 INFO my_database odoo.modules.loading: Loading module auth_totp_mail (21/37) 
2026-07-03 09:25:54,070 1 INFO my_database odoo.registry: module auth_totp_mail: creating or updating database tables 
2026-07-03 09:25:54,169 1 INFO my_database odoo.modules.loading: loading auth_totp_mail/data/ir_action_data.xml 
2026-07-03 09:25:54,246 1 INFO my_database odoo.modules.loading: loading auth_totp_mail/data/mail_template_data.xml 
2026-07-03 09:25:54,329 1 INFO my_database odoo.modules.loading: loading auth_totp_mail/data/security_notifications_template.xml 
2026-07-03 09:25:54,366 1 INFO my_database odoo.modules.loading: loading auth_totp_mail/views/res_config_settings_views.xml 
2026-07-03 09:25:54,435 1 INFO my_database odoo.modules.loading: loading auth_totp_mail/views/res_users_views.xml 
2026-07-03 09:25:54,521 1 INFO my_database odoo.modules.loading: loading auth_totp_mail/views/templates.xml 
2026-07-03 09:25:54,654 1 INFO my_database odoo.modules.loading: Module auth_totp_mail loaded in 0.87s, 186 queries (+186 other) 
2026-07-03 09:25:54,655 1 INFO my_database odoo.modules.loading: Loading module base_install_request (22/37) 
2026-07-03 09:25:54,825 1 INFO my_database odoo.registry: module base_install_request: creating or updating database tables 
2026-07-03 09:25:54,949 1 INFO my_database odoo.modules.loading: loading base_install_request/security/ir.model.access.csv 
2026-07-03 09:25:54,996 1 INFO my_database odoo.modules.loading: loading base_install_request/wizard/base_module_install_request_views.xml 
2026-07-03 09:25:55,072 1 INFO my_database odoo.modules.loading: loading base_install_request/data/mail_template_data.xml 
2026-07-03 09:25:55,133 1 INFO my_database odoo.modules.loading: loading base_install_request/data/mail_templates_module_install.xml 
2026-07-03 09:25:55,180 1 INFO my_database odoo.modules.loading: loading base_install_request/views/ir_module_module_views.xml 
2026-07-03 09:25:55,303 1 INFO my_database odoo.modules.loading: Module base_install_request loaded in 0.65s, 150 queries (+150 other) 
2026-07-03 09:25:55,304 1 INFO my_database odoo.modules.loading: Loading module google_gmail (23/37) 
2026-07-03 09:25:55,630 1 INFO my_database odoo.registry: module google_gmail: creating or updating database tables 
2026-07-03 09:25:55,719 1 INFO my_database odoo.modules.loading: loading google_gmail/views/fetchmail_server_views.xml 
2026-07-03 09:25:55,811 1 INFO my_database odoo.modules.loading: loading google_gmail/views/ir_mail_server_views.xml 
2026-07-03 09:25:55,876 1 INFO my_database odoo.modules.loading: loading google_gmail/views/res_config_settings_views.xml 
2026-07-03 09:25:55,994 1 INFO my_database odoo.modules.loading: Module google_gmail loaded in 0.69s, 122 queries (+122 other) 
2026-07-03 09:25:55,995 1 INFO my_database odoo.modules.loading: Loading module iap_mail (24/37) 
2026-07-03 09:25:56,125 1 INFO my_database odoo.registry: module iap_mail: creating or updating database tables 
2026-07-03 09:25:56,173 1 INFO my_database odoo.modules.loading: loading iap_mail/data/mail_templates.xml 
2026-07-03 09:25:56,238 1 INFO my_database odoo.modules.loading: loading iap_mail/views/iap_views.xml 
2026-07-03 09:25:56,320 1 INFO my_database odoo.modules.loading: Module iap_mail loaded in 0.33s, 69 queries (+69 other) 
2026-07-03 09:25:56,321 1 INFO my_database odoo.modules.loading: Loading module mail_bot (25/37) 
2026-07-03 09:25:56,570 1 INFO my_database odoo.registry: module mail_bot: creating or updating database tables 
2026-07-03 09:25:56,660 1 INFO my_database odoo.modules.loading: loading mail_bot/views/res_users_views.xml 
2026-07-03 09:25:56,728 1 INFO my_database odoo.modules.loading: loading mail_bot/data/mailbot_data.xml 
2026-07-03 09:25:56,797 1 INFO my_database odoo.modules.loading: Module mail_bot loaded in 0.48s, 109 queries (+109 other) 
2026-07-03 09:25:56,798 1 INFO my_database odoo.modules.loading: Loading module phone_validation (26/37) 
2026-07-03 09:25:57,289 1 INFO my_database odoo.registry: module phone_validation: creating or updating database tables 
2026-07-03 09:25:57,315 1 INFO my_database odoo.models: Prepare computation of res.partner.phone_sanitized 
2026-07-03 09:25:59,398 1 INFO my_database odoo.modules.loading: loading phone_validation/security/ir.model.access.csv 
2026-07-03 09:25:59,443 1 INFO my_database odoo.modules.loading: loading phone_validation/views/phone_blacklist_views.xml 
2026-07-03 09:25:59,540 1 INFO my_database odoo.modules.loading: loading phone_validation/views/res_partner_views.xml 
2026-07-03 09:25:59,591 1 INFO my_database odoo.modules.loading: loading phone_validation/wizard/phone_blacklist_remove_view.xml 
2026-07-03 09:25:59,688 1 INFO my_database odoo.modules.loading: Module phone_validation loaded in 2.89s, 1617 queries (+1617 other) 
2026-07-03 09:25:59,689 1 INFO my_database odoo.modules.loading: Loading module privacy_lookup (27/37) 
2026-07-03 09:25:59,948 1 INFO my_database odoo.registry: module privacy_lookup: creating or updating database tables 
2026-07-03 09:26:00,204 1 INFO my_database odoo.modules.loading: loading privacy_lookup/wizard/privacy_lookup_wizard_views.xml 
2026-07-03 09:26:00,334 1 INFO my_database odoo.modules.loading: loading privacy_lookup/views/privacy_log_views.xml 
2026-07-03 09:26:00,434 1 INFO my_database odoo.modules.loading: loading privacy_lookup/security/ir.model.access.csv 
2026-07-03 09:26:00,508 1 INFO my_database odoo.modules.loading: loading privacy_lookup/data/ir_actions_server_data.xml 
2026-07-03 09:26:00,618 1 INFO my_database odoo.modules.loading: Module privacy_lookup loaded in 0.93s, 290 queries (+290 other) 
2026-07-03 09:26:00,619 1 INFO my_database odoo.modules.loading: Loading module product (28/37) 
2026-07-03 09:26:02,076 1 INFO my_database odoo.registry: module product: creating or updating database tables 
2026-07-03 09:26:03,869 1 INFO my_database odoo.modules.loading: loading product/data/product_data.xml 
2026-07-03 09:26:03,995 1 INFO my_database odoo.modules.loading: loading product/security/product_security.xml 
2026-07-03 09:26:04,157 1 INFO my_database odoo.modules.loading: loading product/security/ir.model.access.csv 
2026-07-03 09:26:04,224 1 INFO my_database odoo.modules.loading: loading product/wizard/product_label_layout_views.xml 
2026-07-03 09:26:04,280 1 INFO my_database odoo.modules.loading: loading product/wizard/update_product_attribute_value_views.xml 
2026-07-03 09:26:04,317 1 INFO my_database odoo.modules.loading: loading product/views/product_tag_views.xml 
2026-07-03 09:26:04,358 1 INFO my_database odoo.modules.loading: loading product/views/product_views.xml 
2026-07-03 09:26:04,595 1 INFO my_database odoo.modules.loading: loading product/views/res_config_settings_views.xml 
2026-07-03 09:26:04,652 1 INFO my_database odoo.modules.loading: loading product/views/product_attribute_views.xml 
2026-07-03 09:26:04,769 1 INFO my_database odoo.modules.loading: loading product/views/product_attribute_value_views.xml 
2026-07-03 09:26:04,810 1 INFO my_database odoo.modules.loading: loading product/views/product_category_views.xml 
2026-07-03 09:26:04,870 1 INFO my_database odoo.modules.loading: loading product/views/product_combo_views.xml 
2026-07-03 09:26:04,932 1 INFO my_database odoo.modules.loading: loading product/views/product_document_views.xml 
2026-07-03 09:26:05,017 1 INFO my_database odoo.modules.loading: loading product/views/product_pricelist_item_views.xml 
2026-07-03 09:26:05,120 1 INFO my_database odoo.modules.loading: loading product/views/product_pricelist_views.xml 
2026-07-03 09:26:05,191 1 INFO my_database odoo.modules.loading: loading product/views/product_supplierinfo_views.xml 
2026-07-03 09:26:05,263 1 INFO my_database odoo.modules.loading: loading product/views/product_template_attribute_line_views.xml 
2026-07-03 09:26:05,298 1 INFO my_database odoo.modules.loading: loading product/views/product_template_views.xml 
2026-07-03 09:26:05,428 1 INFO my_database odoo.modules.loading: loading product/views/res_country_group_views.xml 
2026-07-03 09:26:05,488 1 INFO my_database odoo.modules.loading: loading product/views/res_partner_views.xml 
2026-07-03 09:26:05,540 1 INFO my_database odoo.modules.loading: loading product/views/uom_views.xml 
2026-07-03 09:26:05,599 1 INFO my_database odoo.modules.loading: loading product/report/product_reports.xml 
2026-07-03 09:26:05,681 1 INFO my_database odoo.modules.loading: loading product/report/product_product_templates.xml 
2026-07-03 09:26:05,753 1 INFO my_database odoo.modules.loading: loading product/report/product_template_templates.xml 
2026-07-03 09:26:05,817 1 INFO my_database odoo.modules.loading: loading product/report/product_packaging.xml 
2026-07-03 09:26:05,862 1 INFO my_database odoo.modules.loading: loading product/report/product_pricelist_report_templates.xml 
2026-07-03 09:26:06,283 1 INFO my_database odoo.modules.loading: Module product loaded in 5.66s, 1648 queries (+1648 other) 
2026-07-03 09:26:06,287 1 INFO my_database odoo.modules.loading: Loading module resource_mail (29/37) 
2026-07-03 09:26:06,418 1 INFO my_database odoo.registry: module resource_mail: creating or updating database tables 
2026-07-03 09:26:06,532 1 INFO my_database odoo.modules.loading: Module resource_mail loaded in 0.25s, 36 queries (+36 other) 
2026-07-03 09:26:06,533 1 INFO my_database odoo.modules.loading: Loading module partner_autocomplete (30/37) 
2026-07-03 09:26:06,803 1 INFO my_database odoo.registry: module partner_autocomplete: creating or updating database tables 
2026-07-03 09:26:06,971 1 INFO my_database odoo.modules.loading: loading partner_autocomplete/views/res_company_views.xml 
2026-07-03 09:26:07,048 1 INFO my_database odoo.modules.loading: loading partner_autocomplete/views/res_config_settings_views.xml 
2026-07-03 09:26:07,118 1 INFO my_database odoo.modules.loading: loading partner_autocomplete/data/iap_service_data.xml 
2026-07-03 09:26:07,184 1 INFO my_database odoo.modules.loading: Module partner_autocomplete loaded in 0.65s, 136 queries (+136 other) 
2026-07-03 09:26:07,184 1 INFO my_database odoo.modules.loading: Loading module portal (31/37) 
2026-07-03 09:26:07,939 1 INFO my_database odoo.registry: module portal: creating or updating database tables 
2026-07-03 09:26:08,580 1 INFO my_database odoo.modules.loading: loading portal/security/ir.model.access.csv 
2026-07-03 09:26:08,626 1 INFO my_database odoo.modules.loading: loading portal/data/mail_template_data.xml 
2026-07-03 09:26:08,695 1 INFO my_database odoo.modules.loading: loading portal/data/mail_templates.xml 
2026-07-03 09:26:08,740 1 INFO my_database odoo.modules.loading: loading portal/views/address_templates.xml 
2026-07-03 09:26:08,842 1 INFO my_database odoo.modules.loading: loading portal/views/mail_templates_public.xml 
2026-07-03 09:26:08,882 1 INFO my_database odoo.modules.loading: loading portal/views/portal_templates.xml 
2026-07-03 09:26:09,131 1 INFO my_database odoo.modules.loading: loading portal/views/res_config_settings_views.xml 
2026-07-03 09:26:09,207 1 INFO my_database odoo.modules.loading: loading portal/wizard/portal_share_views.xml 
2026-07-03 09:26:09,261 1 INFO my_database odoo.modules.loading: loading portal/wizard/portal_wizard_views.xml 
2026-07-03 09:26:09,471 1 INFO my_database odoo.modules.loading: Module portal loaded in 2.29s, 592 queries (+592 other) 
2026-07-03 09:26:09,471 1 INFO my_database odoo.modules.loading: Loading module sms (32/37) 
2026-07-03 09:26:10,674 1 INFO my_database odoo.registry: module sms: creating or updating database tables 
2026-07-03 09:26:10,706 1 INFO my_database odoo.models: Prepare computation of ir.actions.server.sms_template_id 
2026-07-03 09:26:10,707 1 INFO my_database odoo.models: Prepare computation of ir.actions.server.sms_method 
2026-07-03 09:26:13,699 1 INFO my_database odoo.modules.loading: loading sms/data/iap_service_data.xml 
2026-07-03 09:26:13,738 1 INFO my_database odoo.modules.loading: loading sms/data/ir_cron_data.xml 
2026-07-03 09:26:13,811 1 INFO my_database odoo.modules.loading: loading sms/wizard/sms_account_code_views.xml 
2026-07-03 09:26:13,863 1 INFO my_database odoo.modules.loading: loading sms/wizard/sms_account_phone_views.xml 
2026-07-03 09:26:13,903 1 INFO my_database odoo.modules.loading: loading sms/wizard/sms_account_sender_views.xml 
2026-07-03 09:26:13,943 1 INFO my_database odoo.modules.loading: loading sms/wizard/sms_composer_views.xml 
2026-07-03 09:26:13,994 1 INFO my_database odoo.modules.loading: loading sms/wizard/sms_template_preview_views.xml 
2026-07-03 09:26:14,058 1 INFO my_database odoo.modules.loading: loading sms/wizard/sms_template_reset_views.xml 
2026-07-03 09:26:14,121 1 INFO my_database odoo.modules.loading: loading sms/views/ir_actions_server_views.xml 
2026-07-03 09:26:14,210 1 INFO my_database odoo.modules.loading: loading sms/views/mail_notification_views.xml 
2026-07-03 09:26:14,273 1 INFO my_database odoo.modules.loading: loading sms/views/res_config_settings_views.xml 
2026-07-03 09:26:14,341 1 INFO my_database odoo.modules.loading: loading sms/views/res_partner_views.xml 
2026-07-03 09:26:14,440 1 INFO my_database odoo.modules.loading: loading sms/views/iap_account_views.xml 
2026-07-03 09:26:14,495 1 INFO my_database odoo.modules.loading: loading sms/views/sms_sms_views.xml 
2026-07-03 09:26:14,591 1 INFO my_database odoo.modules.loading: loading sms/views/sms_template_views.xml 
2026-07-03 09:26:14,676 1 INFO my_database odoo.modules.loading: loading sms/security/ir.model.access.csv 
2026-07-03 09:26:14,752 1 INFO my_database odoo.modules.loading: loading sms/security/sms_security.xml 
2026-07-03 09:26:15,000 1 INFO my_database odoo.modules.loading: Module sms loaded in 5.53s, 2227 queries (+2227 other) 
2026-07-03 09:26:15,000 1 INFO my_database odoo.modules.loading: Loading module snailmail (33/37) 
2026-07-03 09:26:15,535 1 INFO my_database odoo.registry: module snailmail: creating or updating database tables 
2026-07-03 09:26:16,151 1 INFO my_database odoo.modules.loading: loading snailmail/data/iap_service_data.xml 
2026-07-03 09:26:16,191 1 INFO my_database odoo.modules.loading: loading snailmail/data/snailmail_data.xml 
2026-07-03 09:26:16,262 1 INFO my_database odoo.modules.loading: loading snailmail/views/report_assets.xml 
2026-07-03 09:26:16,318 1 INFO my_database odoo.modules.loading: loading snailmail/views/snailmail_views.xml 
2026-07-03 09:26:16,406 1 INFO my_database odoo.modules.loading: loading snailmail/security/ir.model.access.csv 
2026-07-03 09:26:16,520 1 INFO my_database odoo.modules.loading: Module snailmail loaded in 1.52s, 453 queries (+453 other) 
2026-07-03 09:26:16,521 1 INFO my_database odoo.modules.loading: Loading module auth_totp_portal (34/37) 
2026-07-03 09:26:16,632 1 INFO my_database odoo.registry: module auth_totp_portal: creating or updating database tables 
2026-07-03 09:26:16,687 1 INFO my_database odoo.modules.loading: loading auth_totp_portal/security/security.xml 
2026-07-03 09:26:16,741 1 INFO my_database odoo.modules.loading: loading auth_totp_portal/views/templates.xml 
2026-07-03 09:26:16,888 1 INFO my_database odoo.modules.loading: Module auth_totp_portal loaded in 0.37s, 67 queries (+67 other) 
2026-07-03 09:26:16,889 1 INFO my_database odoo.modules.loading: Loading module digest (35/37) 
2026-07-03 09:26:17,181 1 INFO my_database odoo.registry: module digest: creating or updating database tables 
2026-07-03 09:26:17,417 1 INFO my_database odoo.modules.loading: loading digest/security/ir.model.access.csv 
2026-07-03 09:26:17,459 1 INFO my_database odoo.modules.loading: loading digest/data/digest_data.xml 
2026-07-03 09:26:17,557 1 INFO my_database odoo.modules.loading: loading digest/data/digest_tips_data.xml 
2026-07-03 09:26:17,635 1 INFO my_database odoo.modules.loading: loading digest/data/ir_cron_data.xml 
2026-07-03 09:26:17,703 1 INFO my_database odoo.modules.loading: loading digest/data/res_config_settings_data.xml 
2026-07-03 09:26:17,746 1 INFO my_database odoo.modules.loading: loading digest/views/digest_views.xml 
2026-07-03 09:26:17,903 1 INFO my_database odoo.modules.loading: loading digest/views/digest_templates.xml 
2026-07-03 09:26:17,942 1 INFO my_database odoo.modules.loading: loading digest/views/res_config_settings_views.xml 
2026-07-03 09:26:18,110 1 INFO my_database odoo.modules.loading: Module digest loaded in 1.22s, 321 queries (+321 other) 
2026-07-03 09:26:18,110 1 INFO my_database odoo.modules.loading: Loading module stock (36/37) 
2026-07-03 09:26:20,184 1 INFO my_database odoo.registry: module stock: creating or updating database tables 
2026-07-03 09:26:25,212 1 INFO my_database odoo.modules.loading: loading stock/security/stock_security.xml 
2026-07-03 09:26:25,597 1 INFO my_database odoo.modules.loading: loading stock/security/ir.model.access.csv 
2026-07-03 09:26:25,727 1 INFO my_database odoo.modules.loading: loading stock/data/digest_data.xml 
2026-07-03 09:26:25,772 1 INFO my_database odoo.modules.loading: loading stock/data/mail_templates.xml 
2026-07-03 09:26:25,826 1 INFO my_database odoo.modules.loading: loading stock/data/default_barcode_patterns.xml 
2026-07-03 09:26:25,877 1 INFO my_database odoo.modules.loading: loading stock/data/stock_data.xml 
2026-07-03 09:26:26,519 1 INFO my_database odoo.modules.loading: loading stock/data/stock_sequence_data.xml 
2026-07-03 09:26:26,655 1 INFO my_database odoo.modules.loading: loading stock/data/stock_traceability_report_data.xml 
2026-07-03 09:26:26,721 1 INFO my_database odoo.modules.loading: loading stock/report/report_stock_quantity.xml 
2026-07-03 09:26:26,808 1 INFO my_database odoo.modules.loading: loading stock/report/report_stock_reception.xml 
2026-07-03 09:26:26,885 1 INFO my_database odoo.modules.loading: loading stock/report/stock_report_views.xml 
2026-07-03 09:26:27,079 1 INFO my_database odoo.modules.loading: loading stock/report/report_package_barcode.xml 
2026-07-03 09:26:27,159 1 INFO my_database odoo.modules.loading: loading stock/report/report_lot_barcode.xml 
2026-07-03 09:26:27,223 1 INFO my_database odoo.modules.loading: loading stock/report/report_location_barcode.xml 
2026-07-03 09:26:27,266 1 INFO my_database odoo.modules.loading: loading stock/report/report_stockpicking_operations.xml 
2026-07-03 09:26:27,317 1 INFO my_database odoo.modules.loading: loading stock/report/report_deliveryslip.xml 
2026-07-03 09:26:27,394 1 INFO my_database odoo.modules.loading: loading stock/report/report_stockinventory.xml 
2026-07-03 09:26:27,435 1 INFO my_database odoo.modules.loading: loading stock/report/report_stock_rule.xml 
2026-07-03 09:26:27,519 1 INFO my_database odoo.modules.loading: loading stock/report/package_templates.xml 
2026-07-03 09:26:27,554 1 INFO my_database odoo.modules.loading: loading stock/report/packaging_barcode.xml 
2026-07-03 09:26:27,586 1 INFO my_database odoo.modules.loading: loading stock/report/picking_templates.xml 
2026-07-03 09:26:27,650 1 INFO my_database odoo.modules.loading: loading stock/report/product_templates.xml 
2026-07-03 09:26:27,729 1 INFO my_database odoo.modules.loading: loading stock/report/report_return_slip.xml 
2026-07-03 09:26:27,777 1 INFO my_database odoo.modules.loading: loading stock/data/mail_template_data.xml 
2026-07-03 09:26:27,822 1 INFO my_database odoo.modules.loading: loading stock/views/stock_menu_views.xml 
2026-07-03 09:26:28,032 1 INFO my_database odoo.modules.loading: loading stock/wizard/stock_picking_return_views.xml 
2026-07-03 09:26:28,083 1 INFO my_database odoo.modules.loading: loading stock/wizard/stock_inventory_conflict.xml 
2026-07-03 09:26:28,129 1 INFO my_database odoo.modules.loading: loading stock/wizard/stock_backorder_confirmation_views.xml 
2026-07-03 09:26:28,173 1 INFO my_database odoo.modules.loading: loading stock/wizard/stock_quantity_history.xml 
2026-07-03 09:26:28,209 1 INFO my_database odoo.modules.loading: loading stock/wizard/stock_request_count.xml 
2026-07-03 09:26:28,255 1 INFO my_database odoo.modules.loading: loading stock/wizard/stock_replenishment_info.xml 
2026-07-03 09:26:28,320 1 INFO my_database odoo.modules.loading: loading stock/wizard/stock_rules_report_views.xml 
2026-07-03 09:26:28,363 1 INFO my_database odoo.modules.loading: loading stock/wizard/stock_warn_insufficient_qty_views.xml 
2026-07-03 09:26:28,419 1 INFO my_database odoo.modules.loading: loading stock/wizard/product_replenish_views.xml 
2026-07-03 09:26:28,464 1 INFO my_database odoo.modules.loading: loading stock/wizard/product_label_layout_views.xml 
2026-07-03 09:26:28,517 1 INFO my_database odoo.modules.loading: loading stock/wizard/stock_orderpoint_snooze_views.xml 
2026-07-03 09:26:28,562 1 INFO my_database odoo.modules.loading: loading stock/wizard/stock_package_destination_views.xml 
2026-07-03 09:26:28,616 1 INFO my_database odoo.modules.loading: loading stock/wizard/stock_inventory_adjustment_name.xml 
2026-07-03 09:26:28,660 1 INFO my_database odoo.modules.loading: loading stock/wizard/stock_inventory_warning.xml 
2026-07-03 09:26:28,709 1 INFO my_database odoo.modules.loading: loading stock/wizard/stock_label_type.xml 
2026-07-03 09:26:28,755 1 INFO my_database odoo.modules.loading: loading stock/wizard/stock_lot_label_layout.xml 
2026-07-03 09:26:28,794 1 INFO my_database odoo.modules.loading: loading stock/wizard/stock_quant_relocate.xml 
2026-07-03 09:26:28,834 1 INFO my_database odoo.modules.loading: loading stock/views/res_partner_views.xml 
2026-07-03 09:26:28,904 1 INFO my_database odoo.modules.loading: loading stock/views/product_strategy_views.xml 
2026-07-03 09:26:29,007 1 INFO my_database odoo.modules.loading: loading stock/views/stock_lot_views.xml 
2026-07-03 09:26:29,130 1 INFO my_database odoo.modules.loading: loading stock/views/stock_scrap_views.xml 
2026-07-03 09:26:29,237 1 INFO my_database odoo.modules.loading: loading stock/views/stock_quant_views.xml 
2026-07-03 09:26:29,665 1 INFO my_database odoo.modules.loading: loading stock/views/stock_warehouse_views.xml 
2026-07-03 09:26:29,742 1 INFO my_database odoo.modules.loading: loading stock/views/stock_move_line_views.xml 
2026-07-03 09:26:29,959 1 INFO my_database odoo.modules.loading: loading stock/views/stock_move_views.xml 
2026-07-03 09:26:30,166 1 INFO my_database odoo.modules.loading: loading stock/views/stock_picking_views.xml 
2026-07-03 09:26:30,586 1 INFO my_database odoo.modules.loading: loading stock/views/stock_picking_type_views.xml 
2026-07-03 09:26:30,701 1 INFO my_database odoo.modules.loading: loading stock/views/product_views.xml 
2026-07-03 09:26:31,158 1 INFO my_database odoo.modules.loading: loading stock/views/stock_location_views.xml 
2026-07-03 09:26:31,373 1 INFO my_database odoo.modules.loading: loading stock/views/stock_orderpoint_views.xml 
2026-07-03 09:26:31,507 1 INFO my_database odoo.modules.loading: loading stock/views/stock_storage_category_views.xml 
2026-07-03 09:26:31,616 1 INFO my_database odoo.modules.loading: loading stock/views/res_config_settings_views.xml 
2026-07-03 09:26:31,723 1 INFO my_database odoo.modules.loading: loading stock/views/report_stock_traceability.xml 
2026-07-03 09:26:31,771 1 INFO my_database odoo.modules.loading: loading stock/views/stock_template.xml 
2026-07-03 09:26:31,814 1 INFO my_database odoo.modules.loading: loading stock/views/stock_rule_views.xml 
2026-07-03 09:26:31,923 1 INFO my_database odoo.modules.loading: loading stock/views/stock_package_level_views.xml 
2026-07-03 09:26:31,999 1 INFO my_database odoo.modules.loading: loading stock/views/stock_package_type_view.xml 
2026-07-03 09:26:32,086 1 INFO my_database odoo.modules.loading: loading stock/views/stock_forecasted.xml 
2026-07-03 09:26:32,122 1 INFO my_database odoo.modules.loading: loading stock/views/uom_uom_views.xml 
2026-07-03 09:26:32,718 1 INFO my_database odoo.modules.loading: Module stock loaded in 14.61s, 4859 queries (+4859 other) 
2026-07-03 09:26:32,729 1 INFO my_database odoo.modules.loading: Loading module stock_sms (37/37) 
2026-07-03 09:26:32,959 1 INFO my_database odoo.registry: module stock_sms: creating or updating database tables 
2026-07-03 09:26:33,236 1 INFO my_database odoo.modules.loading: loading stock_sms/data/sms_data.xml 
2026-07-03 09:26:33,277 1 INFO my_database odoo.modules.loading: loading stock_sms/views/res_config_settings_views.xml 
2026-07-03 09:26:33,432 1 INFO my_database odoo.modules.loading: loading stock_sms/wizard/confirm_stock_sms_views.xml 
2026-07-03 09:26:33,468 1 INFO my_database odoo.modules.loading: loading stock_sms/security/ir.model.access.csv 
2026-07-03 09:26:33,512 1 INFO my_database odoo.modules.loading: loading stock_sms/security/sms_security.xml 
2026-07-03 09:26:33,619 1 INFO my_database odoo.modules.loading: Module stock_sms loaded in 0.89s, 177 queries (+177 other) 
2026-07-03 09:26:33,619 1 INFO my_database odoo.modules.loading: 37 modules loaded in 57.11s, 19340 queries (+19349 extra) 
2026-07-03 09:26:34,962 1 INFO my_database odoo.modules.loading: Modules loaded. 
2026-07-03 09:26:34,980 1 INFO my_database odoo.registry: Registry changed, signaling through the database 
2026-07-03 09:26:34,987 1 INFO my_database odoo.registry: Registry loaded in 61.274s 
2026-07-03 09:26:34,989 1 INFO my_database odoo.addons.base.models.ir_module: getting next ir.actions.todo() 
2026-07-03 09:26:35,004 1 INFO my_database odoo.addons.base.models.ir_http: Generating routing map for key None 
2026-07-03 09:26:35,051 1 INFO my_database werkzeug: 172.18.0.1 - - [03/Jul/2026 09:26:35] "POST /web/dataset/call_button/ir.module.module/button_immediate_install#ir.module.module.button_immediate_install HTTP/1.1" 200 - 21903 32.473 29.069
2026-07-03 09:26:35,350 1 INFO my_database werkzeug: 172.18.0.1 - - [03/Jul/2026 09:26:35] "POST /web/dataset/call_kw/ir.module.module/web_search_read#ir.module.module.web_search_read HTTP/1.1" 200 - 9 0.038 25.534
2026-07-03 09:26:44,002 1 INFO my_database odoo.addons.base.models.ir_cron: Job 'Notification: Delete Notifications older than 6 Months' (5) starting 
2026-07-03 09:26:44,061 1 INFO my_database odoo.addons.base.models.ir_cron: Job 'Notification: Delete Notifications older than 6 Months' (5) fully done (#loop 1; done 0; remaining 0; duration 0.06s) 
2026-07-03 09:26:44,086 1 INFO my_database odoo.addons.base.models.ir_cron: Job 'Mail: Post scheduled messages' (7) starting 
2026-07-03 09:26:44,105 1 INFO my_database odoo.addons.mail.models.mail_scheduled_message: Posting 0 scheduled messages 
2026-07-03 09:26:44,112 1 INFO my_database odoo.addons.base.models.ir_cron: Job 'Mail: Post scheduled messages' (7) fully done (#loop 1; done 0; remaining 0; duration 0.03s) 
2026-07-03 09:26:44,127 1 INFO my_database odoo.addons.base.models.ir_cron: Job 'Notification: Notify scheduled messages' (8) starting 
2026-07-03 09:26:44,150 1 INFO my_database odoo.addons.base.models.ir_cron: Job 'Notification: Notify scheduled messages' (8) fully done (#loop 1; done 0; remaining 0; duration 0.02s) 
2026-07-03 09:26:44,165 1 INFO my_database odoo.addons.base.models.ir_cron: Job 'Mail: send web push notification' (9) starting 
2026-07-03 09:26:44,191 1 INFO my_database odoo.addons.base.models.ir_cron: Job 'Mail: send web push notification' (9) fully done (#loop 1; done 0; remaining 0; duration 0.03s) 
2026-07-03 09:26:44,207 1 INFO my_database odoo.addons.base.models.ir_cron: Job 'Discuss: channel member unmute' (10) starting 
2026-07-03 09:26:44,233 1 INFO my_database odoo.addons.base.models.ir_cron: Job 'Discuss: channel member unmute' (10) fully done (#loop 1; done 0; remaining 0; duration 0.03s) 
2026-07-03 09:26:44,248 1 INFO my_database odoo.addons.base.models.ir_cron: Job 'Discuss: users settings unmute' (11) starting 
2026-07-03 09:26:44,270 1 INFO my_database odoo.addons.base.models.ir_cron: Job 'Discuss: users settings unmute' (11) fully done (#loop 1; done 0; remaining 0; duration 0.02s) 
2026-07-03 09:26:44,285 1 INFO my_database odoo.addons.base.models.ir_cron: Job 'SMS: SMS Queue Manager' (13) starting 
2026-07-03 09:26:44,310 1 INFO my_database odoo.addons.base.models.ir_cron: Job 'SMS: SMS Queue Manager' (13) fully done (#loop 1; done 0; remaining 0; duration 0.03s) 
2026-07-03 09:26:44,325 1 INFO my_database odoo.addons.base.models.ir_cron: Job 'Snailmail: process letters queue' (14) starting 
2026-07-03 09:26:44,349 1 INFO my_database odoo.addons.base.models.ir_cron: Job 'Snailmail: process letters queue' (14) fully done (#loop 1; done 0; remaining 0; duration 0.02s) 
2026-07-03 09:26:44,362 1 INFO my_database odoo.addons.base.models.ir_cron: Job 'Procurement: run scheduler' (16) starting 
2026-07-03 09:26:44,451 1 INFO my_database odoo.addons.base.models.ir_cron: Job 'Procurement: run scheduler' (16) fully done (#loop 1; done 3; remaining 0; duration 0.09s) 
2026-07-03 09:26:44,475 1 INFO my_database odoo.addons.base.models.ir_cron: Job 'Mail: Email Queue Manager' (3) starting 
2026-07-03 09:26:44,514 1 INFO my_database odoo.addons.base.models.ir_cron: Job 'Mail: Email Queue Manager' (3) fully done (#loop 1; done 0; remaining 0; duration 0.04s) 
2026-07-03 09:26:44,534 1 INFO my_database odoo.addons.base.models.ir_cron: Job 'Users: Notify About Unregistered Users' (12) starting 
2026-07-03 09:26:44,567 1 INFO my_database odoo.addons.base.models.ir_cron: Job 'Users: Notify About Unregistered Users' (12) fully done (#loop 1; done 0; remaining 0; duration 0.03s) 
2026-07-03 09:27:44,739 1 INFO my_database odoo.addons.base.models.ir_cron: Job 'Base: Auto-vacuum internal data' (1) starting 
2026-07-03 09:27:44,963 1 INFO my_database odoo.addons.sms.models.sms_sms: GC'd 0 sms marked for deletion 
2026-07-03 09:27:45,066 1 INFO my_database odoo.addons.base.models.res_users: GC'd 0 user log entries 
2026-07-03 09:27:45,322 1 INFO my_database odoo.addons.base.models.ir_attachment: filestore gc 12 checked, 0 removed 
2026-07-03 09:27:45,492 1 INFO my_database odoo.addons.base.models.res_device: GC device logs delete 1 entries 
2026-07-03 09:27:45,541 1 INFO my_database odoo.addons.base.models.res_users: GC 'res.users.apikeys' delete 0 entries 
2026-07-03 09:27:45,550 1 INFO my_database odoo.addons.base.models.res_device: GC device logs delete 0 entries 
2026-07-03 09:27:45,800 1 INFO my_database odoo.addons.base.models.res_users: GC 'auth_totp.device' delete 0 entries 
2026-07-03 09:27:45,906 1 INFO my_database odoo.addons.base.models.ir_cron: Job 'Base: Auto-vacuum internal data' (1) fully done (#loop 1; done 0; remaining 0; duration 1.17s) 
2026-07-03 09:27:47,599 1 INFO ? odoo.service.server: Initiating shutdown 
2026-07-03 09:27:47,603 1 INFO ? odoo.service.server: Hit CTRL-C again or send a second signal to force the shutdown. 
2026-07-03 09:27:48,014 1 INFO ? odoo.sql_db: ConnectionPool(read/write;used=0/count=0/max=64): Closed 9 connections  
2026-07-03 09:27:48,052 1 INFO ? odoo.service.server: cron0 max age (0s) reached, releasing connection. 
2026-07-03 09:44:15,465 1 INFO ? odoo: Odoo version saas~18.4 
2026-07-03 09:44:15,466 1 INFO ? odoo: Using configuration file at /opt/odoo/odoo.conf 
2026-07-03 09:44:15,467 1 INFO ? odoo: addons paths: _NamespacePath(['/opt/odoo/odoo/addons', '/opt/odoo/.local/share/Odoo/addons/saas~18.4', '/opt/odoo/addons']) 
2026-07-03 09:44:15,467 1 INFO ? odoo: database: odoo@host.docker.internal:5432 
2026-07-03 09:44:17,593 1 INFO ? odoo.service.server: HTTP service (werkzeug) running on 95bc12ab6337:8069 
2026-07-03 09:44:27,855 1 INFO ? odoo.modules.loading: loading 1 modules... 
2026-07-03 09:44:27,862 1 INFO ? odoo.modules.loading: 1 modules loaded in 0.01s, 0 queries (+0 extra) 
2026-07-03 09:44:28,339 1 INFO ? odoo.modules.loading: loading 37 modules... 
2026-07-03 09:44:34,956 1 INFO ? odoo.modules.loading: 37 modules loaded in 6.62s, 0 queries (+0 extra) 
2026-07-03 09:44:35,086 1 INFO ? odoo.modules.loading: Modules loaded. 
2026-07-03 09:44:35,132 1 INFO ? odoo.registry: Registry loaded in 7.436s 
2026-07-03 09:44:35,139 1 INFO my_database odoo.addons.base.models.ir_http: Generating routing map for key None 
2026-07-03 09:44:35,205 1 INFO my_database werkzeug: 172.18.0.1 - - [03/Jul/2026 09:44:35] "GET /websocket?version=saas-18.4-2 HTTP/1.1" 101 - 23 0.101 7.441
2026-07-03 09:44:35,266 1 INFO my_database werkzeug: 172.18.0.1 - - [03/Jul/2026 09:44:35] "POST /bus/has_missed_notifications HTTP/1.1" 200 - 2 0.006 0.014
2026-07-03 09:44:35,640 1 INFO ? odoo.addons.bus.models.bus: Bus.loop listen imbus on db postgres 
2026-07-03 09:46:25,084 1 INFO my_database werkzeug: 172.18.0.1 - - [03/Jul/2026 09:46:25] "GET /odoo HTTP/1.1" 200 - 117 0.300 46.068
2026-07-03 09:46:25,390 1 INFO my_database werkzeug: 172.18.0.1 - - [03/Jul/2026 09:46:25] "GET /web/manifest.webmanifest HTTP/1.1" 200 - 14 0.067 0.181
2026-07-03 09:46:25,407 1 INFO my_database werkzeug: 172.18.0.1 - - [03/Jul/2026 09:46:25] "GET /web/webclient/load_menus HTTP/1.1" 200 - 17 0.060 0.225
2026-07-03 09:46:32,976 1 INFO my_database odoo.addons.base.models.assetsbundle: Generating a new asset bundle attachment /web/assets/ae20a49/web.assets_web.min.css (id:28) 
2026-07-03 09:46:32,980 1 INFO my_database odoo.addons.base.models.assetsbundle: Deleting attachments [17] (matching /web/assets/_______/web.assets_web.min.css) because it was replaced with /web/assets/ae20a49/web.assets_web.min.css 
2026-07-03 09:46:33,081 1 INFO my_database werkzeug: 172.18.0.1 - - [03/Jul/2026 09:46:33] "GET /web/assets/ae20a49/web.assets_web.min.css HTTP/1.1" 200 - 16 0.204 7.774
2026-07-03 09:46:39,193 1 INFO my_database odoo.addons.base.models.assetsbundle: Generating a new asset bundle attachment /web/assets/2d2358f/web.assets_web_print.min.css (id:29) 
2026-07-03 09:46:39,196 1 INFO my_database odoo.addons.base.models.assetsbundle: Deleting attachments [18] (matching /web/assets/_______/web.assets_web_print.min.css) because it was replaced with /web/assets/2d2358f/web.assets_web_print.min.css 
2026-07-03 09:46:39,241 1 INFO my_database werkzeug: 172.18.0.1 - - [03/Jul/2026 09:46:39] "GET /web/assets/2d2358f/web.assets_web_print.min.css HTTP/1.1" 200 - 10 0.143 5.951
2026-07-03 09:46:46,845 1 INFO my_database werkzeug: 172.18.0.1 - - [03/Jul/2026 09:46:46] "GET / HTTP/1.1" 303 - 1 0.003 0.015
2026-07-03 09:46:46,946 1 INFO my_database werkzeug: 172.18.0.1 - - [03/Jul/2026 09:46:46] "GET /odoo HTTP/1.1" 200 - 23 0.039 0.051
2026-07-03 09:46:47,010 1 INFO my_database werkzeug: 172.18.0.1 - - [03/Jul/2026 09:46:47] "GET /web/webclient/load_menus HTTP/1.1" 200 - 1 0.013 0.026
2026-07-03 09:46:47,054 1 INFO my_database werkzeug: 172.18.0.1 - - [03/Jul/2026 09:46:47] "GET /web/manifest.webmanifest HTTP/1.1" 200 - 6 0.018 0.026
2026-07-03 09:46:57,897 1 INFO my_database odoo.addons.base.models.assetsbundle: Generating a new asset bundle attachment /web/assets/7e2b59a/web.assets_web.min.js (id:30) 
2026-07-03 09:46:57,902 1 INFO my_database odoo.addons.base.models.assetsbundle: Deleting attachments [19] (matching /web/assets/_______/web.assets_web.min.js) because it was replaced with /web/assets/7e2b59a/web.assets_web.min.js 
2026-07-03 09:46:59,658 1 INFO my_database werkzeug: 172.18.0.1 - - [03/Jul/2026 09:46:59] "GET /web/assets/7e2b59a/web.assets_web.min.js HTTP/1.1" 200 - 13 0.065 34.481
2026-07-03 09:47:00,053 1 INFO my_database odoo.addons.base.models.assetsbundle: Generating a new asset bundle attachment /web/assets/7e2b59a/web.assets_web.min.js (id:31) 
2026-07-03 09:47:00,056 1 INFO my_database odoo.addons.base.models.assetsbundle: Deleting attachments [19] (matching /web/assets/_______/web.assets_web.min.js) because it was replaced with /web/assets/7e2b59a/web.assets_web.min.js 
2026-07-03 09:47:00,066 1 ERROR my_database odoo.sql_db: bad query: b'DELETE FROM ir_attachment WHERE id IN (\n            SELECT id FROM ir_attachment WHERE id in (19) FOR NO KEY UPDATE SKIP LOCKED\n        )'
ERROR: could not serialize access due to concurrent update
 
2026-07-03 09:47:00,074 1 INFO my_database odoo.service.model: SERIALIZATION_FAILURE, 4 tries left, try again in 1.8117 sec... 
2026-07-03 09:47:01,906 1 INFO my_database werkzeug: 172.18.0.1 - - [03/Jul/2026 09:47:01] "GET /web/assets/7e2b59a/web.assets_web.min.js HTTP/1.1" 200 - 11 0.026 14.912
2026-07-03 09:47:02,570 1 INFO my_database werkzeug: 172.18.0.1 - - [03/Jul/2026 09:47:02] "GET /web/webclient/translations?hash=&lang=en_US HTTP/1.1" 200 - 1 0.002 0.184
2026-07-03 09:47:02,611 1 INFO my_database odoo.addons.partner_autocomplete.models.res_company: Starting enrich of company My Company (1) 
2026-07-03 09:47:02,632 1 INFO my_database werkzeug: 172.18.0.1 - - [03/Jul/2026 09:47:02] "POST /web/dataset/call_kw/res.company/iap_enrich_auto#res.company.iap_enrich_auto HTTP/1.1" 200 - 10 0.022 0.031
2026-07-03 09:47:02,763 1 INFO my_database werkzeug: 172.18.0.1 - - [03/Jul/2026 09:47:02] "GET /web/image/res.partner/3/avatar_128?unique=1783050980000 HTTP/1.1" 200 - 14 0.043 0.031
2026-07-03 09:47:02,764 1 INFO my_database werkzeug: 172.18.0.1 - - [03/Jul/2026 09:47:02] "POST /web/action/load HTTP/1.1" 200 - 6 0.047 0.024
2026-07-03 09:47:02,801 1 INFO my_database werkzeug: 172.18.0.1 - - [03/Jul/2026 09:47:02] "GET /web/image?model=res.users&field=avatar_128&id=2 HTTP/1.1" 304 - 15 0.079 0.031
2026-07-03 09:47:02,904 1 INFO my_database werkzeug: 172.18.0.1 - - [03/Jul/2026 09:47:02] "POST /mail/data HTTP/1.1" 200 - 27 0.133 0.046
2026-07-03 09:47:03,012 1 INFO my_database werkzeug: 172.18.0.1 - - [03/Jul/2026 09:47:03] "POST /mail/data HTTP/1.1" 200 - 38 0.124 0.069
2026-07-03 09:47:03,211 1 INFO my_database werkzeug: 172.18.0.1 - - [03/Jul/2026 09:47:03] "GET /web/image/discuss.channel/1/avatar_128?unique=5178288ab37af3966c5c1a5296c3a211bb5fe1ce94d850f546e24132d6d82d36fbfa06d3642a19ccef883e9b8d7e234391b9d41fbf6dbb14c44a26502068bd79 HTTP/1.1" 200 - 4 0.023 0.068
2026-07-03 09:47:03,211 1 INFO my_database werkzeug: 172.18.0.1 - - [03/Jul/2026 09:47:03] "POST /mail/inbox/messages HTTP/1.1" 200 - 5 0.031 0.077
2026-07-03 09:47:03,213 1 INFO my_database werkzeug: 172.18.0.1 - - [03/Jul/2026 09:47:03] "GET /web/image/discuss.channel/2/avatar_128?unique=8a9cfd5033bea8ffdd46be5176de401e7e8185e804f4f3b8f6a568225e032b4b6f421655cb1c7d79391f4d50caf1c9a60b7cc276488c132ea3dab3666a3c5e55 HTTP/1.1" 200 - 4 0.023 0.076
2026-07-03 09:47:03,230 1 INFO my_database werkzeug: 172.18.0.1 - - [03/Jul/2026 09:47:03] "GET /web/image/res.partner/2/avatar_128?unique=1783070780000 HTTP/1.1" 200 - 7 0.034 0.075
2026-07-03 09:47:04,867 1 INFO my_database werkzeug: 172.18.0.1 - - [03/Jul/2026 09:47:04] "GET /web/service-worker.js HTTP/1.1" 200 - 1 0.003 0.089
2026-07-03 09:47:04,922 1 INFO my_database werkzeug: 172.18.0.1 - - [03/Jul/2026 09:47:04] "GET /odoo/offline HTTP/1.1" 200 - 6 0.010 0.027
2026-07-03 09:50:17,579 1 WARNING ? odoo.service.server: Thread <Thread(odoo.service.http.request.139668861556416, started 139668861556416)> virtual real time limit (166/120s) reached. 
2026-07-03 09:50:17,584 1 INFO ? odoo.service.server: Dumping stacktrace of limit exceeding threads before reloading 
2026-07-03 09:50:17,618 1 INFO ? odoo.tools.misc: 
# Thread: <Thread(odoo.service.http.request.139668861556416, started 139668861556416)> (db:n/a) (uid:n/a) (url:n/a) (qc:n/a qt:n/a pt:n/a)
File: "/usr/local/lib/python3.11/threading.py", line 1002, in _bootstrap
  self._bootstrap_inner()
File: "/usr/local/lib/python3.11/threading.py", line 1045, in _bootstrap_inner
  self.run()
File: "/usr/local/lib/python3.11/threading.py", line 982, in run
  self._target(*self._args, **self._kwargs)
File: "/usr/local/lib/python3.11/socketserver.py", line 691, in process_request_thread
  self.finish_request(request, client_address)
File: "/usr/local/lib/python3.11/socketserver.py", line 361, in finish_request
  self.RequestHandlerClass(request, client_address, self)
File: "/opt/odoo/odoo/service/server.py", line 143, in __init__
  super().__init__(*args, **kwargs)
File: "/usr/local/lib/python3.11/socketserver.py", line 755, in __init__
  self.handle()
File: "/usr/local/lib/python3.11/site-packages/werkzeug/serving.py", line 363, in handle
  super().handle()
File: "/usr/local/lib/python3.11/http/server.py", line 440, in handle
  self.handle_one_request()
File: "/usr/local/lib/python3.11/http/server.py", line 408, in handle_one_request
  self.raw_requestline = self.rfile.readline(65537)
File: "/usr/local/lib/python3.11/socket.py", line 718, in readinto
  return self._sock.recv_into(b) 
2026-07-03 09:50:17,619 1 INFO ? odoo.service.server: Initiating server reload 
2026-07-03 09:50:18,127 1 INFO ? odoo.sql_db: ConnectionPool(read/write;used=0/count=0/max=64): Closed 7 connections  
2026-07-03 09:50:20,258 1 INFO ? odoo: Odoo version saas~18.4 
2026-07-03 09:50:20,259 1 INFO ? odoo: Using configuration file at /opt/odoo/odoo.conf 
2026-07-03 09:50:20,260 1 INFO ? odoo: addons paths: _NamespacePath(['/opt/odoo/odoo/addons', '/opt/odoo/.local/share/Odoo/addons/saas~18.4', '/opt/odoo/addons']) 
2026-07-03 09:50:20,260 1 INFO ? odoo: database: odoo@host.docker.internal:5432 
2026-07-03 09:50:22,547 1 INFO ? odoo.service.server: HTTP service (werkzeug) running on 95bc12ab6337:8069 
2026-07-03 09:50:23,624 1 INFO ? odoo.modules.loading: loading 1 modules... 
2026-07-03 09:50:23,629 1 INFO ? odoo.modules.loading: 1 modules loaded in 0.00s, 0 queries (+0 extra) 
2026-07-03 09:50:24,185 1 INFO ? odoo.modules.loading: loading 37 modules... 
2026-07-03 09:50:30,843 1 INFO ? odoo.modules.loading: 37 modules loaded in 6.66s, 0 queries (+0 extra) 
2026-07-03 09:50:30,976 1 INFO ? odoo.modules.loading: Modules loaded. 
2026-07-03 09:50:31,018 1 INFO ? odoo.registry: Registry loaded in 7.528s 
2026-07-03 09:50:31,023 1 INFO my_database odoo.addons.base.models.ir_http: Generating routing map for key None 
2026-07-03 09:50:31,077 1 INFO my_database werkzeug: 172.18.0.1 - - [03/Jul/2026 09:50:31] "GET /websocket?version=saas-18.4-2 HTTP/1.1" 101 - 23 0.081 7.518
2026-07-03 09:50:31,110 1 INFO my_database werkzeug: 172.18.0.1 - - [03/Jul/2026 09:50:31] "POST /bus/has_missed_notifications HTTP/1.1" 200 - 2 0.006 0.013
2026-07-03 09:50:31,492 1 INFO ? odoo.addons.bus.models.bus: Bus.loop listen imbus on db postgres 
2026-07-03 10:09:12,772 1 INFO my_database werkzeug: 172.18.0.1 - - [03/Jul/2026 10:09:12] "GET /websocket?version=saas-18.4-2 HTTP/1.1" 101 - 1 0.003 0.044
2026-07-03 10:09:12,827 1 INFO my_database werkzeug: 172.18.0.1 - - [03/Jul/2026 10:09:12] "POST /bus/has_missed_notifications HTTP/1.1" 200 - 2 0.007 0.018
2026-07-03 10:23:17,215 1 INFO my_database odoo.addons.base.models.res_device: User 2 inserts device log (JiT1kZ-xBEcmJ352R-Xo3-TlxSdp9jI_hwP3RW1-dd) 
2026-07-03 10:26:00,968 1 INFO my_database odoo.addons.base.models.ir_cron: Job 'Notification: Notify scheduled messages' (8) starting 
2026-07-03 10:26:01,105 1 INFO my_database odoo.addons.base.models.ir_cron: Job 'Notification: Notify scheduled messages' (8) fully done (#loop 1; done 0; remaining 0; duration 0.14s) 
2026-07-03 10:26:01,127 1 INFO my_database odoo.addons.base.models.ir_cron: Job 'Mail: Email Queue Manager' (3) starting 
2026-07-03 10:26:01,170 1 INFO my_database odoo.addons.base.models.ir_cron: Job 'Mail: Email Queue Manager' (3) fully done (#loop 1; done 0; remaining 0; duration 0.04s) 
2026-07-03 11:00:23,946 1 INFO my_database odoo.addons.base.models.res_device: User 2 inserts device log (JiT1kZ-xBEcmJ352R-Xo3-TlxSdp9jI_hwP3RW1-dd) 
2026-07-03 11:00:24,017 1 INFO my_database werkzeug: 172.18.0.1 - - [03/Jul/2026 11:00:24] "GET /websocket?version=saas-18.4-2 HTTP/1.1" 101 - 2 0.012 0.149
2026-07-03 11:00:24,104 1 INFO my_database werkzeug: 172.18.0.1 - - [03/Jul/2026 11:00:24] "POST /bus/has_missed_notifications HTTP/1.1" 200 - 2 0.009 0.033
2026-07-03 11:26:39,219 1 INFO my_database odoo.addons.base.models.ir_cron: Job 'Notification: Notify scheduled messages' (8) starting 
2026-07-03 11:26:39,332 1 INFO my_database odoo.addons.base.models.ir_cron: Job 'Notification: Notify scheduled messages' (8) fully done (#loop 1; done 0; remaining 0; duration 0.11s) 
2026-07-03 11:26:39,358 1 INFO my_database odoo.addons.base.models.ir_cron: Job 'Digest Emails' (15) starting 
2026-07-03 11:26:39,757 1 INFO my_database odoo.addons.base.models.ir_cron: Job 'Digest Emails' (15) fully done (#loop 1; done 0; remaining 0; duration 0.40s) 
2026-07-03 11:26:39,772 1 INFO my_database odoo.addons.base.models.ir_cron: Job 'Mail: Email Queue Manager' (3) starting 
2026-07-03 11:26:39,821 1 INFO my_database odoo.addons.base.models.ir_cron: Job 'Mail: Email Queue Manager' (3) fully done (#loop 1; done 0; remaining 0; duration 0.05s) 
2026-07-03 12:25:56,811 1 INFO my_database odoo.addons.base.models.ir_cron: Job 'Notification: Notify scheduled messages' (8) starting 
2026-07-03 12:25:56,976 1 INFO my_database odoo.addons.base.models.ir_cron: Job 'Notification: Notify scheduled messages' (8) fully done (#loop 1; done 0; remaining 0; duration 0.17s) 
2026-07-03 12:25:56,998 1 INFO my_database odoo.addons.base.models.ir_cron: Job 'Mail: Email Queue Manager' (3) starting 
2026-07-03 12:25:57,037 1 INFO my_database odoo.addons.base.models.ir_cron: Job 'Mail: Email Queue Manager' (3) fully done (#loop 1; done 0; remaining 0; duration 0.04s) 
2026-07-03 12:35:19,078 1 INFO my_database odoo.addons.base.models.res_device: User 2 inserts device log (JiT1kZ-xBEcmJ352R-Xo3-TlxSdp9jI_hwP3RW1-dd) 
2026-07-03 12:35:19,360 1 INFO my_database werkzeug: 172.18.0.1 - - [03/Jul/2026 12:35:19] "GET /web/webclient/translations?hash=&lang= HTTP/1.1" 200 - 2 0.012 0.311
2026-07-03 12:37:29,062 1 WARNING ? odoo.service.server: Thread <Thread(odoo.service.http.request.139917731702464, started 139917731702464)> virtual real time limit (130/120s) reached. 
2026-07-03 12:37:29,065 1 INFO ? odoo.service.server: Dumping stacktrace of limit exceeding threads before reloading 
2026-07-03 12:37:29,106 1 INFO ? odoo.tools.misc: 
# Thread: <Thread(odoo.service.http.request.139917731702464, started 139917731702464)> (db:n/a) (uid:n/a) (url:n/a) (qc:n/a qt:n/a pt:n/a)
File: "/usr/local/lib/python3.11/threading.py", line 1002, in _bootstrap
  self._bootstrap_inner()
File: "/usr/local/lib/python3.11/threading.py", line 1045, in _bootstrap_inner
  self.run()
File: "/usr/local/lib/python3.11/threading.py", line 982, in run
  self._target(*self._args, **self._kwargs)
File: "/usr/local/lib/python3.11/socketserver.py", line 691, in process_request_thread
  self.finish_request(request, client_address)
File: "/usr/local/lib/python3.11/socketserver.py", line 361, in finish_request
  self.RequestHandlerClass(request, client_address, self)
File: "/opt/odoo/odoo/service/server.py", line 143, in __init__
  super().__init__(*args, **kwargs)
File: "/usr/local/lib/python3.11/socketserver.py", line 755, in __init__
  self.handle()
File: "/usr/local/lib/python3.11/site-packages/werkzeug/serving.py", line 363, in handle
  super().handle()
File: "/usr/local/lib/python3.11/http/server.py", line 440, in handle
  self.handle_one_request()
File: "/usr/local/lib/python3.11/http/server.py", line 408, in handle_one_request
  self.raw_requestline = self.rfile.readline(65537)
File: "/usr/local/lib/python3.11/socket.py", line 718, in readinto
  return self._sock.recv_into(b) 
2026-07-03 12:37:29,107 1 INFO ? odoo.service.server: Initiating server reload 
2026-07-03 12:37:29,185 1 INFO ? odoo.sql_db: ConnectionPool(read/write;used=0/count=0/max=64): Closed 4 connections  
2026-07-03 12:37:30,795 1 INFO ? odoo: Odoo version saas~18.4 
2026-07-03 12:37:30,795 1 INFO ? odoo: Using configuration file at /opt/odoo/odoo.conf 
2026-07-03 12:37:30,796 1 INFO ? odoo: addons paths: _NamespacePath(['/opt/odoo/odoo/addons', '/opt/odoo/.local/share/Odoo/addons/saas~18.4', '/opt/odoo/addons']) 
2026-07-03 12:37:30,796 1 INFO ? odoo: database: odoo@host.docker.internal:5432 
2026-07-03 12:37:32,338 1 INFO ? odoo.service.server: HTTP service (werkzeug) running on 95bc12ab6337:8069 
2026-07-03 12:40:35,900 1 INFO my_database odoo.modules.loading: loading 1 modules... 
2026-07-03 12:40:35,905 1 INFO my_database odoo.modules.loading: 1 modules loaded in 0.00s, 0 queries (+0 extra) 
2026-07-03 12:40:36,312 1 INFO my_database odoo.modules.loading: loading 37 modules... 
2026-07-03 12:40:40,909 1 INFO my_database odoo.modules.loading: 37 modules loaded in 4.60s, 0 queries (+0 extra) 
2026-07-03 12:40:41,010 1 INFO my_database odoo.modules.loading: Modules loaded. 
2026-07-03 12:40:41,046 1 INFO my_database odoo.registry: Registry loaded in 5.281s 
2026-07-03 12:40:41,054 1 INFO my_database odoo.addons.base.models.ir_cron: Job 'Base: Auto-vacuum internal data' (1) starting 
2026-07-03 12:40:41,364 1 INFO my_database odoo.addons.base.models.res_device: GC device logs delete 4 entries 
2026-07-03 12:40:41,641 1 INFO my_database odoo.addons.base.models.ir_attachment: filestore gc 6 checked, 3 removed 
2026-07-03 12:40:41,723 1 INFO my_database odoo.addons.base.models.res_device: GC device logs delete 0 entries 
2026-07-03 12:40:41,745 1 INFO my_database odoo.addons.base.models.res_users: GC 'auth_totp.device' delete 0 entries 
2026-07-03 12:40:41,897 1 INFO my_database odoo.addons.base.models.res_users: GC'd 0 user log entries 
2026-07-03 12:40:41,995 1 INFO my_database odoo.addons.sms.models.sms_sms: GC'd 0 sms marked for deletion 
2026-07-03 12:40:42,034 1 INFO my_database odoo.addons.base.models.res_users: GC 'res.users.apikeys' delete 0 entries 
2026-07-03 12:40:42,177 1 INFO my_database odoo.addons.base.models.ir_cron: Job 'Base: Auto-vacuum internal data' (1) fully done (#loop 1; done 0; remaining 0; duration 1.12s) 
2026-07-03 12:40:42,202 1 INFO my_database odoo.addons.base.models.ir_cron: Job 'Base: Portal Users Deletion' (2) starting 
2026-07-03 12:40:42,232 1 INFO my_database odoo.addons.base.models.ir_cron: Job 'Base: Portal Users Deletion' (2) fully done (#loop 1; done 0; remaining 0; duration 0.03s) 
2026-07-03 13:26:32,967 1 INFO my_database odoo.addons.base.models.ir_cron: Job 'Notification: Notify scheduled messages' (8) starting 
2026-07-03 13:26:33,061 1 INFO my_database odoo.addons.base.models.ir_cron: Job 'Notification: Notify scheduled messages' (8) fully done (#loop 1; done 0; remaining 0; duration 0.09s) 
2026-07-03 13:26:33,075 1 INFO my_database odoo.addons.base.models.ir_cron: Job 'Mail: Email Queue Manager' (3) starting 
2026-07-03 13:26:33,103 1 INFO my_database odoo.addons.base.models.ir_cron: Job 'Mail: Email Queue Manager' (3) fully done (#loop 1; done 0; remaining 0; duration 0.03s) 
2026-07-06 04:15:17,222 1 INFO ? odoo: Odoo version saas~18.4 
2026-07-06 04:15:17,224 1 INFO ? odoo: Using configuration file at /opt/odoo/odoo.conf 
2026-07-06 04:15:17,225 1 INFO ? odoo: addons paths: _NamespacePath(['/opt/odoo/odoo/addons', '/opt/odoo/.local/share/Odoo/addons/saas~18.4', '/opt/odoo/addons']) 
2026-07-06 04:15:17,226 1 INFO ? odoo: database: odoo@host.docker.internal:5432 
2026-07-06 04:15:22,837 1 INFO ? odoo.service.server: HTTP service (werkzeug) running on 95bc12ab6337:8069 
2026-07-06 04:15:31,451 1 INFO ? odoo.service.server: Initiating shutdown 
2026-07-06 04:15:31,452 1 INFO ? odoo.service.server: Hit CTRL-C again or send a second signal to force the shutdown. 
2026-07-06 04:15:31,856 1 INFO ? odoo.sql_db: ConnectionPool(read/write;used=0/count=0/max=64): Closed 2 connections  
2026-07-06 04:17:50,365 1 INFO ? odoo: Odoo version saas~18.4 
2026-07-06 04:17:50,368 1 INFO ? odoo: Using configuration file at /opt/odoo/odoo.conf 
2026-07-06 04:17:50,368 1 INFO ? odoo: addons paths: _NamespacePath(['/opt/odoo/odoo/addons', '/opt/odoo/.local/share/Odoo/addons/saas~18.4', '/opt/odoo/addons']) 
2026-07-06 04:17:50,369 1 INFO ? odoo: database: odoo@host.docker.internal:5432 
2026-07-06 04:17:53,379 1 INFO ? odoo.service.server: HTTP service (werkzeug) running on 95bc12ab6337:8069 
2026-07-06 04:18:53,957 1 INFO my_database odoo.modules.loading: loading 1 modules... 
2026-07-06 04:18:53,962 1 INFO my_database odoo.modules.loading: 1 modules loaded in 0.00s, 0 queries (+0 extra) 
2026-07-06 04:18:55,515 1 INFO my_database odoo.modules.loading: loading 37 modules... 
2026-07-06 04:19:16,433 1 INFO my_database odoo.modules.loading: 37 modules loaded in 20.92s, 0 queries (+0 extra) 
2026-07-06 04:19:16,541 1 INFO my_database odoo.modules.loading: Modules loaded. 
2026-07-06 04:19:16,592 1 INFO my_database odoo.registry: Registry loaded in 22.916s 
2026-07-06 04:19:16,633 1 INFO my_database odoo.addons.base.models.ir_cron: Job 'Base: Auto-vacuum internal data' (1) starting 
2026-07-06 04:19:16,649 1 INFO my_database odoo.addons.base.models.ir_cron: Job 'Mail: Post scheduled messages' (7) starting 
2026-07-06 04:19:16,801 1 INFO my_database odoo.addons.mail.models.mail_scheduled_message: Posting 0 scheduled messages 
2026-07-06 04:19:16,860 1 INFO my_database odoo.addons.base.models.ir_cron: Job 'Mail: Post scheduled messages' (7) fully done (#loop 1; done 0; remaining 0; duration 0.21s) 
2026-07-06 04:19:16,939 1 INFO my_database odoo.addons.base.models.ir_cron: Job 'Notification: Notify scheduled messages' (8) starting 
2026-07-06 04:19:16,939 1 INFO my_database odoo.addons.base.models.res_device: GC device logs delete 0 entries 
2026-07-06 04:19:16,968 1 INFO my_database odoo.addons.base.models.ir_cron: Job 'Notification: Notify scheduled messages' (8) fully done (#loop 1; done 0; remaining 0; duration 0.03s) 
2026-07-06 04:19:16,984 1 INFO my_database odoo.addons.base.models.ir_cron: Job 'Mail: send web push notification' (9) starting 
2026-07-06 04:19:17,009 1 INFO my_database odoo.addons.base.models.ir_cron: Job 'Mail: send web push notification' (9) fully done (#loop 1; done 0; remaining 0; duration 0.02s) 
2026-07-06 04:19:17,024 1 INFO my_database odoo.addons.base.models.ir_cron: Job 'Discuss: channel member unmute' (10) starting 
2026-07-06 04:19:17,059 1 INFO my_database odoo.addons.base.models.ir_cron: Job 'Discuss: channel member unmute' (10) fully done (#loop 1; done 0; remaining 0; duration 0.03s) 
2026-07-06 04:19:17,062 1 INFO my_database odoo.addons.base.models.res_users: GC'd 0 user log entries 
2026-07-06 04:19:17,078 1 INFO my_database odoo.addons.base.models.ir_cron: Job 'Discuss: users settings unmute' (11) starting 
2026-07-06 04:19:17,111 1 INFO my_database odoo.addons.base.models.ir_cron: Job 'Discuss: users settings unmute' (11) fully done (#loop 1; done 0; remaining 0; duration 0.03s) 
2026-07-06 04:19:17,127 1 INFO my_database odoo.addons.base.models.ir_cron: Job 'SMS: SMS Queue Manager' (13) starting 
2026-07-06 04:19:17,157 1 INFO my_database odoo.addons.base.models.ir_cron: Job 'SMS: SMS Queue Manager' (13) fully done (#loop 1; done 0; remaining 0; duration 0.03s) 
2026-07-06 04:19:17,173 1 INFO my_database odoo.addons.base.models.ir_cron: Job 'Snailmail: process letters queue' (14) starting 
2026-07-06 04:19:17,201 1 INFO my_database odoo.addons.base.models.ir_cron: Job 'Snailmail: process letters queue' (14) fully done (#loop 1; done 0; remaining 0; duration 0.03s) 
2026-07-06 04:19:17,216 1 INFO my_database odoo.addons.base.models.ir_cron: Job 'Digest Emails' (15) starting 
2026-07-06 04:19:17,242 1 INFO my_database odoo.addons.sms.models.sms_sms: GC'd 0 sms marked for deletion 
2026-07-06 04:19:17,351 1 INFO my_database odoo.addons.base.models.res_device: GC device logs delete 0 entries 
2026-07-06 04:19:17,553 1 INFO my_database odoo.addons.base.models.ir_cron: Job 'Digest Emails' (15) fully done (#loop 1; done 0; remaining 0; duration 0.34s) 
2026-07-06 04:19:17,568 1 INFO my_database odoo.addons.base.models.ir_cron: Job 'Procurement: run scheduler' (16) starting 
2026-07-06 04:19:17,587 1 INFO my_database odoo.addons.base.models.res_users: GC 'auth_totp.device' delete 0 entries 
2026-07-06 04:19:17,681 1 INFO my_database odoo.addons.base.models.ir_cron: Job 'Procurement: run scheduler' (16) fully done (#loop 1; done 3; remaining 0; duration 0.11s) 
2026-07-06 04:19:17,695 1 INFO my_database odoo.addons.base.models.ir_cron: Job 'Mail: Email Queue Manager' (3) starting 
2026-07-06 04:19:17,750 1 INFO my_database odoo.addons.base.models.ir_cron: Job 'Mail: Email Queue Manager' (3) fully done (#loop 1; done 0; remaining 0; duration 0.05s) 
2026-07-06 04:19:17,767 1 INFO my_database odoo.addons.base.models.ir_cron: Job 'Users: Notify About Unregistered Users' (12) starting 
2026-07-06 04:19:17,798 1 INFO my_database odoo.addons.base.models.ir_cron: Job 'Users: Notify About Unregistered Users' (12) fully done (#loop 1; done 0; remaining 0; duration 0.03s) 
2026-07-06 04:19:17,814 1 INFO my_database odoo.addons.base.models.ir_cron: Job 'Base: Portal Users Deletion' (2) starting 
2026-07-06 04:19:17,842 1 INFO my_database odoo.addons.base.models.ir_cron: Job 'Base: Portal Users Deletion' (2) fully done (#loop 1; done 0; remaining 0; duration 0.03s) 
2026-07-06 04:19:17,871 1 INFO my_database odoo.addons.base.models.ir_attachment: filestore gc 0 checked, 0 removed 
2026-07-06 04:19:17,968 1 INFO my_database odoo.models.unlink: User #1 deleted mail.presence records with IDs: [1] 
2026-07-06 04:19:18,249 1 INFO my_database odoo.addons.base.models.res_users: GC 'res.users.apikeys' delete 0 entries 
2026-07-06 04:19:18,273 1 INFO my_database odoo.addons.base.models.ir_cron: Job 'Base: Auto-vacuum internal data' (1) fully done (#loop 1; done 0; remaining 0; duration 1.64s) 
2026-07-06 04:26:19,255 1 INFO my_database odoo.addons.base.models.ir_cron: Job 'Notification: Notify scheduled messages' (8) starting 
2026-07-06 04:26:19,330 1 INFO my_database odoo.addons.base.models.ir_cron: Job 'Notification: Notify scheduled messages' (8) fully done (#loop 1; done 0; remaining 0; duration 0.08s) 
2026-07-06 04:26:19,350 1 INFO my_database odoo.addons.base.models.ir_cron: Job 'Mail: Email Queue Manager' (3) starting 
2026-07-06 04:26:19,387 1 INFO my_database odoo.addons.base.models.ir_cron: Job 'Mail: Email Queue Manager' (3) fully done (#loop 1; done 0; remaining 0; duration 0.04s) 
2026-07-06 04:46:36,668 1 INFO my_database odoo.addons.base.models.ir_http: Generating routing map for key None 
2026-07-06 04:46:36,704 1 INFO my_database odoo.addons.base.models.res_device: User 2 inserts device log (JiT1kZ-xBEcmJ352R-Xo3-TlxSdp9jI_hwP3RW1-dd) 
2026-07-06 04:46:36,738 1 INFO my_database werkzeug: 172.18.0.1 - - [06/Jul/2026 04:46:36] "GET / HTTP/1.1" 303 - 4 0.020 0.110
2026-07-06 04:46:41,226 1 INFO my_database werkzeug: 172.18.0.1 - - [06/Jul/2026 04:46:41] "GET / HTTP/1.1" 303 - 1 0.008 0.058
2026-07-06 04:46:42,327 1 INFO my_database werkzeug: 172.18.0.1 - - [06/Jul/2026 04:46:42] "GET /web/service-worker.js HTTP/1.1" 200 - 1 0.008 0.158
2026-07-06 04:46:49,081 1 INFO my_database werkzeug: 172.18.0.1 - - [06/Jul/2026 04:46:49] "GET /web/service-worker.js HTTP/1.1" 200 - 1 0.002 0.023
2026-07-06 04:46:51,999 1 INFO my_database werkzeug: 172.18.0.1 - - [06/Jul/2026 04:46:51] "GET / HTTP/1.1" 303 - 1 0.004 0.019
2026-07-06 04:46:58,551 1 INFO my_database werkzeug: 172.18.0.1 - - [06/Jul/2026 04:46:58] "GET /web/service-worker.js HTTP/1.1" 200 - 1 0.002 0.023
2026-07-06 04:47:03,353 1 INFO my_database werkzeug: 172.18.0.1 - - [06/Jul/2026 04:47:03] "GET / HTTP/1.1" 303 - 2 0.011 0.059
2026-07-06 04:47:03,425 1 INFO my_database werkzeug: 172.18.0.1 - - [06/Jul/2026 04:47:03] "GET /odoo HTTP/1.1" 303 - 2 0.010 0.055
2026-07-06 04:47:13,268 1 INFO my_database werkzeug: 172.18.0.1 - - [06/Jul/2026 04:47:13] "GET /web/login?redirect=%2Fodoo%3F HTTP/1.1" 200 - 45 0.110 9.725
2026-07-06 04:47:13,525 1 INFO my_database werkzeug: 172.18.0.1 - - [06/Jul/2026 04:47:13] "GET /web/binary/company_logo HTTP/1.1" 200 - 3 0.034 0.191
2026-07-06 04:47:22,868 1 INFO my_database odoo.addons.base.models.assetsbundle: Generating a new asset bundle attachment /web/assets/b8a256c/web.assets_frontend.min.css (id:32) 
2026-07-06 04:47:22,873 1 INFO my_database odoo.addons.base.models.assetsbundle: Deleting attachments [14] (matching /web/assets/_______/web.assets_frontend.min.css) because it was replaced with /web/assets/b8a256c/web.assets_frontend.min.css 
2026-07-06 04:47:22,948 1 INFO my_database werkzeug: 172.18.0.1 - - [06/Jul/2026 04:47:22] "GET /web/assets/b8a256c/web.assets_frontend.min.css HTTP/1.1" 200 - 14 0.113 9.538
2026-07-06 04:47:23,203 1 INFO my_database werkzeug: 172.18.0.1 - - [06/Jul/2026 04:47:23] "GET /web/assets/de29240/web.assets_frontend_minimal.min.js HTTP/1.1" 200 - 5 0.013 0.212
2026-07-06 04:47:26,593 1 INFO my_database werkzeug: 172.18.0.1 - - [06/Jul/2026 04:47:26] "GET /odoo HTTP/1.1" 200 - 76 0.166 49.681
2026-07-06 04:47:31,176 1 INFO my_database werkzeug: 172.18.0.1 - - [06/Jul/2026 04:47:31] "GET /odoo HTTP/1.1" 200 - 50 0.096 49.845
2026-07-06 04:47:41,722 1 INFO ? werkzeug: 172.18.0.1 - - [06/Jul/2026 04:47:41] "GET /web/static/src/libs/fontawesome/fonts/fontawesome-webfont.woff2?v=4.7.0 HTTP/1.1" 200 - 1 0.009 28.421
2026-07-06 04:47:41,910 1 INFO ? werkzeug: 172.18.0.1 - - [06/Jul/2026 04:47:41] "GET /web/static/img/favicon.ico HTTP/1.1" 200 - 1 0.006 0.107
2026-07-06 04:47:49,179 1 INFO my_database werkzeug: 172.18.0.1 - - [06/Jul/2026 04:47:49] "GET /odoo HTTP/1.1" 200 - 37 0.102 37.066
2026-07-06 04:48:02,673 1 INFO my_database odoo.addons.base.models.assetsbundle: Generating a new asset bundle attachment /web/assets/87e71a3/web.assets_frontend_lazy.min.js (id:33) 
2026-07-06 04:48:02,677 1 INFO my_database odoo.addons.base.models.assetsbundle: Deleting attachments [16] (matching /web/assets/_______/web.assets_frontend_lazy.min.js) because it was replaced with /web/assets/87e71a3/web.assets_frontend_lazy.min.js 
2026-07-06 04:48:03,448 1 INFO my_database werkzeug: 172.18.0.1 - - [06/Jul/2026 04:48:03] "GET /web/assets/87e71a3/web.assets_frontend_lazy.min.js HTTP/1.1" 200 - 12 0.042 21.613
2026-07-06 04:48:03,829 1 INFO my_database werkzeug: 172.18.0.1 - - [06/Jul/2026 04:48:03] "GET /website/translations?hash=&lang= HTTP/1.1" 200 - 6 0.013 0.075
2026-07-06 05:26:27,852 1 INFO my_database odoo.addons.base.models.ir_cron: Job 'Notification: Notify scheduled messages' (8) starting 
2026-07-06 05:26:27,986 1 INFO my_database odoo.addons.base.models.ir_cron: Job 'Notification: Notify scheduled messages' (8) fully done (#loop 1; done 0; remaining 0; duration 0.14s) 
2026-07-06 05:26:28,004 1 INFO my_database odoo.addons.base.models.ir_cron: Job 'Mail: Email Queue Manager' (3) starting 
2026-07-06 05:26:28,037 1 INFO my_database odoo.addons.base.models.ir_cron: Job 'Mail: Email Queue Manager' (3) fully done (#loop 1; done 0; remaining 0; duration 0.03s) 
2026-07-06 09:30:28,107 1 INFO my_database odoo.addons.base.models.res_device: User 2 inserts device log (JiT1kZ-xBEcmJ352R-Xo3-TlxSdp9jI_hwP3RW1-dd) 
2026-07-06 09:30:28,297 1 INFO my_database werkzeug: 172.18.0.1 - - [06/Jul/2026 09:30:28] "GET /odoo/apps HTTP/1.1" 200 - 24 0.108 0.308
2026-07-06 09:30:28,523 1 INFO my_database werkzeug: 172.18.0.1 - - [06/Jul/2026 09:30:28] "GET /web/assets/ae20a49/web.assets_web.min.css HTTP/1.1" 200 - 3 0.022 0.178
2026-07-06 09:30:28,659 1 INFO my_database werkzeug: 172.18.0.1 - - [06/Jul/2026 09:30:28] "GET /web/manifest.webmanifest HTTP/1.1" 200 - 15 0.122 0.198
2026-07-06 09:30:28,755 1 INFO my_database werkzeug: 172.18.0.1 - - [06/Jul/2026 09:30:28] "GET /web/webclient/load_menus HTTP/1.1" 200 - 16 0.125 0.302
2026-07-06 09:30:28,756 1 INFO my_database werkzeug: 172.18.0.1 - - [06/Jul/2026 09:30:28] "GET /web/assets/2d2358f/web.assets_web_print.min.css HTTP/1.1" 200 - 3 0.014 0.053
2026-07-06 09:30:30,231 1 INFO my_database werkzeug: 172.18.0.1 - - [06/Jul/2026 09:30:30] "GET /web/assets/7e2b59a/web.assets_web.min.js HTTP/1.1" 200 - 3 0.025 1.882
2026-07-06 09:30:30,911 1 INFO my_database werkzeug: 172.18.0.1 - - [06/Jul/2026 09:30:30] "GET /web/webclient/translations?hash=&lang=en_US HTTP/1.1" 200 - 1 0.002 0.197
2026-07-06 09:30:31,094 1 INFO my_database werkzeug: 172.18.0.1 - - [06/Jul/2026 09:30:31] "GET /bus/websocket_worker_bundle?v=saas-18.4-2 HTTP/1.1" 304 - 4 0.020 0.146
2026-07-06 09:30:31,237 1 INFO my_database werkzeug: 172.18.0.1 - - [06/Jul/2026 09:30:31] "GET /web/image?model=res.users&field=avatar_128&id=2 HTTP/1.1" 304 - 15 0.080 0.086
2026-07-06 09:30:31,247 1 INFO my_database werkzeug: 172.18.0.1 - - [06/Jul/2026 09:30:31] "GET /web/image/res.partner/3/avatar_128?unique=1783050980000 HTTP/1.1" 200 - 11 0.120 0.059
2026-07-06 09:30:31,259 1 INFO my_database werkzeug: 172.18.0.1 - - [06/Jul/2026 09:30:31] "POST /web/action/load HTTP/1.1" 200 - 11 0.136 0.050
2026-07-06 09:30:31,286 1 INFO my_database werkzeug: 172.18.0.1 - - [06/Jul/2026 09:30:31] "GET /websocket?version=saas-18.4-2 HTTP/1.1" 101 - 1 0.023 0.129
2026-07-06 09:30:31,343 1 INFO my_database werkzeug: 172.18.0.1 - - [06/Jul/2026 09:30:31] "POST /mail/data HTTP/1.1" 200 - 23 0.163 0.074
2026-07-06 09:30:31,529 1 INFO my_database werkzeug: 172.18.0.1 - - [06/Jul/2026 09:30:31] "POST /web/dataset/call_kw/ir.module.module/get_views#ir.module.module.get_views HTTP/1.1" 200 - 45 0.143 0.111
2026-07-06 09:30:31,566 1 INFO my_database werkzeug: 172.18.0.1 - - [06/Jul/2026 09:30:31] "POST /web/dataset/call_kw/ir.module.module/search_panel_select_range#ir.module.module.search_panel_select_range HTTP/1.1" 200 - 1 0.003 0.019
2026-07-06 09:30:31,686 1 INFO ? odoo.addons.bus.models.bus: Bus.loop listen imbus on db postgres 
2026-07-06 09:30:31,748 1 INFO my_database werkzeug: 172.18.0.1 - - [06/Jul/2026 09:30:31] "POST /web/dataset/call_kw/ir.module.module/search_panel_select_range#ir.module.module.search_panel_select_range HTTP/1.1" 200 - 42 0.128 0.074
2026-07-06 09:30:33,123 1 INFO my_database werkzeug: 172.18.0.1 - - [06/Jul/2026 09:30:33] "POST /web/dataset/call_kw/ir.module.module/web_search_read#ir.module.module.web_search_read HTTP/1.1" 200 - 4 0.036 1.531
2026-07-06 09:30:33,319 1 INFO my_database werkzeug: 172.18.0.1 - - [06/Jul/2026 09:30:33] "GET /web/service-worker.js HTTP/1.1" 200 - 1 0.003 0.121
2026-07-06 09:30:35,179 1 INFO my_database werkzeug: 172.18.0.1 - - [06/Jul/2026 09:30:35] "GET /web/image/res.partner/2/avatar_128?unique=1783070780000 HTTP/1.1" 200 - 7 0.018 0.077
2026-07-06 09:30:35,274 1 INFO my_database werkzeug: 172.18.0.1 - - [06/Jul/2026 09:30:35] "POST /mail/data HTTP/1.1" 200 - 39 0.122 0.056
2026-07-06 09:30:35,347 1 INFO my_database werkzeug: 172.18.0.1 - - [06/Jul/2026 09:30:35] "GET /web/image/discuss.channel/2/avatar_128?unique=8a9cfd5033bea8ffdd46be5176de401e7e8185e804f4f3b8f6a568225e032b4b6f421655cb1c7d79391f4d50caf1c9a60b7cc276488c132ea3dab3666a3c5e55 HTTP/1.1" 200 - 4 0.010 0.016
2026-07-06 09:30:35,354 1 INFO my_database werkzeug: 172.18.0.1 - - [06/Jul/2026 09:30:35] "GET /web/image/discuss.channel/1/avatar_128?unique=5178288ab37af3966c5c1a5296c3a211bb5fe1ce94d850f546e24132d6d82d36fbfa06d3642a19ccef883e9b8d7e234391b9d41fbf6dbb14c44a26502068bd79 HTTP/1.1" 200 - 4 0.011 0.021
2026-07-06 09:30:52,969 1 INFO my_database odoo.addons.base.models.ir_cron: Job 'Mail: Post scheduled messages' (7) starting 
2026-07-06 09:30:53,010 1 INFO my_database odoo.addons.mail.models.mail_scheduled_message: Posting 0 scheduled messages 
2026-07-06 09:30:53,019 1 INFO my_database odoo.addons.base.models.ir_cron: Job 'Mail: Post scheduled messages' (7) fully done (#loop 1; done 0; remaining 0; duration 0.05s) 
2026-07-06 09:30:53,034 1 INFO my_database odoo.addons.base.models.ir_cron: Job 'Notification: Notify scheduled messages' (8) starting 
2026-07-06 09:30:53,059 1 INFO my_database odoo.addons.base.models.ir_cron: Job 'Notification: Notify scheduled messages' (8) fully done (#loop 1; done 0; remaining 0; duration 0.02s) 
2026-07-06 09:30:53,074 1 INFO my_database odoo.addons.base.models.ir_cron: Job 'Mail: send web push notification' (9) starting 
2026-07-06 09:30:53,099 1 INFO my_database odoo.addons.base.models.ir_cron: Job 'Mail: send web push notification' (9) fully done (#loop 1; done 0; remaining 0; duration 0.03s) 
2026-07-06 09:30:53,113 1 INFO my_database odoo.addons.base.models.ir_cron: Job 'Discuss: channel member unmute' (10) starting 
2026-07-06 09:30:53,140 1 INFO my_database odoo.addons.base.models.ir_cron: Job 'Discuss: channel member unmute' (10) fully done (#loop 1; done 0; remaining 0; duration 0.03s) 
2026-07-06 09:30:53,154 1 INFO my_database odoo.addons.base.models.ir_cron: Job 'Discuss: users settings unmute' (11) starting 
2026-07-06 09:30:53,176 1 INFO my_database odoo.addons.base.models.ir_cron: Job 'Discuss: users settings unmute' (11) fully done (#loop 1; done 0; remaining 0; duration 0.02s) 
2026-07-06 09:30:53,190 1 INFO my_database odoo.addons.base.models.ir_cron: Job 'SMS: SMS Queue Manager' (13) starting 
2026-07-06 09:30:53,218 1 INFO my_database odoo.addons.base.models.ir_cron: Job 'SMS: SMS Queue Manager' (13) fully done (#loop 1; done 0; remaining 0; duration 0.03s) 
2026-07-06 09:30:53,233 1 INFO my_database odoo.addons.base.models.ir_cron: Job 'Snailmail: process letters queue' (14) starting 
2026-07-06 09:30:53,258 1 INFO my_database odoo.addons.base.models.ir_cron: Job 'Snailmail: process letters queue' (14) fully done (#loop 1; done 0; remaining 0; duration 0.03s) 
2026-07-06 09:30:53,272 1 INFO my_database odoo.addons.base.models.ir_cron: Job 'Procurement: run scheduler' (16) starting 
2026-07-06 09:30:53,404 1 INFO my_database odoo.addons.base.models.ir_cron: Job 'Procurement: run scheduler' (16) fully done (#loop 1; done 3; remaining 0; duration 0.13s) 
2026-07-06 09:30:53,421 1 INFO my_database odoo.addons.base.models.ir_cron: Job 'Mail: Email Queue Manager' (3) starting 
2026-07-06 09:30:53,454 1 INFO my_database odoo.addons.base.models.ir_cron: Job 'Mail: Email Queue Manager' (3) fully done (#loop 1; done 0; remaining 0; duration 0.03s) 
2026-07-06 09:30:53,469 1 INFO my_database odoo.addons.base.models.ir_cron: Job 'Users: Notify About Unregistered Users' (12) starting 
2026-07-06 09:30:53,501 1 INFO my_database odoo.addons.base.models.ir_cron: Job 'Users: Notify About Unregistered Users' (12) fully done (#loop 1; done 0; remaining 0; duration 0.03s) 
2026-07-06 10:26:01,651 1 INFO my_database odoo.addons.base.models.ir_cron: Job 'Notification: Notify scheduled messages' (8) starting 
2026-07-06 10:26:01,826 1 INFO my_database odoo.addons.base.models.ir_cron: Job 'Mail: Email Queue Manager' (3) starting 
2026-07-06 10:26:01,870 1 INFO my_database odoo.addons.base.models.ir_cron: Job 'Notification: Notify scheduled messages' (8) fully done (#loop 1; done 0; remaining 0; duration 0.22s) 
2026-07-06 10:26:01,886 1 INFO my_database odoo.addons.base.models.ir_cron: Job 'Mail: Email Queue Manager' (3) fully done (#loop 1; done 0; remaining 0; duration 0.06s) 
2026-07-06 10:50:07,128 1 INFO my_database odoo.addons.base.models.res_device: User 2 inserts device log (JiT1kZ-xBEcmJ352R-Xo3-TlxSdp9jI_hwP3RW1-dd) 
2026-07-06 11:20:19,306 1 INFO my_database werkzeug: 172.18.0.1 - - [06/Jul/2026 11:20:19] "GET /websocket?version=saas-18.4-2 HTTP/1.1" 101 - 2 0.014 1812.235
2026-07-06 11:21:18,541 1 INFO my_database werkzeug: 172.18.0.1 - - [06/Jul/2026 11:21:18] "POST /bus/has_missed_notifications HTTP/1.1" 200 - 2 0.011 0.044
2026-07-06 11:26:18,918 1 INFO my_database odoo.addons.base.models.ir_cron: Job 'Notification: Notify scheduled messages' (8) starting 
2026-07-06 11:26:19,056 1 INFO my_database odoo.addons.base.models.ir_cron: Job 'Notification: Notify scheduled messages' (8) fully done (#loop 1; done 0; remaining 0; duration 0.14s) 
2026-07-06 11:26:19,085 1 INFO my_database odoo.addons.base.models.ir_cron: Job 'Digest Emails' (15) starting 
2026-07-06 11:26:19,125 1 INFO my_database odoo.addons.base.models.ir_cron: Job 'Digest Emails' (15) fully done (#loop 1; done 0; remaining 0; duration 0.04s) 
2026-07-06 11:26:19,145 1 INFO my_database odoo.addons.base.models.ir_cron: Job 'Mail: Email Queue Manager' (3) starting 
2026-07-06 11:26:19,183 1 INFO my_database odoo.addons.base.models.ir_cron: Job 'Mail: Email Queue Manager' (3) fully done (#loop 1; done 0; remaining 0; duration 0.04s) 
2026-07-06 12:25:55,476 1 INFO my_database odoo.addons.base.models.ir_cron: Job 'Notification: Notify scheduled messages' (8) starting 
2026-07-06 12:25:55,598 1 INFO my_database odoo.addons.base.models.ir_cron: Job 'Notification: Notify scheduled messages' (8) fully done (#loop 1; done 0; remaining 0; duration 0.12s) 
2026-07-06 12:25:55,615 1 INFO my_database odoo.addons.base.models.ir_cron: Job 'Mail: Email Queue Manager' (3) starting 
2026-07-06 12:25:55,646 1 INFO my_database odoo.addons.base.models.ir_cron: Job 'Mail: Email Queue Manager' (3) fully done (#loop 1; done 0; remaining 0; duration 0.03s) 
2026-07-06 12:41:12,924 1 INFO my_database odoo.addons.base.models.ir_cron: Job 'Base: Auto-vacuum internal data' (1) starting 
2026-07-06 12:41:13,226 1 INFO my_database odoo.addons.base.models.res_users: GC 'auth_totp.device' delete 0 entries 
2026-07-06 12:41:13,378 1 INFO my_database odoo.addons.base.models.res_users: GC'd 0 user log entries 
2026-07-06 12:41:13,394 1 INFO my_database odoo.addons.sms.models.sms_sms: GC'd 0 sms marked for deletion 
2026-07-06 12:41:13,853 1 INFO my_database odoo.addons.base.models.ir_attachment: filestore gc 4 checked, 2 removed 
2026-07-06 12:41:14,090 1 INFO my_database odoo.addons.base.models.res_users: GC 'res.users.apikeys' delete 0 entries 
2026-07-06 12:41:14,106 1 INFO my_database odoo.addons.base.models.res_device: GC device logs delete 3 entries 
2026-07-06 12:41:14,221 1 INFO my_database odoo.addons.base.models.res_device: GC device logs delete 0 entries 
2026-07-06 12:41:14,243 1 INFO my_database odoo.addons.base.models.ir_cron: Job 'Base: Auto-vacuum internal data' (1) fully done (#loop 1; done 0; remaining 0; duration 1.32s) 
2026-07-06 12:41:14,258 1 INFO my_database odoo.addons.base.models.ir_cron: Job 'Base: Portal Users Deletion' (2) starting 
2026-07-06 12:41:14,284 1 INFO my_database odoo.addons.base.models.ir_cron: Job 'Base: Portal Users Deletion' (2) fully done (#loop 1; done 0; remaining 0; duration 0.03s) 
2026-07-06 13:11:14,138 1 INFO ? odoo.service.server: Initiating shutdown 
2026-07-06 13:11:14,140 1 INFO ? odoo.service.server: Hit CTRL-C again or send a second signal to force the shutdown. 
2026-07-06 13:11:14,372 1 INFO ? odoo.sql_db: ConnectionPool(read/write;used=0/count=0/max=64): Closed 4 connections  
2026-07-06 13:11:14,376 1 INFO ? odoo.service.server: cron0 max age (0s) reached, releasing connection. 
